OCR,Modèle,Texte_spacy,Longueur_spacy,Texte_modele,Longueur_modele,Différence
KRAKEN,enrichi_80-20,Caltica,7,Caltica,7,0
KRAKEN,enrichi_80-20,Darien,6,Darien,6,0
KRAKEN,enrichi_80-20,"Vrau
Darien",11,Darien,6,-5
KRAKEN,enrichi_80-20,I Quclques,10,Quclques,8,-2
KRAKEN,enrichi_80-20,Msagit,6,Msagit,6,0
KRAKEN,enrichi_80-20,Al Callicd,10,Callicd,7,-3
KRAKEN,enrichi_80-20,Callicd,7,Callicd,7,0
KRAKEN,enrichi_80-20,Callicd,7,Callicd,7,0
KRAKEN,enrichi_80-20,Contacter,9,Contacter,9,0
KRAKEN,enrichi_80-20,Hoivige,7,Hoivige,7,0
KRAKEN,enrichi_80-20,I Yolume,8,Yolume,6,-2
KRAKEN,enrichi_80-20,ROAA,4,ROAA,4,0
KRAKEN,enrichi_80-20,Mon Dieu !,10,Dieu,4,-6
KRAKEN,enrichi_80-20,Ccomprendra,11,Ccomprendra,11,0
KRAKEN,enrichi_80-20,Monsieur,8,Monsieur,8,0
KRAKEN,enrichi_80-20,M. Kandal,9,Kandal,6,-3
KRAKEN,enrichi_80-20,Cicorges,8,Cicorges,8,0
KRAKEN,enrichi_80-20,Randal,6,Randal,6,0
KRAKEN,enrichi_80-20,Louvez,6,Louvez,6,0
KRAKEN,enrichi_80-20,Loujours,8,Loujours,8,0
KRAKEN,enrichi_80-20,M. Randal,9,Randal,6,-3
KRAKEN,enrichi_80-20,Monsieur,8,Monsieur,8,0
KRAKEN,enrichi_80-20,Monsieur,8,Monsieur,8,0
KRAKEN,enrichi_80-20,M. Randal,9,Randal,6,-3
KRAKEN,enrichi_80-20,Jugor,5,Jugor,5,0
KRAKEN,enrichi_80-20,Dieu,4,Dieu,4,0
KRAKEN,enrichi_80-20,Note,4,Note,4,0
KRAKEN,enrichi_80-20,M. Randal,9,Randal,6,-3
KRAKEN,enrichi_80-20,Monsieurd,9,Monsieurd,9,0
KRAKEN,enrichi_80-20,Lerestituer,11,Lerestituer,11,0
KRAKEN,enrichi_80-20,Matheureusement,15,Matheureusement,15,0
KRAKEN,enrichi_80-20,Randal,6,Randal,6,0
KRAKEN,enrichi_80-20,Messieurs,9,Messieurs,9,0
KRAKEN,enrichi_80-20,da touetter,11,touetter,8,-3
KRAKEN,enrichi_80-20,Voleur,6,Voleur,6,0
KRAKEN,enrichi_80-20,le Voleur,9,Voleur,6,-3
KRAKEN,enrichi_80-20,Dentetre,8,Dentetre,8,0
KRAKEN,enrichi_80-20,Lecacur,7,Lecacur,7,0
KRAKEN,enrichi_80-20,Chevcus,7,Chevcus,7,0
KRAKEN,enrichi_80-20,Augustine,9,Augustine,9,0
KRAKEN,enrichi_80-20,JErles,6,JErles,6,0
KRAKEN,enrichi_80-20,Lecure,6,Lecure,6,0
KRAKEN,enrichi_80-20,Aurontun,8,Aurontun,8,0
KRAKEN,enrichi_80-20,Jappd-,6,Jappd-,6,0
KRAKEN,enrichi_80-20,Classe,6,Classe,6,0
KRAKEN,enrichi_80-20,Cher,4,Cher,4,0
KRAKEN,enrichi_80-20,Cornes,6,Cornes,6,0
KRAKEN,enrichi_80-20,Jene,4,Jene,4,0
KRAKEN,enrichi_80-20,Reurs,5,Reurs,5,0
KRAKEN,enrichi_80-20,Reirs,5,Reirs,5,0
KRAKEN,enrichi_80-20,Cambertd,8,Cambertd,8,0
KRAKEN,enrichi_80-20,Conndis p2s,11,Conndis,7,-4
KRAKEN,enrichi_80-20,Jésuites,9,Jésuites,9,0
KRAKEN,enrichi_80-20,Cammbetta,9,Cammbetta,9,0
KRAKEN,enrichi_80-20,Cambetta,8,Cambetta,8,0
KRAKEN,enrichi_80-20,Aujourdhui,10,Aujourdhui,10,0
KRAKEN,enrichi_80-20,Dureste,7,Dureste,7,0
KRAKEN,enrichi_80-20,Cammbettd,9,Cammbettd,9,0
KRAKEN,enrichi_80-20,Kacre,5,Kacre,5,0
KRAKEN,enrichi_80-20,Mne,3,Mne,3,0
KRAKEN,enrichi_80-20,Régime,7,Régime,7,0
KRAKEN,enrichi_80-20,Mldis,5,Mldis,5,0
KRAKEN,enrichi_80-20,Lelle,5,Lelle,5,0
KRAKEN,enrichi_80-20,Mdrge,5,Mdrge,5,0
KRAKEN,enrichi_80-20,Cst,3,Cst,3,0
KRAKEN,enrichi_80-20,Acjeuner,8,Acjeuner,8,0
KRAKEN,enrichi_80-20,Albert,6,Albert,6,0
KRAKEN,enrichi_80-20,Mtais,5,Mtais,5,0
KRAKEN,enrichi_80-20,Assis,5,Assis,5,0
KRAKEN,enrichi_80-20,Mdis,4,Mdis,4,0
KRAKEN,enrichi_80-20,M. Randal,9,Randal,6,-3
KRAKEN,enrichi_80-20,Monsieur,8,Monsieur,8,0
KRAKEN,enrichi_80-20,SOn Casque,10,Casque,6,-4
KRAKEN,enrichi_80-20,Jennesannees,12,Jennesannees,12,0
KRAKEN,enrichi_80-20,Arnasse,7,Arnasse,7,0
KRAKEN,enrichi_80-20,Victime,7,Victime,7,0
KRAKEN,enrichi_80-20,Lonne,5,Lonne,5,0
KRAKEN,enrichi_80-20,Me,2,Me,2,0
KRAKEN,enrichi_80-20,Mes,3,Mes,3,0
KRAKEN,enrichi_80-20,Mantiser,8,Mantiser,8,0
KRAKEN,enrichi_80-20,Caracteresoit,13,Caracteresoit,13,0
KRAKEN,enrichi_80-20,connditpoint i,14,connditpoint,12,-2
KRAKEN,enrichi_80-20,Quclques,8,Quclques,8,0
KRAKEN,enrichi_80-20,Morts,5,Morts,5,0
KRAKEN,enrichi_80-20,Condainne,9,Condainne,9,0
KRAKEN,enrichi_80-20,Gache,5,Gache,5,0
KRAKEN,enrichi_80-20,Comnme,6,Comnme,6,0
KRAKEN,enrichi_80-20,Ouest,5,Ouest,5,0
KRAKEN,enrichi_80-20,i md Srande,11,Srande,6,-5
KRAKEN,enrichi_80-20,JésusChrist,12,JésusChrist,12,0
KRAKEN,enrichi_80-20,Barbares,8,Barbares,8,0
KRAKEN,enrichi_80-20,Contre Cu,9,Contre,6,-3
KRAKEN,enrichi_80-20,Mdis,4,Mdis,4,0
KRAKEN,enrichi_80-20,Vatican,7,Vatican,7,0
KRAKEN,enrichi_80-20,Malherbe,8,Malherbe,8,0
KRAKEN,enrichi_80-20,"Mornes, im",10,Mornes,6,-4
KRAKEN,enrichi_80-20,Sagner,6,Sagner,6,0
KRAKEN,enrichi_80-20,Marottes,8,Marottes,8,0
KRAKEN,enrichi_80-20,Jescrre,7,Jescrre,7,0
KRAKEN,enrichi_80-20,Messicurs !,11,Messicurs,9,-2
KRAKEN,enrichi_80-20,Claudite jamt,13,Claudite,8,-5
KRAKEN,enrichi_80-20,Ratteur,7,Ratteur,7,0
KRAKEN,enrichi_80-20,Mon oncle,9,oncle,5,-4
KRAKEN,enrichi_80-20,Sd Ligure J,11,Ligure,6,-5
KRAKEN,enrichi_80-20,Accentdigu,10,Accentdigu,10,0
KRAKEN,enrichi_80-20,Peutetre,8,Peutetre,8,0
KRAKEN,enrichi_80-20,Aussl,5,Aussl,5,0
KRAKEN,enrichi_80-20,Voild,5,Voild,5,0
KRAKEN,enrichi_80-20,Chaussons,9,Chaussons,9,0
KRAKEN,enrichi_80-20,Me Mettrait,11,Mettrait,8,-3
KRAKEN,enrichi_80-20,ML,2,ML,2,0
KRAKEN,enrichi_80-20,M. Issacar,10,Issacar,7,-3
KRAKEN,enrichi_80-20,Sonne,5,Sonne,5,0
KRAKEN,enrichi_80-20,Certdin,7,Certdin,7,0
KRAKEN,enrichi_80-20,Ia Mordle,9,Mordle,6,-3
KRAKEN,enrichi_80-20,Conserve,8,Conserve,8,0
KRAKEN,enrichi_80-20,Coime,5,Coime,5,0
KRAKEN,enrichi_80-20,Cesoit,6,Cesoit,6,0
KRAKEN,enrichi_80-20,Marche,6,Marche,6,0
KRAKEN,enrichi_80-20,Chose,5,Chose,5,0
KRAKEN,enrichi_80-20,préparé,9,préparé,9,0
KRAKEN,enrichi_80-20,Crains,6,Crains,6,0
KRAKEN,enrichi_80-20,Cheveur,7,Cheveur,7,0
KRAKEN,enrichi_80-20,ISsacdt,7,ISsacdt,7,0
KRAKEN,enrichi_80-20,Cohtiendra,10,Cohtiendra,10,0
KRAKEN,enrichi_80-20,Mlais,5,Mlais,5,0
KRAKEN,enrichi_80-20,Charlotte,9,Charlotte,9,0
KRAKEN,enrichi_80-20,Peutetre,8,Peutetre,8,0
KRAKEN,enrichi_80-20,Mon oncle,9,oncle,5,-4
KRAKEN,enrichi_80-20,Mon oncle,9,oncle,5,-4
KRAKEN,enrichi_80-20,Cllesonne,9,Cllesonne,9,0
KRAKEN,enrichi_80-20,Criminci,8,Criminci,8,0
KRAKEN,enrichi_80-20,Jeur,4,Jeur,4,0
KRAKEN,enrichi_80-20,Sd Cassette,11,Cassette,8,-3
KRAKEN,enrichi_80-20,Commine,7,Commine,7,0
KRAKEN,enrichi_80-20,Comie,5,Comie,5,0
KRAKEN,enrichi_80-20,Ilreste,7,Ilreste,7,0
KRAKEN,enrichi_80-20,Caril,5,Caril,5,0
KRAKEN,enrichi_80-20,Appliquer,9,Appliquer,9,0
KRAKEN,enrichi_80-20,Mdsquent,8,Mdsquent,8,0
KRAKEN,enrichi_80-20,séniliré,10,séniliré,10,0
KRAKEN,enrichi_80-20,Joute,5,Joute,5,0
KRAKEN,enrichi_80-20,Stupide,7,Stupide,7,0
KRAKEN,enrichi_80-20,Jeutil,6,Jeutil,6,0
KRAKEN,enrichi_80-20,Lacon,5,Lacon,5,0
KRAKEN,enrichi_80-20,Manicurs dor,12,Manicurs,8,-4
KRAKEN,enrichi_80-20,Autie,5,Autie,5,0
KRAKEN,enrichi_80-20,abbe Eamargelle,15,Eamargelle,10,-5
KRAKEN,enrichi_80-20,Couvrait AI,11,Couvrait,8,-3
KRAKEN,enrichi_80-20,Crreurs,7,Crreurs,7,0
KRAKEN,enrichi_80-20,Morts,5,Morts,5,0
KRAKEN,enrichi_80-20,Cuments,7,Cuments,7,0
KRAKEN,enrichi_80-20,d Mnesure,9,Mnesure,7,-2
KRAKEN,enrichi_80-20,Widis,5,Widis,5,0
KRAKEN,enrichi_80-20,Jaunis,6,Jaunis,6,0
KRAKEN,enrichi_80-20,Mlain-,6,Mlain-,6,0
KRAKEN,enrichi_80-20,Oncle,5,Oncle,5,0
KRAKEN,enrichi_80-20,Masoses,7,Masoses,7,0
KRAKEN,enrichi_80-20,Ilelas,6,Ilelas,6,0
KRAKEN,enrichi_80-20,Gucule,6,Gucule,6,0
KRAKEN,enrichi_80-20,A Menteur!,10,Menteur,7,-3
KRAKEN,enrichi_80-20,Voleur!,7,Voleur,6,-1
KRAKEN,enrichi_80-20,"sd
Mature",9,Mature,6,-3
KRAKEN,enrichi_80-20,Mon oncle,9,oncle,5,-4
KRAKEN,enrichi_80-20,Respect,7,Respect,7,0
KRAKEN,enrichi_80-20,Respect,7,Respect,7,0
KRAKEN,enrichi_80-20,Montarenil,10,Montarenil,10,0
KRAKEN,enrichi_80-20,Marguerite,10,Marguerite,10,0
KRAKEN,enrichi_80-20,Hme Montarcuil,14,Montarcuil,10,-4
KRAKEN,enrichi_80-20,Mtme Mlontarenil,16,Mlontarenil,11,-5
KRAKEN,enrichi_80-20,Charlotte,9,Charlotte,9,0
KRAKEN,enrichi_80-20,Monsieur,8,Monsieur,8,0
KRAKEN,enrichi_80-20,Monsieur,8,Monsieur,8,0
KRAKEN,enrichi_80-20,Monsieur,8,Monsieur,8,0
KRAKEN,enrichi_80-20,Charlotte,9,Charlotte,9,0
KRAKEN,enrichi_80-20,Gooie,5,Gooie,5,0
KRAKEN,enrichi_80-20,Wime Montarcuil,15,Montarcuil,10,-5
KRAKEN,enrichi_80-20,Marguerite,10,Marguerite,10,0
KRAKEN,enrichi_80-20,Monsicur,8,Monsicur,8,0
KRAKEN,enrichi_80-20,Margoi,6,Margoi,6,0
KRAKEN,enrichi_80-20,Mme Montareuil,14,Montareuil,10,-4
KRAKEN,enrichi_80-20,Cher,4,Cher,4,0
KRAKEN,enrichi_80-20,Ceeles,6,Ceeles,6,0
KRAKEN,enrichi_80-20,Desbalayeursontdonne,20,Desbalayeursontdonne,20,0
KRAKEN,enrichi_80-20,Cher,4,Cher,4,0
KRAKEN,enrichi_80-20,Mme Montareuil,14,Montareuil,10,-4
KRAKEN,enrichi_80-20,Warguerite,10,Warguerite,10,0
KRAKEN,enrichi_80-20,Setre,5,Setre,5,0
KRAKEN,enrichi_80-20,Qudtre,6,Qudtre,6,0
KRAKEN,enrichi_80-20,Mtme,4,Mtme,4,0
KRAKEN,enrichi_80-20,Montarenil,10,Montarenil,10,0
KRAKEN,enrichi_80-20,Vsurier,7,Vsurier,7,0
KRAKEN,enrichi_80-20,Digestion,9,Digestion,9,0
KRAKEN,enrichi_80-20,Mme Montareuil,14,Montareuil,10,-4
KRAKEN,enrichi_80-20,Conl,4,Conl,4,0
KRAKEN,enrichi_80-20,Charlotte,9,Charlotte,9,0
KRAKEN,enrichi_80-20,Charlotte,9,Charlotte,9,0
KRAKEN,enrichi_80-20,Charlotte I,11,Charlotte,9,-2
KRAKEN,enrichi_80-20,Peutetre,8,Peutetre,8,0
KRAKEN,enrichi_80-20,Yme Montareuil,14,Montareuil,10,-4
KRAKEN,enrichi_80-20,Ceaur,5,Ceaur,5,0
KRAKEN,enrichi_80-20,aton,4,aton,4,0
KRAKEN,enrichi_80-20,Mfine,5,Mfine,5,0
KRAKEN,enrichi_80-20,Chabirude,9,Chabirude,9,0
KRAKEN,enrichi_80-20,Caste,5,Caste,5,0
KRAKEN,enrichi_80-20,Courait,7,Courait,7,0
KRAKEN,enrichi_80-20,Calmner,7,Calmner,7,0
KRAKEN,enrichi_80-20,Aujourdhui,10,Aujourdhui,10,0
KRAKEN,enrichi_80-20,sd Montre,9,Montre,6,-3
KRAKEN,enrichi_80-20,Ft Charlotte,12,Charlotte,9,-3
KRAKEN,enrichi_80-20,Charlotte,9,Charlotte,9,0
KRAKEN,enrichi_80-20,Sourires,8,Sourires,8,0
KRAKEN,enrichi_80-20,Cher,4,Cher,4,0
KRAKEN,enrichi_80-20,Charlotte,9,Charlotte,9,0
KRAKEN,enrichi_80-20,Verdiet,7,Verdiet,7,0
KRAKEN,enrichi_80-20,Mtais,5,Mtais,5,0
KRAKEN,enrichi_80-20,Charlotte,9,Charlotte,9,0
KRAKEN,enrichi_80-20,Coime,5,Coime,5,0
KRAKEN,enrichi_80-20,Genouy,6,Genouy,6,0
KRAKEN,enrichi_80-20,Amnour,6,Amnour,6,0
KRAKEN,enrichi_80-20,Amnour,6,Amnour,6,0
KRAKEN,enrichi_80-20,Comnine,7,Comnine,7,0
KRAKEN,enrichi_80-20,Charlotte,9,Charlotte,9,0
KRAKEN,enrichi_80-20,Charlotte,9,Charlotte,9,0
KRAKEN,enrichi_80-20,Charlotte,9,Charlotte,9,0
KRAKEN,enrichi_80-20,Charlotte,9,Charlotte,9,0
KRAKEN,enrichi_80-20,Charlotte,9,Charlotte,9,0
KRAKEN,enrichi_80-20,Edouaril,8,Edouaril,8,0
KRAKEN,enrichi_80-20,Charlotte,9,Charlotte,9,0
KRAKEN,enrichi_80-20,u Ohl,5,Ohl,3,-2
KRAKEN,enrichi_80-20,Charlotte,9,Charlotte,9,0
KRAKEN,enrichi_80-20,- Ouil,6,Ouil,4,-2
KRAKEN,enrichi_80-20,Mon oncle,9,oncle,5,-4
KRAKEN,enrichi_80-20,Charlotte,9,Charlotte,9,0
KRAKEN,enrichi_80-20,Charlotte,9,Charlotte,9,0
KRAKEN,enrichi_80-20,Lencr,5,Lencr,5,0
KRAKEN,enrichi_80-20,Charlotte,9,Charlotte,9,0
KRAKEN,enrichi_80-20,Comporter,9,Comporter,9,0
KRAKEN,enrichi_80-20,Cliarlotte,10,Cliarlotte,10,0
KRAKEN,enrichi_80-20,Nere,4,Nere,4,0
KRAKEN,enrichi_80-20,Ceorges !,9,Ceorges,7,-2
KRAKEN,enrichi_80-20,Moe Montareuil,14,Montareuil,10,-4
KRAKEN,enrichi_80-20,Gette,5,Gette,5,0
KRAKEN,enrichi_80-20,i Ilfallait,11,Ilfallait,9,-2
KRAKEN,enrichi_80-20,Cetteloi,8,Cetteloi,8,0
KRAKEN,enrichi_80-20,Charlotte,9,Charlotte,9,0
KRAKEN,enrichi_80-20,Gucule,6,Gucule,6,0
KRAKEN,enrichi_80-20,Charlotte,9,Charlotte,9,0
KRAKEN,enrichi_80-20,Ohl,3,Ohl,3,0
KRAKEN,enrichi_80-20,Charlotte,9,Charlotte,9,0
KRAKEN,enrichi_80-20,Charlotte,9,Charlotte,9,0
KRAKEN,enrichi_80-20,Morte,5,Morte,5,0
KRAKEN,enrichi_80-20,Vatenl,6,Vatenl,6,0
KRAKEN,enrichi_80-20,Laut,4,Laut,4,0
KRAKEN,enrichi_80-20,Cher,4,Cher,4,0
KRAKEN,enrichi_80-20,Htue Charlotte,14,Charlotte,9,-5
KRAKEN,enrichi_80-20,Crains,6,Crains,6,0
KRAKEN,enrichi_80-20,"Che
monsieur",12,monsieur,8,-4
KRAKEN,enrichi_80-20,"cn
Marche",9,Marche,6,-3
KRAKEN,enrichi_80-20,Accapd,6,Accapd,6,0
KRAKEN,enrichi_80-20,Cambrioleur,11,Cambrioleur,11,0
KRAKEN,enrichi_80-20,Jesus,5,Jesus,5,0
KRAKEN,enrichi_80-20,Reurs,5,Reurs,5,0
KRAKEN,enrichi_80-20,Cesont,6,Cesont,6,0
KRAKEN,enrichi_80-20,Lequel,6,Lequel,6,0
KRAKEN,enrichi_80-20,Centaine,8,Centaine,8,0
KRAKEN,enrichi_80-20,Monsieur,8,Monsieur,8,0
KRAKEN,enrichi_80-20,Meu-,4,Meu-,4,0
KRAKEN,enrichi_80-20,Chamanite,9,Chamanite,9,0
KRAKEN,enrichi_80-20,Mtopistes,9,Mtopistes,9,0
KRAKEN,enrichi_80-20,Comlne,6,Comlne,6,0
KRAKEN,enrichi_80-20,Lerendrd,8,Lerendrd,8,0
KRAKEN,enrichi_80-20,Carlyle,7,Carlyle,7,0
KRAKEN,enrichi_80-20,Crimincl,8,Crimincl,8,0
KRAKEN,enrichi_80-20,Europe,6,Europe,6,0
KRAKEN,enrichi_80-20,Leciel,6,Leciel,6,0
KRAKEN,enrichi_80-20,Cerespect,9,Cerespect,9,0
KRAKEN,enrichi_80-20,Kgure,5,Kgure,5,0
KRAKEN,enrichi_80-20,Czacte,6,Czacte,6,0
KRAKEN,enrichi_80-20,A Gunne,7,Gunne,5,-2
KRAKEN,enrichi_80-20,Liser laen,10,Liser,5,-5
KRAKEN,enrichi_80-20,Compen,6,Compen,6,0
KRAKEN,enrichi_80-20,Méanmoins,10,Méanmoins,10,0
KRAKEN,enrichi_80-20,Mlangerson,10,Mlangerson,10,0
KRAKEN,enrichi_80-20,Jéremie,8,Jéremie,8,0
KRAKEN,enrichi_80-20,Aujourdhui,10,Aujourdhui,10,0
KRAKEN,enrichi_80-20,Cominent,8,Cominent,8,0
KRAKEN,enrichi_80-20,Jusquici,8,Jusquici,8,0
KRAKEN,enrichi_80-20,Souvener,8,Souvener,8,0
KRAKEN,enrichi_80-20,Compardison,11,Compardison,11,0
KRAKEN,enrichi_80-20,Comine,6,Comine,6,0
KRAKEN,enrichi_80-20,Cinporter,9,Cinporter,9,0
KRAKEN,enrichi_80-20,Convaincues,11,Convaincues,11,0
KRAKEN,enrichi_80-20,Reuries,7,Reuries,7,0
KRAKEN,enrichi_80-20,A Notrei,8,Notrei,6,-2
KRAKEN,enrichi_80-20,Suisse,6,Suisse,6,0
KRAKEN,enrichi_80-20,Londres,7,Londres,7,0
KRAKEN,enrichi_80-20,Mlais,5,Mlais,5,0
KRAKEN,enrichi_80-20,Contretacteurs,14,Contretacteurs,14,0
KRAKEN,enrichi_80-20,Rurions,7,Rurions,7,0
KRAKEN,enrichi_80-20,Journal,7,Journal,7,0
KRAKEN,enrichi_80-20,Ranc,4,Ranc,4,0
KRAKEN,enrichi_80-20,SAnS Tache,10,Tache,5,-5
KRAKEN,enrichi_80-20,Austriel,8,Austriel,8,0
KRAKEN,enrichi_80-20,Essacar,7,Essacar,7,0
KRAKEN,enrichi_80-20,Chaisc,6,Chaisc,6,0
KRAKEN,enrichi_80-20,Monsieur,8,Monsieur,8,0
KRAKEN,enrichi_80-20,ML,2,ML,2,0
KRAKEN,enrichi_80-20,Mon Dien,8,Dien,4,-4
KRAKEN,enrichi_80-20,Mton Dieu !,11,Dieu,4,-7
KRAKEN,enrichi_80-20,Monsieur,8,Monsieur,8,0
KRAKEN,enrichi_80-20,Arouer,6,Arouer,6,0
KRAKEN,enrichi_80-20,Monsieur,8,Monsieur,8,0
KRAKEN,enrichi_80-20,Assurer,7,Assurer,7,0
KRAKEN,enrichi_80-20,Monsicur,8,Monsicur,8,0
KRAKEN,enrichi_80-20,Mon Dicu !,10,Dicu,4,-6
KRAKEN,enrichi_80-20,Caucase,7,Caucase,7,0
KRAKEN,enrichi_80-20,M. Randal,9,Randal,6,-3
KRAKEN,enrichi_80-20,Monsicur!,9,Monsicur,8,-1
KRAKEN,enrichi_80-20,Monsicur,8,Monsicur,8,0
KRAKEN,enrichi_80-20,Randal,6,Randal,6,0
KRAKEN,enrichi_80-20,M. Randal,9,Randal,6,-3
KRAKEN,enrichi_80-20,Manufacturier,13,Manufacturier,13,0
KRAKEN,enrichi_80-20,Issacar,7,Issacar,7,0
KRAKEN,enrichi_80-20,Banques,7,Banques,7,0
KRAKEN,enrichi_80-20,Me,2,Me,2,0
KRAKEN,enrichi_80-20,Banques,7,Banques,7,0
KRAKEN,enrichi_80-20,Cher,4,Cher,4,0
KRAKEN,enrichi_80-20,Isacar,6,Isacar,6,0
KRAKEN,enrichi_80-20,M. Randal,9,Randal,6,-3
KRAKEN,enrichi_80-20,Darbroek,8,Darbroek,8,0
KRAKEN,enrichi_80-20,Essacar,7,Essacar,7,0
KRAKEN,enrichi_80-20,Sentiments,10,Sentiments,10,0
KRAKEN,enrichi_80-20,"E
 Comine",9,Comine,6,-3
KRAKEN,enrichi_80-20,Ranclle,7,Ranclle,7,0
KRAKEN,enrichi_80-20,Monsicur,8,Monsicur,8,0
KRAKEN,enrichi_80-20,Mlinuit,7,Mlinuit,7,0
KRAKEN,enrichi_80-20,Vule,4,Vule,4,0
KRAKEN,enrichi_80-20,Darbrock,8,Darbrock,8,0
KRAKEN,enrichi_80-20,Monsieur,8,Monsieur,8,0
KRAKEN,enrichi_80-20,Rogetld,7,Rogetld,7,0
KRAKEN,enrichi_80-20,Anlquelle,9,Anlquelle,9,0
KRAKEN,enrichi_80-20,Issacar,7,Issacar,7,0
KRAKEN,enrichi_80-20,Rair,4,Rair,4,0
KRAKEN,enrichi_80-20,Rotte,5,Rotte,5,0
KRAKEN,enrichi_80-20,Couvent,7,Couvent,7,0
KRAKEN,enrichi_80-20,Aujourdhu,9,Aujourdhu,9,0
KRAKEN,enrichi_80-20,Chasse Cs,9,Chasse,6,-3
KRAKEN,enrichi_80-20,Ingres,6,Ingres,6,0
KRAKEN,enrichi_80-20,Cetettet,8,Cetettet,8,0
KRAKEN,enrichi_80-20,Vichy,5,Vichy,5,0
KRAKEN,enrichi_80-20,Chanoine,8,Chanoine,8,0
KRAKEN,enrichi_80-20,Crucikr,7,Crucikr,7,0
KRAKEN,enrichi_80-20,Scapulaire,10,Scapulaire,10,0
KRAKEN,enrichi_80-20,Vichy,5,Vichy,5,0
KRAKEN,enrichi_80-20,Broussaille,11,Broussaille,11,0
KRAKEN,enrichi_80-20,Londres,7,Londres,7,0
KRAKEN,enrichi_80-20,Alheure,7,Alheure,7,0
KRAKEN,enrichi_80-20,Ahlil,5,Ahlil,5,0
KRAKEN,enrichi_80-20,Retizons,8,Retizons,8,0
KRAKEN,enrichi_80-20,Poissy,6,Poissy,6,0
KRAKEN,enrichi_80-20,Chaussons,9,Chaussons,9,0
KRAKEN,enrichi_80-20,Cendre,6,Cendre,6,0
KRAKEN,enrichi_80-20,Montons,7,Montons,7,0
KRAKEN,enrichi_80-20,Chammbre,8,Chammbre,8,0
KRAKEN,enrichi_80-20,Cnjambe,7,Cnjambe,7,0
KRAKEN,enrichi_80-20,Gauche,6,Gauche,6,0
KRAKEN,enrichi_80-20,Mercure,7,Mercure,7,0
KRAKEN,enrichi_80-20,Cescrait,8,Cescrait,8,0
KRAKEN,enrichi_80-20,Sauts,5,Sauts,5,0
KRAKEN,enrichi_80-20,Serrure,7,Serrure,7,0
KRAKEN,enrichi_80-20,Roger,5,Roger,5,0
KRAKEN,enrichi_80-20,Qui Sourit,10,Sourit,6,-4
KRAKEN,enrichi_80-20,Assis,5,Assis,5,0
KRAKEN,enrichi_80-20,Me,2,Me,2,0
KRAKEN,enrichi_80-20,Delpich,7,Delpich,7,0
KRAKEN,enrichi_80-20,Chaufons,8,Chaufons,8,0
KRAKEN,enrichi_80-20,Cottre,6,Cottre,6,0
KRAKEN,enrichi_80-20,Kgure,5,Kgure,5,0
KRAKEN,enrichi_80-20,Mne Ailumetre,13,Ailumetre,9,-4
KRAKEN,enrichi_80-20,Roger,5,Roger,5,0
KRAKEN,enrichi_80-20,Broussaille,11,Broussaille,11,0
KRAKEN,enrichi_80-20,Cemo,4,Cemo,4,0
KRAKEN,enrichi_80-20,Rogetld-,8,Rogetld-,8,0
KRAKEN,enrichi_80-20,Couchette,9,Couchette,9,0
KRAKEN,enrichi_80-20,Candlarro,9,Candlarro,9,0
KRAKEN,enrichi_80-20,Bourges,7,Bourges,7,0
KRAKEN,enrichi_80-20,Chatedurouz,11,Chatedurouz,11,0
KRAKEN,enrichi_80-20,Confreres,9,Confreres,9,0
KRAKEN,enrichi_80-20,Lait,4,Lait,4,0
KRAKEN,enrichi_80-20,"S2
Complaisance",15,Complaisance,12,-3
KRAKEN,enrichi_80-20,i Nation,8,Nation,6,-2
KRAKEN,enrichi_80-20,Cottres,7,Cottres,7,0
KRAKEN,enrichi_80-20,Jenesdis,8,Jenesdis,8,0
KRAKEN,enrichi_80-20,Roster,6,Roster,6,0
KRAKEN,enrichi_80-20,Londres,7,Londres,7,0
KRAKEN,enrichi_80-20,Montons,7,Montons,7,0
KRAKEN,enrichi_80-20,Monsieur,8,Monsieur,8,0
KRAKEN,enrichi_80-20,Continue,8,Continue,8,0
KRAKEN,enrichi_80-20,Mlais,5,Mlais,5,0
KRAKEN,enrichi_80-20,Sa45 Couleur,12,Couleur,7,-5
KRAKEN,enrichi_80-20,Kgure,5,Kgure,5,0
KRAKEN,enrichi_80-20,Conndisser pa5,14,Conndisser,10,-4
KRAKEN,enrichi_80-20,Rent,4,Rent,4,0
KRAKEN,enrichi_80-20,Voild,5,Voild,5,0
KRAKEN,enrichi_80-20,Voild,5,Voild,5,0
KRAKEN,enrichi_80-20,Auxmdins,8,Auxmdins,8,0
KRAKEN,enrichi_80-20,Changeront,10,Changeront,10,0
KRAKEN,enrichi_80-20,Cestaussi,9,Cestaussi,9,0
KRAKEN,enrichi_80-20,Pourld,6,Pourld,6,0
KRAKEN,enrichi_80-20,la Chine,8,Chine,5,-3
KRAKEN,enrichi_80-20,Monsicur,8,Monsicur,8,0
KRAKEN,enrichi_80-20,L'Asiatique,11,Asiatique,9,-2
KRAKEN,enrichi_80-20,Jaunes,6,Jaunes,6,0
KRAKEN,enrichi_80-20,Coime,5,Coime,5,0
KRAKEN,enrichi_80-20,Nominatives,11,Nominatives,11,0
KRAKEN,enrichi_80-20,Acie Mlincure,13,Mlincure,8,-5
KRAKEN,enrichi_80-20,Voild,5,Voild,5,0
KRAKEN,enrichi_80-20,Paternoster,11,Paternoster,11,0
KRAKEN,enrichi_80-20,Conctionndires,14,Conctionndires,14,0
KRAKEN,enrichi_80-20,Ia Chdine,9,Chdine,6,-3
KRAKEN,enrichi_80-20,Messieurs,9,Messieurs,9,0
KRAKEN,enrichi_80-20,Renie,5,Renie,5,0
KRAKEN,enrichi_80-20,Patet-,6,Patet-,6,0
KRAKEN,enrichi_80-20,AUront,6,AUront,6,0
KRAKEN,enrichi_80-20,Roger,5,Roger,5,0
KRAKEN,enrichi_80-20,Paternoster,11,Paternoster,11,0
KRAKEN,enrichi_80-20,Paternoster,11,Paternoster,11,0
KRAKEN,enrichi_80-20,Dieu !,6,Dieu,4,-2
KRAKEN,enrichi_80-20,Paternoster,11,Paternoster,11,0
KRAKEN,enrichi_80-20,Crapule,7,Crapule,7,0
KRAKEN,enrichi_80-20,Broussaille,11,Broussaille,11,0
KRAKEN,enrichi_80-20,Lecab hle,9,Lecab,5,-4
KRAKEN,enrichi_80-20,Roger,5,Roger,5,0
KRAKEN,enrichi_80-20,Broussaille,11,Broussaille,11,0
KRAKEN,enrichi_80-20,Broussaille 2,13,Broussaille,11,-2
KRAKEN,enrichi_80-20,i Roger,7,Roger,5,-2
KRAKEN,enrichi_80-20,Jesais,6,Jesais,6,0
KRAKEN,enrichi_80-20,Retedisque Ga,13,Retedisque,10,-3
KRAKEN,enrichi_80-20,Mlais,5,Mlais,5,0
KRAKEN,enrichi_80-20,Broussaille,11,Broussaille,11,0
KRAKEN,enrichi_80-20,Soinines,8,Soinines,8,0
KRAKEN,enrichi_80-20,Londres,7,Londres,7,0
KRAKEN,enrichi_80-20,Randal,6,Randal,6,0
KRAKEN,enrichi_80-20,"Monsieurd
 ",11,Monsieurd,9,-2
KRAKEN,enrichi_80-20,Broussaille,11,Broussaille,11,0
KRAKEN,enrichi_80-20,Broussaille,11,Broussaille,11,0
KRAKEN,enrichi_80-20,Court,5,Court,5,0
KRAKEN,enrichi_80-20,Compardisons,12,Compardisons,12,0
KRAKEN,enrichi_80-20,Brous-,6,Brous-,6,0
KRAKEN,enrichi_80-20,Masse,5,Masse,5,0
KRAKEN,enrichi_80-20,Comine,6,Comine,6,0
KRAKEN,enrichi_80-20,Mature,6,Mature,6,0
KRAKEN,enrichi_80-20,Juit,4,Juit,4,0
KRAKEN,enrichi_80-20,Randal,6,Randal,6,0
KRAKEN,enrichi_80-20,Broussaille,11,Broussaille,11,0
KRAKEN,enrichi_80-20,Roger,5,Roger,5,0
KRAKEN,enrichi_80-20,Juif,4,Juif,4,0
KRAKEN,enrichi_80-20,Broussaille,11,Broussaille,11,0
KRAKEN,enrichi_80-20,Etla Justice,12,Justice,7,-5
KRAKEN,enrichi_80-20,Cesouci,7,Cesouci,7,0
KRAKEN,enrichi_80-20,Gislateurs,10,Gislateurs,10,0
KRAKEN,enrichi_80-20,Conso-,6,Conso-,6,0
KRAKEN,enrichi_80-20,Broussaille,11,Broussaille,11,0
KRAKEN,enrichi_80-20,Mancuvres,9,Mancuvres,9,0
KRAKEN,enrichi_80-20,Canon,5,Canon,5,0
KRAKEN,enrichi_80-20,Rier,4,Rier,4,0
KRAKEN,enrichi_80-20,Cazenne,7,Cazenne,7,0
KRAKEN,enrichi_80-20,Suisse,6,Suisse,6,0
KRAKEN,enrichi_80-20,"Randald
 ",9,Randald,7,-2
KRAKEN,enrichi_80-20,Broussaille,11,Broussaille,11,0
KRAKEN,enrichi_80-20,Aujourdhui,10,Aujourdhui,10,0
KRAKEN,enrichi_80-20,Paul,4,Paul,4,0
KRAKEN,enrichi_80-20,Ouclle,6,Ouclle,6,0
KRAKEN,enrichi_80-20,Lout,4,Lout,4,0
KRAKEN,enrichi_80-20,Voild,5,Voild,5,0
KRAKEN,enrichi_80-20,Ccsont,6,Ccsont,6,0
KRAKEN,enrichi_80-20,Volcurn,7,Volcurn,7,0
KRAKEN,enrichi_80-20,Mladame,7,Mladame,7,0
KRAKEN,enrichi_80-20,Nure,4,Nure,4,0
KRAKEN,enrichi_80-20,Canonnier,9,Canonnier,9,0
KRAKEN,enrichi_80-20,Monsieur,8,Monsieur,8,0
KRAKEN,enrichi_80-20,Convaincy,9,Convaincy,9,0
KRAKEN,enrichi_80-20,Monsicur,8,Monsicur,8,0
KRAKEN,enrichi_80-20,Mon oncle,9,oncle,5,-4
KRAKEN,enrichi_80-20,Monsieur,8,Monsieur,8,0
KRAKEN,enrichi_80-20,Monsieur,8,Monsieur,8,0
KRAKEN,enrichi_80-20,Crecque,7,Crecque,7,0
KRAKEN,enrichi_80-20,Acropole,8,Acropole,8,0
KRAKEN,enrichi_80-20,Oucis,5,Oucis,5,0
KRAKEN,enrichi_80-20,Cabanel,7,Cabanel,7,0
KRAKEN,enrichi_80-20,Mdscarade,9,Mdscarade,9,0
KRAKEN,enrichi_80-20,Reur,4,Reur,4,0
KRAKEN,enrichi_80-20,Monsieur,8,Monsieur,8,0
KRAKEN,enrichi_80-20,Confesieur,10,Confesieur,10,0
KRAKEN,enrichi_80-20,Enorine,7,Enorine,7,0
KRAKEN,enrichi_80-20,Monsieur,8,Monsieur,8,0
KRAKEN,enrichi_80-20,Canonnier,9,Canonnier,9,0
KRAKEN,enrichi_80-20,Monsieur,8,Monsieur,8,0
KRAKEN,enrichi_80-20,Monsicur,8,Monsicur,8,0
KRAKEN,enrichi_80-20,Monsieur,8,Monsieur,8,0
KRAKEN,enrichi_80-20,Raconterm',10,Raconterm',10,0
KRAKEN,enrichi_80-20,Madaine,7,Madaine,7,0
KRAKEN,enrichi_80-20,Aurier,6,Aurier,6,0
KRAKEN,enrichi_80-20,Cauchemnars,11,Cauchemnars,11,0
KRAKEN,enrichi_80-20,Mlais,5,Mlais,5,0
KRAKEN,enrichi_80-20,Voleurssont,11,Voleurssont,11,0
KRAKEN,enrichi_80-20,ML,2,ML,2,0
KRAKEN,enrichi_80-20,Canonnier,9,Canonnier,9,0
KRAKEN,enrichi_80-20,Monsieur,8,Monsieur,8,0
KRAKEN,enrichi_80-20,Loujours,8,Loujours,8,0
KRAKEN,enrichi_80-20,Mlais,5,Mlais,5,0
KRAKEN,enrichi_80-20,Charmant,8,Charmant,8,0
KRAKEN,enrichi_80-20,Cher,4,Cher,4,0
KRAKEN,enrichi_80-20,Cxcellentes,11,Cxcellentes,11,0
KRAKEN,enrichi_80-20,Lonte,5,Lonte,5,0
KRAKEN,enrichi_80-20,Camndrades,10,Camndrades,10,0
KRAKEN,enrichi_80-20,Sonf Changes,12,Changes,7,-5
KRAKEN,enrichi_80-20,Contine nn,10,Contine,7,-3
KRAKEN,enrichi_80-20,Allemagne,9,Allemagne,9,0
KRAKEN,enrichi_80-20,Convenait,9,Convenait,9,0
KRAKEN,enrichi_80-20,Caux,4,Caux,4,0
KRAKEN,enrichi_80-20,Clergyman,9,Clergyman,9,0
KRAKEN,enrichi_80-20,Monsieur,8,Monsieur,8,0
KRAKEN,enrichi_80-20,Occupation,10,Occupation,10,0
KRAKEN,enrichi_80-20,Anglaise,8,Anglaise,8,0
KRAKEN,enrichi_80-20,Allemande,9,Allemande,9,0
KRAKEN,enrichi_80-20,"Maladresse
",11,Maladresse,10,-1
KRAKEN,enrichi_80-20,relle,5,relle,5,0
KRAKEN,enrichi_80-20,Mentassommants,14,Mentassommants,14,0
KRAKEN,enrichi_80-20,Monsicur,8,Monsicur,8,0
KRAKEN,enrichi_80-20,Asseyer,7,Asseyer,7,0
KRAKEN,enrichi_80-20,Monsicur,8,Monsicur,8,0
KRAKEN,enrichi_80-20,Dermnetter,10,Dermnetter,10,0
KRAKEN,enrichi_80-20,Coinine,7,Coinine,7,0
KRAKEN,enrichi_80-20,Mangue,6,Mangue,6,0
KRAKEN,enrichi_80-20,Montareuil,10,Montareuil,10,0
KRAKEN,enrichi_80-20,Lamille,7,Lamille,7,0
KRAKEN,enrichi_80-20,Ytme Montarcuil,15,Montarcuil,10,-5
KRAKEN,enrichi_80-20,Naturelle,9,Naturelle,9,0
KRAKEN,enrichi_80-20,Croyer,6,Croyer,6,0
KRAKEN,enrichi_80-20,Confidences,11,Confidences,11,0
KRAKEN,enrichi_80-20,Mon Dieu,8,Dieu,4,-4
KRAKEN,enrichi_80-20,Croirdis,8,Croirdis,8,0
KRAKEN,enrichi_80-20,Mdmnours,8,Mdmnours,8,0
KRAKEN,enrichi_80-20,Reinords,8,Reinords,8,0
KRAKEN,enrichi_80-20,Lelle,5,Lelle,5,0
KRAKEN,enrichi_80-20,Jadis,5,Jadis,5,0
KRAKEN,enrichi_80-20,du Nord,7,Nord,4,-3
KRAKEN,enrichi_80-20,Rotteur,7,Rotteur,7,0
KRAKEN,enrichi_80-20,Lenetre,7,Lenetre,7,0
KRAKEN,enrichi_80-20,Chapeaul,8,Chapeaul,8,0
KRAKEN,enrichi_80-20,Surproduc,9,Surproduc,9,0
KRAKEN,enrichi_80-20,Consom,6,Consom,6,0
KRAKEN,enrichi_80-20,Circulation,11,Circulation,11,0
KRAKEN,enrichi_80-20,Croyer,6,Croyer,6,0
KRAKEN,enrichi_80-20,Yous Apprendra,14,Apprendra,9,-5
KRAKEN,enrichi_80-20,Mlemne,6,Mlemne,6,0
KRAKEN,enrichi_80-20,Lener,5,Lener,5,0
KRAKEN,enrichi_80-20,Mon Dicu,8,Dicu,4,-4
KRAKEN,enrichi_80-20,Mauen,5,Mauen,5,0
KRAKEN,enrichi_80-20,Augmnenter,10,Augmnenter,10,0
KRAKEN,enrichi_80-20,Charlotte,9,Charlotte,9,0
KRAKEN,enrichi_80-20,Westce,6,Westce,6,0
KRAKEN,enrichi_80-20,Paris,5,Paris,5,0
KRAKEN,enrichi_80-20,Cher,4,Cher,4,0
KRAKEN,enrichi_80-20,Douloureur,10,Douloureur,10,0
KRAKEN,enrichi_80-20,Siques,6,Siques,6,0
KRAKEN,enrichi_80-20,Cages,5,Cages,5,0
KRAKEN,enrichi_80-20,Aussid,6,Aussid,6,0
KRAKEN,enrichi_80-20,Causes,6,Causes,6,0
KRAKEN,enrichi_80-20,Rottes,6,Rottes,6,0
KRAKEN,enrichi_80-20,Connditre,9,Connditre,9,0
KRAKEN,enrichi_80-20,Crimindliste,12,Crimindliste,12,0
KRAKEN,enrichi_80-20,Ctouren,7,Ctouren,7,0
KRAKEN,enrichi_80-20,Probleme,8,Probleme,8,0
KRAKEN,enrichi_80-20,Convert dune,12,Convert,7,-5
KRAKEN,enrichi_80-20,Reuri,5,Reuri,5,0
KRAKEN,enrichi_80-20,Cchaine,7,Cchaine,7,0
KRAKEN,enrichi_80-20,Chapednl,8,Chapednl,8,0
KRAKEN,enrichi_80-20,i Aront,7,Aront,5,-2
KRAKEN,enrichi_80-20,"Monsicurd
 ",11,Monsicurd,9,-2
KRAKEN,enrichi_80-20,Monsieur,8,Monsieur,8,0
KRAKEN,enrichi_80-20,Jesuis,6,Jesuis,6,0
KRAKEN,enrichi_80-20,Latayette,9,Latayette,9,0
KRAKEN,enrichi_80-20,Ratteur,7,Ratteur,7,0
KRAKEN,enrichi_80-20,Monsieur,8,Monsieur,8,0
KRAKEN,enrichi_80-20,Jesuis,6,Jesuis,6,0
KRAKEN,enrichi_80-20,Coiservd,8,Coiservd,8,0
KRAKEN,enrichi_80-20,Monsieur,8,Monsieur,8,0
KRAKEN,enrichi_80-20,Monsiceur,9,Monsiceur,9,0
KRAKEN,enrichi_80-20,Monsieur,8,Monsieur,8,0
KRAKEN,enrichi_80-20,Monsieur,8,Monsieur,8,0
KRAKEN,enrichi_80-20,Chambre,7,Chambre,7,0
KRAKEN,enrichi_80-20,Monsieur,8,Monsieur,8,0
KRAKEN,enrichi_80-20,Monsieur,8,Monsieur,8,0
KRAKEN,enrichi_80-20,dux Colonies,12,Colonies,8,-4
KRAKEN,enrichi_80-20,Monsieur,8,Monsieur,8,0
KRAKEN,enrichi_80-20,Conunent,8,Conunent,8,0
KRAKEN,enrichi_80-20,Monsieur,8,Monsieur,8,0
KRAKEN,enrichi_80-20,Vivraie,7,Vivraie,7,0
KRAKEN,enrichi_80-20,Monsieur,8,Monsieur,8,0
KRAKEN,enrichi_80-20,Monsieur!,9,Monsieur,8,-1
KRAKEN,enrichi_80-20,Momieu,6,Momieu,6,0
KRAKEN,enrichi_80-20,Monsieur,8,Monsieur,8,0
KRAKEN,enrichi_80-20,Monsicur!,9,Monsicur,8,-1
KRAKEN,enrichi_80-20,"nn
Jarilin",10,Jarilin,7,-3
KRAKEN,enrichi_80-20,le Monsieur,11,Monsieur,8,-3
KRAKEN,enrichi_80-20,Msage,5,Msage,5,0
KRAKEN,enrichi_80-20,Resoit,6,Resoit,6,0
KRAKEN,enrichi_80-20,Centre,6,Centre,6,0
KRAKEN,enrichi_80-20,Vetre,5,Vetre,5,0
KRAKEN,enrichi_80-20,Monsieur,8,Monsieur,8,0
KRAKEN,enrichi_80-20,Croyer,6,Croyer,6,0
KRAKEN,enrichi_80-20,le Monsieur,11,Monsieur,8,-3
KRAKEN,enrichi_80-20,Queiques,8,Queiques,8,0
KRAKEN,enrichi_80-20,cher Monsieur,13,Monsieur,8,-5
KRAKEN,enrichi_80-20,Croyer,6,Croyer,6,0
KRAKEN,enrichi_80-20,miditaire,9,miditaire,9,0
KRAKEN,enrichi_80-20,Monsicur,8,Monsicur,8,0
KRAKEN,enrichi_80-20,Le Monsieur,11,Monsieur,8,-3
KRAKEN,enrichi_80-20,Mauvdis,7,Mauvdis,7,0
KRAKEN,enrichi_80-20,ga2,3,ga2,3,0
KRAKEN,enrichi_80-20,Monsieur,8,Monsieur,8,0
KRAKEN,enrichi_80-20,Suisse,6,Suisse,6,0
KRAKEN,enrichi_80-20,Monsieur,8,Monsieur,8,0
KRAKEN,enrichi_80-20,Attaque,7,Attaque,7,0
KRAKEN,enrichi_80-20,Gauche,6,Gauche,6,0
KRAKEN,enrichi_80-20,1d Nature,9,Nature,6,-3
KRAKEN,enrichi_80-20,Maison san,10,Maison,6,-4
KRAKEN,enrichi_80-20,Monsieur,8,Monsieur,8,0
KRAKEN,enrichi_80-20,Gauche,6,Gauche,6,0
KRAKEN,enrichi_80-20,Reuri,5,Reuri,5,0
KRAKEN,enrichi_80-20,Comume,6,Comume,6,0
KRAKEN,enrichi_80-20,Vandale,7,Vandale,7,0
KRAKEN,enrichi_80-20,Gauche,6,Gauche,6,0
KRAKEN,enrichi_80-20,Gauche,6,Gauche,6,0
KRAKEN,enrichi_80-20,Cher,4,Cher,4,0
KRAKEN,enrichi_80-20,Aujourdhui,10,Aujourdhui,10,0
KRAKEN,enrichi_80-20,Chasse,6,Chasse,6,0
KRAKEN,enrichi_80-20,Coure,5,Coure,5,0
KRAKEN,enrichi_80-20,Condamnne,9,Condamnne,9,0
KRAKEN,enrichi_80-20,Mlerci,6,Mlerci,6,0
KRAKEN,enrichi_80-20,Comptes,7,Comptes,7,0
KRAKEN,enrichi_80-20,Sonne,5,Sonne,5,0
KRAKEN,enrichi_80-20,Rarl Wary,9,Rarl,4,-5
KRAKEN,enrichi_80-20,Gustre,6,Gustre,6,0
KRAKEN,enrichi_80-20,Pourv,5,Pourv,5,0
KRAKEN,enrichi_80-20,Calme,5,Calme,5,0
KRAKEN,enrichi_80-20,Malhcureux,10,Malhcureux,10,0
KRAKEN,enrichi_80-20,Croyer,6,Croyer,6,0
KRAKEN,enrichi_80-20,"Nementd
 Hon",12,Nementd,7,-5
KRAKEN,enrichi_80-20,Mduvais,7,Mduvais,7,0
KRAKEN,enrichi_80-20,Rouen,5,Rouen,5,0
KRAKEN,enrichi_80-20,J' Courquci,11,Courquci,8,-3
KRAKEN,enrichi_80-20,Wssont,6,Wssont,6,0
KRAKEN,enrichi_80-20,métoutter,10,métoutter,10,0
KRAKEN,enrichi_80-20,"282
Noncer",10,Noncer,6,-4
KRAKEN,enrichi_80-20,Omne,4,Omne,4,0
KRAKEN,enrichi_80-20,Colle,5,Colle,5,0
KRAKEN,enrichi_80-20,Marche,6,Marche,6,0
KRAKEN,enrichi_80-20,Sctont,6,Sctont,6,0
KRAKEN,enrichi_80-20,Aujourdhui,10,Aujourdhui,10,0
KRAKEN,enrichi_80-20,Mordl,5,Mordl,5,0
KRAKEN,enrichi_80-20,Mdis,4,Mdis,4,0
KRAKEN,enrichi_80-20,Comtment,8,Comtment,8,0
KRAKEN,enrichi_80-20,Souvener,8,Souvener,8,0
KRAKEN,enrichi_80-20,Lalindsco,9,Lalindsco,9,0
KRAKEN,enrichi_80-20,Lalmasco,8,Lalmasco,8,0
KRAKEN,enrichi_80-20,Cnlre Rous,10,Cnlre,5,-5
KRAKEN,enrichi_80-20,Mine,4,Mine,4,0
KRAKEN,enrichi_80-20,Peutetre,8,Peutetre,8,0
KRAKEN,enrichi_80-20,Mlais,5,Mlais,5,0
KRAKEN,enrichi_80-20,Cesont,6,Cesont,6,0
KRAKEN,enrichi_80-20,Laltmasco,9,Laltmasco,9,0
KRAKEN,enrichi_80-20,Lemnot,6,Lemnot,6,0
KRAKEN,enrichi_80-20,Mdis,4,Mdis,4,0
KRAKEN,enrichi_80-20,"Malhcureux 
 ",13,Malhcureux,10,-3
KRAKEN,enrichi_80-20,Ia Révolu-,11,Révolu-,8,-3
KRAKEN,enrichi_80-20,Rambeau,7,Rambeau,7,0
KRAKEN,enrichi_80-20,Bakounine,9,Bakounine,9,0
KRAKEN,enrichi_80-20,Cyniques,8,Cyniques,8,0
KRAKEN,enrichi_80-20,VOLEVR,6,VOLEVR,6,0
KRAKEN,enrichi_80-20,IIndividu,9,IIndividu,9,0
KRAKEN,enrichi_80-20,Remental,8,Remental,8,0
KRAKEN,enrichi_80-20,Aujourdhui,10,Aujourdhui,10,0
KRAKEN,enrichi_80-20,Dieu,4,Dieu,4,0
KRAKEN,enrichi_80-20,Royer-,6,Royer-,6,0
KRAKEN,enrichi_80-20,cst Maloain,11,Maloain,7,-4
KRAKEN,enrichi_80-20,Estumodeste,11,Estumodeste,11,0
KRAKEN,enrichi_80-20,Ida Continue,12,Continue,8,-4
KRAKEN,enrichi_80-20,Mnonde,6,Mnonde,6,0
KRAKEN,enrichi_80-20,Cayenne,7,Cayenne,7,0
KRAKEN,enrichi_80-20,Canon,5,Canon,5,0
KRAKEN,enrichi_80-20,Aamnne AUIY,11,Aamnne,6,-5
KRAKEN,enrichi_80-20,Cucou,5,Cucou,5,0
KRAKEN,enrichi_80-20,Cayenne,7,Cayenne,7,0
KRAKEN,enrichi_80-20,Nouvelle,8,Nouvelle,8,0
KRAKEN,enrichi_80-20,"Dien
Senl",9,Dien,4,-5
KRAKEN,enrichi_80-20,Soupconne,9,Soupconne,9,0
KRAKEN,enrichi_80-20,Canonnier,9,Canonnier,9,0
KRAKEN,enrichi_80-20,Cequine,7,Cequine,7,0
KRAKEN,enrichi_80-20,Canonnier,9,Canonnier,9,0
KRAKEN,enrichi_80-20,Maridge,7,Maridge,7,0
KRAKEN,enrichi_80-20,Canonmier,9,Canonmier,9,0
KRAKEN,enrichi_80-20,Aurai,5,Aurai,5,0
KRAKEN,enrichi_80-20,Son Service,11,Service,7,-4
KRAKEN,enrichi_80-20,Mneperire klle,14,Mneperire,9,-5
KRAKEN,enrichi_80-20,Er Canonnicr,12,Canonnicr,9,-3
KRAKEN,enrichi_80-20,Canonnier,9,Canonnier,9,0
KRAKEN,enrichi_80-20,Mlais,5,Mlais,5,0
KRAKEN,enrichi_80-20,Souge,5,Souge,5,0
KRAKEN,enrichi_80-20,Mondains,8,Mondains,8,0
KRAKEN,enrichi_80-20,Cabinet,7,Cabinet,7,0
KRAKEN,enrichi_80-20,Canonnier,9,Canonnier,9,0
KRAKEN,enrichi_80-20,Canonnier,9,Canonnier,9,0
KRAKEN,enrichi_80-20,Noire,5,Noire,5,0
KRAKEN,enrichi_80-20,Mlachin,7,Mlachin,7,0
KRAKEN,enrichi_80-20,Baluts,6,Baluts,6,0
KRAKEN,enrichi_80-20,Mhme Montareuil,15,Montareuil,10,-5
KRAKEN,enrichi_80-20,Revue,5,Revue,5,0
KRAKEN,enrichi_80-20,Montareuil,10,Montareuil,10,0
KRAKEN,enrichi_80-20,Memre,5,Memre,5,0
KRAKEN,enrichi_80-20,sd Revrie,9,Revrie,6,-3
KRAKEN,enrichi_80-20,Wlestce,7,Wlestce,7,0
KRAKEN,enrichi_80-20,Sages,5,Sages,5,0
KRAKEN,enrichi_80-20,Revne,5,Revne,5,0
KRAKEN,enrichi_80-20,Concours,8,Concours,8,0
KRAKEN,enrichi_80-20,Naller,6,Naller,6,0
KRAKEN,enrichi_80-20,Revrie,6,Revrie,6,0
KRAKEN,enrichi_80-20,Monsieur,8,Monsieur,8,0
KRAKEN,enrichi_80-20,Monsieur,8,Monsieur,8,0
KRAKEN,enrichi_80-20,Monsieur,8,Monsieur,8,0
KRAKEN,enrichi_80-20,Causes,6,Causes,6,0
KRAKEN,enrichi_80-20,Connditre,9,Connditre,9,0
KRAKEN,enrichi_80-20,Monsieur,8,Monsieur,8,0
KRAKEN,enrichi_80-20,Voleur,6,Voleur,6,0
KRAKEN,enrichi_80-20,Montareuil,10,Montareuil,10,0
KRAKEN,enrichi_80-20,Croyer,6,Croyer,6,0
KRAKEN,enrichi_80-20,Scicnce,7,Scicnce,7,0
KRAKEN,enrichi_80-20,Montareuil,10,Montareuil,10,0
KRAKEN,enrichi_80-20,Rerne,5,Rerne,5,0
KRAKEN,enrichi_80-20,Montareuil,10,Montareuil,10,0
KRAKEN,enrichi_80-20,Randal,6,Randal,6,0
KRAKEN,enrichi_80-20,Correspon,9,Correspon,9,0
KRAKEN,enrichi_80-20,"Revue
",6,Revue,5,-1
KRAKEN,enrichi_80-20,Comine Sym-,11,Comine,6,-5
KRAKEN,enrichi_80-20,Pentetre,8,Pentetre,8,0
KRAKEN,enrichi_80-20,Jesuissar,9,Jesuissar,9,0
KRAKEN,enrichi_80-20,Jy,2,Jy,2,0
KRAKEN,enrichi_80-20,Vatil,5,Vatil,5,0
KRAKEN,enrichi_80-20,Montareuil,10,Montareuil,10,0
KRAKEN,enrichi_80-20,Citais,6,Citais,6,0
KRAKEN,enrichi_80-20,Cntye,5,Cntye,5,0
KRAKEN,enrichi_80-20,Suisse,6,Suisse,6,0
KRAKEN,enrichi_80-20,Ratteuses,9,Ratteuses,9,0
KRAKEN,enrichi_80-20,"Guun
Monsieur",13,Monsieur,8,-5
KRAKEN,enrichi_80-20,Mouratet,8,Mouratet,8,0
KRAKEN,enrichi_80-20,Piques,6,Piques,6,0
KRAKEN,enrichi_80-20,Galeries,8,Galeries,8,0
KRAKEN,enrichi_80-20,Congues,7,Congues,7,0
KRAKEN,enrichi_80-20,Cirque,6,Cirque,6,0
KRAKEN,enrichi_80-20,Mouratet,8,Mouratet,8,0
KRAKEN,enrichi_80-20,Mouratet,8,Mouratet,8,0
KRAKEN,enrichi_80-20,Mon Dien,8,Dien,4,-4
KRAKEN,enrichi_80-20,Monsieur,8,Monsieur,8,0
KRAKEN,enrichi_80-20,Monsieur,8,Monsieur,8,0
KRAKEN,enrichi_80-20,m.,2,m.,2,0
KRAKEN,enrichi_80-20,Monmari,7,Monmari,7,0
KRAKEN,enrichi_80-20,Rence,5,Rence,5,0
KRAKEN,enrichi_80-20,Mouratet,8,Mouratet,8,0
KRAKEN,enrichi_80-20,Mouratet,8,Mouratet,8,0
KRAKEN,enrichi_80-20,Jenne dide,10,Jenne,5,-5
KRAKEN,enrichi_80-20,Ranques,7,Ranques,7,0
KRAKEN,enrichi_80-20,Westce,6,Westce,6,0
KRAKEN,enrichi_80-20,Maddine Morl,12,Maddine,7,-5
KRAKEN,enrichi_80-20,Morcedul,8,Morcedul,8,0
KRAKEN,enrichi_80-20,Charine,7,Charine,7,0
KRAKEN,enrichi_80-20,Parisienne,10,Parisienne,10,0
KRAKEN,enrichi_80-20,Strauss,7,Strauss,7,0
KRAKEN,enrichi_80-20,Pentetre,8,Pentetre,8,0
KRAKEN,enrichi_80-20,Lonner,6,Lonner,6,0
KRAKEN,enrichi_80-20,Directeur,9,Directeur,9,0
KRAKEN,enrichi_80-20,Le Peuple,9,Peuple,6,-3
KRAKEN,enrichi_80-20,Hme Courbassol,14,Courbassol,10,-4
KRAKEN,enrichi_80-20,Foleur,6,Foleur,6,0
KRAKEN,enrichi_80-20,miont,5,miont,5,0
KRAKEN,enrichi_80-20,Mlargot,7,Mlargot,7,0
KRAKEN,enrichi_80-20,Wlarquerite,11,Wlarquerite,11,0
KRAKEN,enrichi_80-20,Chamlbre de,11,Chamlbre,8,-3
KRAKEN,enrichi_80-20,Mlargot,7,Mlargot,7,0
KRAKEN,enrichi_80-20,Mne,3,Mne,3,0
KRAKEN,enrichi_80-20,mest Arrive,11,Arrive,6,-5
KRAKEN,enrichi_80-20,"Margue
tite",11,Margue,6,-5
KRAKEN,enrichi_80-20,Htme Montarenil,15,Montarenil,10,-5
KRAKEN,enrichi_80-20,Dieu,4,Dieu,4,0
KRAKEN,enrichi_80-20,Jolis,5,Jolis,5,0
KRAKEN,enrichi_80-20,Courbdssol,10,Courbdssol,10,0
KRAKEN,enrichi_80-20,Courbassol,10,Courbassol,10,0
KRAKEN,enrichi_80-20,Jixai,5,Jixai,5,0
KRAKEN,enrichi_80-20,Htoc Montarenil,15,Montarenil,10,-5
KRAKEN,enrichi_80-20,Malenvers!,10,Malenvers,9,-1
KRAKEN,enrichi_80-20,d Malenvers,11,Malenvers,9,-2
KRAKEN,enrichi_80-20,Serdis,6,Serdis,6,0
KRAKEN,enrichi_80-20,Mlarseillaise,13,Mlarseillaise,13,0
KRAKEN,enrichi_80-20,Courbassol,10,Courbassol,10,0
KRAKEN,enrichi_80-20,Messicurs!,10,Messicurs,9,-1
KRAKEN,enrichi_80-20,Hme Courbassol,14,Courbassol,10,-4
KRAKEN,enrichi_80-20,I Margot,8,Margot,6,-2
KRAKEN,enrichi_80-20,la Marseillaise,15,Marseillaise,12,-3
KRAKEN,enrichi_80-20,Sd Kgure,8,Kgure,5,-3
KRAKEN,enrichi_80-20,Srande,6,Srande,6,0
KRAKEN,enrichi_80-20,Monsieur,8,Monsieur,8,0
KRAKEN,enrichi_80-20,Chammbre,8,Chammbre,8,0
KRAKEN,enrichi_80-20,Monsicur,8,Monsicur,8,0
KRAKEN,enrichi_80-20,Asept,5,Asept,5,0
KRAKEN,enrichi_80-20,Chambre,7,Chambre,7,0
KRAKEN,enrichi_80-20,Srande,6,Srande,6,0
KRAKEN,enrichi_80-20,Ccla,4,Ccla,4,0
KRAKEN,enrichi_80-20,Gauche,6,Gauche,6,0
KRAKEN,enrichi_80-20,Mlargot,7,Mlargot,7,0
KRAKEN,enrichi_80-20,Sros,4,Sros,4,0
KRAKEN,enrichi_80-20,Jarrive,7,Jarrive,7,0
KRAKEN,enrichi_80-20,Apres Cout,10,Apres,5,-5
KRAKEN,enrichi_80-20,Margot,6,Margot,6,0
KRAKEN,enrichi_80-20,Dieul,5,Dieul,5,0
KRAKEN,enrichi_80-20,Moiaussi,8,Moiaussi,8,0
KRAKEN,enrichi_80-20,Annette,7,Annette,7,0
KRAKEN,enrichi_80-20,Monsieur,8,Monsieur,8,0
KRAKEN,enrichi_80-20,Monsieur,8,Monsieur,8,0
KRAKEN,enrichi_80-20,Annette,7,Annette,7,0
KRAKEN,enrichi_80-20,"Jerome
e'",9,Jerome,6,-3
KRAKEN,enrichi_80-20,Jerdme,6,Jerdme,6,0
KRAKEN,enrichi_80-20,Annette,7,Annette,7,0
KRAKEN,enrichi_80-20,Jerome,6,Jerome,6,0
KRAKEN,enrichi_80-20,Jamnais,7,Jamnais,7,0
KRAKEN,enrichi_80-20,Cheveus,7,Cheveus,7,0
KRAKEN,enrichi_80-20,Lenlement,9,Lenlement,9,0
KRAKEN,enrichi_80-20,Monsicur,8,Monsicur,8,0
KRAKEN,enrichi_80-20,Canonnier,9,Canonnier,9,0
KRAKEN,enrichi_80-20,"Malenvers ?
",12,Malenvers,9,-3
KRAKEN,enrichi_80-20,Comprendre,10,Comprendre,10,0
KRAKEN,enrichi_80-20,Maraire,7,Maraire,7,0
KRAKEN,enrichi_80-20,Malenvers,9,Malenvers,9,0
KRAKEN,enrichi_80-20,Unc Occasicn,12,Occasicn,8,-4
KRAKEN,enrichi_80-20,Dureste,7,Dureste,7,0
KRAKEN,enrichi_80-20,Cher,4,Cher,4,0
KRAKEN,enrichi_80-20,Charmant!,9,Charmant,8,-1
KRAKEN,enrichi_80-20,Lebureaul,9,Lebureaul,9,0
KRAKEN,enrichi_80-20,Monsieur,8,Monsieur,8,0
KRAKEN,enrichi_80-20,Chammbre,8,Chammbre,8,0
KRAKEN,enrichi_80-20,Canonnier,9,Canonnier,9,0
KRAKEN,enrichi_80-20,Son Chapeaul,12,Chapeaul,8,-4
KRAKEN,enrichi_80-20,Prendsceluique tn,17,Prendsceluique,14,-3
KRAKEN,enrichi_80-20,"i
Malenvers",11,Malenvers,9,-2
KRAKEN,enrichi_80-20,Londres,7,Londres,7,0
KRAKEN,enrichi_80-20,Paternoster,11,Paternoster,11,0
KRAKEN,enrichi_80-20,Paternoster,11,Paternoster,11,0
KRAKEN,enrichi_80-20,Canonnier,9,Canonnier,9,0
KRAKEN,enrichi_80-20,Marette,7,Marette,7,0
KRAKEN,enrichi_80-20,Nousrentrons,12,Nousrentrons,12,0
KRAKEN,enrichi_80-20,Casque,6,Casque,6,0
KRAKEN,enrichi_80-20,Rammes,6,Rammes,6,0
KRAKEN,enrichi_80-20,Cestld,6,Cestld,6,0
KRAKEN,enrichi_80-20,Joute,5,Joute,5,0
KRAKEN,enrichi_80-20,Spatte,6,Spatte,6,0
KRAKEN,enrichi_80-20,Wille,5,Wille,5,0
KRAKEN,enrichi_80-20,Canonnier,9,Canonnier,9,0
KRAKEN,enrichi_80-20,Barabbas,8,Barabbas,8,0
KRAKEN,enrichi_80-20,Lemple,6,Lemple,6,0
KRAKEN,enrichi_80-20,Plures,6,Plures,6,0
KRAKEN,enrichi_80-20,Malenvers,9,Malenvers,9,0
KRAKEN,enrichi_80-20,Hlalle,6,Hlalle,6,0
KRAKEN,enrichi_80-20,Courtille,9,Courtille,9,0
KRAKEN,enrichi_80-20,Courbdssol,10,Courbdssol,10,0
KRAKEN,enrichi_80-20,Sa Loure :,10,Loure,5,-5
KRAKEN,enrichi_80-20,Gouille,7,Gouille,7,0
KRAKEN,enrichi_80-20,Monotone,8,Monotone,8,0
KRAKEN,enrichi_80-20,Chambre,7,Chambre,7,0
KRAKEN,enrichi_80-20,Coutbassol,10,Coutbassol,10,0
KRAKEN,enrichi_80-20,Courbissol,10,Courbissol,10,0
KRAKEN,enrichi_80-20,Lener,5,Lener,5,0
KRAKEN,enrichi_80-20,Messieurs,9,Messieurs,9,0
KRAKEN,enrichi_80-20,Serli,5,Serli,5,0
KRAKEN,enrichi_80-20,Mlargot,7,Mlargot,7,0
KRAKEN,enrichi_80-20,Ouestce,7,Ouestce,7,0
KRAKEN,enrichi_80-20,Lhetelier,9,Lhetelier,9,0
KRAKEN,enrichi_80-20,Canonnier,9,Canonnier,9,0
KRAKEN,enrichi_80-20,iAhl Monsieur,13,Monsieur,8,-5
KRAKEN,enrichi_80-20,Chambre,7,Chambre,7,0
KRAKEN,enrichi_80-20,Jerdine,7,Jerdine,7,0
KRAKEN,enrichi_80-20,Annette,7,Annette,7,0
KRAKEN,enrichi_80-20,Margor,6,Margor,6,0
KRAKEN,enrichi_80-20,"Morte
Jans",10,Morte,5,-5
KRAKEN,enrichi_80-20,Carrousel,9,Carrousel,9,0
KRAKEN,enrichi_80-20,Pallume,7,Pallume,7,0
KRAKEN,enrichi_80-20,Marianne,8,Marianne,8,0
KRAKEN,enrichi_80-20,Chaure,6,Chaure,6,0
KRAKEN,enrichi_80-20,Canon,5,Canon,5,0
KRAKEN,enrichi_80-20,"Fi
Mances",9,Mances,6,-3
KRAKEN,enrichi_80-20,Canou,5,Canou,5,0
KRAKEN,enrichi_80-20,Cotet,5,Cotet,5,0
KRAKEN,enrichi_80-20,Canonnier,9,Canonnier,9,0
KRAKEN,enrichi_80-20,Londres,7,Londres,7,0
KRAKEN,enrichi_80-20,Canonnier,9,Canonnier,9,0
KRAKEN,enrichi_80-20,i Gauche,8,Gauche,6,-2
KRAKEN,enrichi_80-20,Notre diSC,10,Notre,5,-5
KRAKEN,enrichi_80-20,Essacar,7,Essacar,7,0
KRAKEN,enrichi_80-20,Essacar,7,Essacar,7,0
KRAKEN,enrichi_80-20,i Cocher,8,Cocher,6,-2
KRAKEN,enrichi_80-20,Cehui,5,Cehui,5,0
KRAKEN,enrichi_80-20,Remcnt,6,Remcnt,6,0
KRAKEN,enrichi_80-20,Vintamie,8,Vintamie,8,0
KRAKEN,enrichi_80-20,Mlicuz,6,Mlicuz,6,0
KRAKEN,enrichi_80-20,Ccelle,6,Ccelle,6,0
KRAKEN,enrichi_80-20,Spinord,7,Spinord,7,0
KRAKEN,enrichi_80-20,Jorsquon,8,Jorsquon,8,0
KRAKEN,enrichi_80-20,Mne,3,Mne,3,0
KRAKEN,enrichi_80-20,le Ranc,7,Ranc,4,-3
KRAKEN,enrichi_80-20,"Col
Gothd",9,Gothd,5,-4
KRAKEN,enrichi_80-20,Courbassol,10,Courbassol,10,0
KRAKEN,enrichi_80-20,Courbasss,9,Courbasss,9,0
KRAKEN,enrichi_80-20,Vait,4,Vait,4,0
KRAKEN,enrichi_80-20,Commertre,9,Commertre,9,0
KRAKEN,enrichi_80-20,Ctablie,7,Ctablie,7,0
KRAKEN,enrichi_80-20,Artiste,7,Artiste,7,0
KRAKEN,enrichi_80-20,Essacar,7,Essacar,7,0
KRAKEN,enrichi_80-20,Londres,7,Londres,7,0
KRAKEN,enrichi_80-20,ter Margot,10,Margot,6,-4
KRAKEN,enrichi_80-20,Margot,6,Margot,6,0
KRAKEN,enrichi_80-20,Mlargot,7,Mlargot,7,0
KRAKEN,enrichi_80-20,Margot,6,Margot,6,0
KRAKEN,enrichi_80-20,Courbassol d,12,Courbassol,10,-2
KRAKEN,enrichi_80-20,Jelesdis,8,Jelesdis,8,0
KRAKEN,enrichi_80-20,Cartout,7,Cartout,7,0
KRAKEN,enrichi_80-20,Margot,6,Margot,6,0
KRAKEN,enrichi_80-20,Midis,5,Midis,5,0
KRAKEN,enrichi_80-20,eame l2,7,eame,4,-3
KRAKEN,enrichi_80-20,Mlais,5,Mlais,5,0
KRAKEN,enrichi_80-20,Monsieur,8,Monsieur,8,0
KRAKEN,enrichi_80-20,Madaine,7,Madaine,7,0
KRAKEN,enrichi_80-20,Machinard,9,Machinard,9,0
KRAKEN,enrichi_80-20,Margot,6,Margot,6,0
KRAKEN,enrichi_80-20,Mtachinard,10,Mtachinard,10,0
KRAKEN,enrichi_80-20,Justice,7,Justice,7,0
KRAKEN,enrichi_80-20,Marine,6,Marine,6,0
KRAKEN,enrichi_80-20,Mlinistre,9,Mlinistre,9,0
KRAKEN,enrichi_80-20,Justice !,9,Justice,7,-2
KRAKEN,enrichi_80-20,Justice,7,Justice,7,0
KRAKEN,enrichi_80-20,Courbassol,10,Courbassol,10,0
KRAKEN,enrichi_80-20,"Cnvi
fon",8,Cnvi,4,-4
KRAKEN,enrichi_80-20,Vimbiber,8,Vimbiber,8,0
KRAKEN,enrichi_80-20,Randal,6,Randal,6,0
KRAKEN,enrichi_80-20,Charinante,10,Charinante,10,0
KRAKEN,enrichi_80-20,Etpuis,6,Etpuis,6,0
KRAKEN,enrichi_80-20,W. Canonnier,12,Canonnier,9,-3
KRAKEN,enrichi_80-20,Canonnier,9,Canonnier,9,0
KRAKEN,enrichi_80-20,Lausse,6,Lausse,6,0
KRAKEN,enrichi_80-20,Canonnier,9,Canonnier,9,0
KRAKEN,enrichi_80-20,Ouestce,7,Ouestce,7,0
KRAKEN,enrichi_80-20,Lues,4,Lues,4,0
KRAKEN,enrichi_80-20,Canonnier,9,Canonnier,9,0
KRAKEN,enrichi_80-20,Maisje,6,Maisje,6,0
KRAKEN,enrichi_80-20,Clair,5,Clair,5,0
KRAKEN,enrichi_80-20,Cheveur,7,Cheveur,7,0
KRAKEN,enrichi_80-20,Monsicur,8,Monsicur,8,0
KRAKEN,enrichi_80-20,Dinard,6,Dinard,6,0
KRAKEN,enrichi_80-20,Mont Dore,9,Mont,4,-5
KRAKEN,enrichi_80-20,Canonnier,9,Canonnier,9,0
KRAKEN,enrichi_80-20,Marchant vite,13,Marchant,8,-5
KRAKEN,enrichi_80-20,Randal,6,Randal,6,0
KRAKEN,enrichi_80-20,Suisse,6,Suisse,6,0
KRAKEN,enrichi_80-20,Wlademoiselle,13,Wlademoiselle,13,0
KRAKEN,enrichi_80-20,Alsacelorraine,14,Alsacelorraine,14,0
KRAKEN,enrichi_80-20,Mlais,5,Mlais,5,0
KRAKEN,enrichi_80-20,Revrie,6,Revrie,6,0
KRAKEN,enrichi_80-20,Main,4,Main,4,0
KRAKEN,enrichi_80-20,Asser,5,Asser,5,0
KRAKEN,enrichi_80-20,Grimace,7,Grimace,7,0
KRAKEN,enrichi_80-20,Se Vantersi,11,Vantersi,8,-3
KRAKEN,enrichi_80-20,Canonnier,9,Canonnier,9,0
KRAKEN,enrichi_80-20,Rervosite,9,Rervosite,9,0
KRAKEN,enrichi_80-20,Canonnier,9,Canonnier,9,0
KRAKEN,enrichi_80-20,Pere,4,Pere,4,0
KRAKEN,enrichi_80-20,Mon Dieu!,9,Dieu,4,-5
KRAKEN,enrichi_80-20,Mlademoisclle,13,Mlademoisclle,13,0
KRAKEN,enrichi_80-20,Mreere,6,Mreere,6,0
KRAKEN,enrichi_80-20,Canonnier,9,Canonnier,9,0
KRAKEN,enrichi_80-20,Meueidiacut,11,Meueidiacut,11,0
KRAKEN,enrichi_80-20,dir Canonnier,13,Canonnier,9,-4
KRAKEN,enrichi_80-20,Vargent,7,Vargent,7,0
KRAKEN,enrichi_80-20,Randdl,6,Randdl,6,0
KRAKEN,enrichi_80-20,Mademoiselle,12,Mademoiselle,12,0
KRAKEN,enrichi_80-20,Canonnier,9,Canonnier,9,0
KRAKEN,enrichi_80-20,Ccur,4,Ccur,4,0
KRAKEN,enrichi_80-20,Aalle,5,Aalle,5,0
KRAKEN,enrichi_80-20,Pense,5,Pense,5,0
KRAKEN,enrichi_80-20,Main Gauche,11,Gauche,6,-5
KRAKEN,enrichi_80-20,Canonnier,9,Canonnier,9,0
KRAKEN,enrichi_80-20,Cayenne,7,Cayenne,7,0
KRAKEN,enrichi_80-20,Mademoisclle,12,Mademoisclle,12,0
KRAKEN,enrichi_80-20,Mlademoisclle,13,Mlademoisclle,13,0
KRAKEN,enrichi_80-20,Chose poue,10,Chose,5,-5
KRAKEN,enrichi_80-20,Laveur,6,Laveur,6,0
KRAKEN,enrichi_80-20,Monsieur,8,Monsieur,8,0
KRAKEN,enrichi_80-20,Mademoiselle,12,Mademoiselle,12,0
KRAKEN,enrichi_80-20,Me,2,Me,2,0
KRAKEN,enrichi_80-20,Croyer,6,Croyer,6,0
KRAKEN,enrichi_80-20,Monsicur,8,Monsicur,8,0
KRAKEN,enrichi_80-20,Monsieur,8,Monsieur,8,0
KRAKEN,enrichi_80-20,Connditre,9,Connditre,9,0
KRAKEN,enrichi_80-20,Luis,4,Luis,4,0
KRAKEN,enrichi_80-20,Luil Mlais,10,Mlais,5,-5
KRAKEN,enrichi_80-20,Choiel,6,Choiel,6,0
KRAKEN,enrichi_80-20,Comine Cest,11,Comine,6,-5
KRAKEN,enrichi_80-20,"Mon Amour
",10,Amour,5,-5
KRAKEN,enrichi_80-20,Dureste,7,Dureste,7,0
KRAKEN,enrichi_80-20,Crirnes,7,Crirnes,7,0
KRAKEN,enrichi_80-20,Catte,5,Catte,5,0
KRAKEN,enrichi_80-20,Bois Creaulr,12,Creaulr,7,-5
KRAKEN,enrichi_80-20,Mlalheureuscinent,17,Mlalheureuscinent,17,0
KRAKEN,enrichi_80-20,Ouvert,6,Ouvert,6,0
KRAKEN,enrichi_80-20,Valise,6,Valise,6,0
KRAKEN,enrichi_80-20,Vider,5,Vider,5,0
KRAKEN,enrichi_80-20,p2s Grandchose,14,Grandchose,10,-4
KRAKEN,enrichi_80-20,Croyer,6,Croyer,6,0
KRAKEN,enrichi_80-20,Chapean,7,Chapean,7,0
KRAKEN,enrichi_80-20,Anglaise,8,Anglaise,8,0
KRAKEN,enrichi_80-20,Mari,4,Mari,4,0
KRAKEN,enrichi_80-20,Cecroquerie,11,Cecroquerie,11,0
KRAKEN,enrichi_80-20,Che-,4,Che-,4,0
KRAKEN,enrichi_80-20,Lener,5,Lener,5,0
KRAKEN,enrichi_80-20,Chdmbre,7,Chdmbre,7,0
KRAKEN,enrichi_80-20,Ouestce,7,Ouestce,7,0
KRAKEN,enrichi_80-20,Messieurs vout,14,Messieurs,9,-5
KRAKEN,enrichi_80-20,M. Canonnier,12,Canonnier,9,-3
KRAKEN,enrichi_80-20,Randal,6,Randal,6,0
KRAKEN,enrichi_80-20,Vacil,5,Vacil,5,0
KRAKEN,enrichi_80-20,Lencr,5,Lencr,5,0
KRAKEN,enrichi_80-20,Duestce,7,Duestce,7,0
KRAKEN,enrichi_80-20,Lameuy,6,Lameuy,6,0
KRAKEN,enrichi_80-20,rue Clementine,14,Clementine,10,-4
KRAKEN,enrichi_80-20,Anglaise,8,Anglaise,8,0
KRAKEN,enrichi_80-20,Anglaise,8,Anglaise,8,0
KRAKEN,enrichi_80-20,Cher clle,9,Cher,4,-5
KRAKEN,enrichi_80-20,"Me Coupes mn
",13,Coupes,6,-7
KRAKEN,enrichi_80-20,Luseront,8,Luseront,8,0
KRAKEN,enrichi_80-20,Ohl,3,Ohl,3,0
KRAKEN,enrichi_80-20,Remarquez,9,Remarquez,9,0
KRAKEN,enrichi_80-20,Chanter,7,Chanter,7,0
KRAKEN,enrichi_80-20,Chargerdi,9,Chargerdi,9,0
KRAKEN,enrichi_80-20,Cotmprener,10,Cotmprener,10,0
KRAKEN,enrichi_80-20,Mlais,5,Mlais,5,0
KRAKEN,enrichi_80-20,Barrot,6,Barrot,6,0
KRAKEN,enrichi_80-20,Me,2,Me,2,0
KRAKEN,enrichi_80-20,Ccompliments,12,Ccompliments,12,0
KRAKEN,enrichi_80-20,Westce,6,Westce,6,0
KRAKEN,enrichi_80-20,Anglaise,8,Anglaise,8,0
KRAKEN,enrichi_80-20,Mn Kacre,8,Kacre,5,-3
KRAKEN,enrichi_80-20,Leslan-,7,Leslan-,7,0
KRAKEN,enrichi_80-20,Pourmoimeme,11,Pourmoimeme,11,0
KRAKEN,enrichi_80-20,Croyervousque,13,Croyervousque,13,0
KRAKEN,enrichi_80-20,"Me
Denser",9,Denser,6,-3
KRAKEN,enrichi_80-20,Voleur,6,Voleur,6,0
KRAKEN,enrichi_80-20,Anglaise,8,Anglaise,8,0
KRAKEN,enrichi_80-20,Randal,6,Randal,6,0
KRAKEN,enrichi_80-20,Caleries,8,Caleries,8,0
KRAKEN,enrichi_80-20,Louvain,7,Louvain,7,0
KRAKEN,enrichi_80-20,Ftmeine,7,Ftmeine,7,0
KRAKEN,enrichi_80-20,Cher,4,Cher,4,0
KRAKEN,enrichi_80-20,Chetil,6,Chetil,6,0
KRAKEN,enrichi_80-20,Mengelle,8,Mengelle,8,0
KRAKEN,enrichi_80-20,Barrot,6,Barrot,6,0
KRAKEN,enrichi_80-20,Monsieur,8,Monsieur,8,0
KRAKEN,enrichi_80-20,M. Randdl,9,Randdl,6,-3
KRAKEN,enrichi_80-20,Monsieur,8,Monsieur,8,0
KRAKEN,enrichi_80-20,Barrot,6,Barrot,6,0
KRAKEN,enrichi_80-20,M. Canonnier,12,Canonnier,9,-3
KRAKEN,enrichi_80-20,Monsieur,8,Monsieur,8,0
KRAKEN,enrichi_80-20,Monde J,7,Monde,5,-2
KRAKEN,enrichi_80-20,M. Canonnier,12,Canonnier,9,-3
KRAKEN,enrichi_80-20,Barzot,6,Barzot,6,0
KRAKEN,enrichi_80-20,Crispent,8,Crispent,8,0
KRAKEN,enrichi_80-20,Monsicur,8,Monsicur,8,0
KRAKEN,enrichi_80-20,Comen,5,Comen,5,0
KRAKEN,enrichi_80-20,M. Canonnier,12,Canonnier,9,-3
KRAKEN,enrichi_80-20,Monsieur,8,Monsieur,8,0
KRAKEN,enrichi_80-20,Sociale,7,Sociale,7,0
KRAKEN,enrichi_80-20,Lener,5,Lener,5,0
KRAKEN,enrichi_80-20,Jestime,7,Jestime,7,0
KRAKEN,enrichi_80-20,Malfai,6,Malfai,6,0
KRAKEN,enrichi_80-20,Mensonge,8,Mensonge,8,0
KRAKEN,enrichi_80-20,Monsieur,8,Monsieur,8,0
KRAKEN,enrichi_80-20,Kelas,5,Kelas,5,0
KRAKEN,enrichi_80-20,Justice,7,Justice,7,0
KRAKEN,enrichi_80-20,Justice,7,Justice,7,0
KRAKEN,enrichi_80-20,Comprit,7,Comprit,7,0
KRAKEN,enrichi_80-20,Que Mtlle,9,Mtlle,5,-4
KRAKEN,enrichi_80-20,Monsicur,8,Monsicur,8,0
KRAKEN,enrichi_80-20,Monsieur,8,Monsieur,8,0
KRAKEN,enrichi_80-20,Memie,5,Memie,5,0
KRAKEN,enrichi_80-20,Egoistes,8,Egoistes,8,0
KRAKEN,enrichi_80-20,Monsicur,8,Monsicur,8,0
KRAKEN,enrichi_80-20,Monsicur.,9,Monsicur,8,-1
KRAKEN,enrichi_80-20,Jamdis !,8,Jamdis,6,-2
KRAKEN,enrichi_80-20,Mthe,4,Mthe,4,0
KRAKEN,enrichi_80-20,Comnencer,9,Comnencer,9,0
KRAKEN,enrichi_80-20,Monsieurd,9,Monsieurd,9,0
KRAKEN,enrichi_80-20,Ia,2,Ia,2,0
KRAKEN,enrichi_80-20,Monsieur,8,Monsieur,8,0
KRAKEN,enrichi_80-20,Contie,6,Contie,6,0
KRAKEN,enrichi_80-20,Mfte Canonnier,14,Canonnier,9,-5
KRAKEN,enrichi_80-20,Ohl,3,Ohl,3,0
KRAKEN,enrichi_80-20,Mle Canonnier,13,Canonnier,9,-4
KRAKEN,enrichi_80-20,Me Canonnier ?,14,Canonnier,9,-5
KRAKEN,enrichi_80-20,Hfle Canonnier,14,Canonnier,9,-5
KRAKEN,enrichi_80-20,Rons Rons,9,Rons,4,-5
KRAKEN,enrichi_80-20,Caline,6,Caline,6,0
KRAKEN,enrichi_80-20,Causerions,10,Causerions,10,0
KRAKEN,enrichi_80-20,Mlais,5,Mlais,5,0
KRAKEN,enrichi_80-20,"Moi MemC.
 ",11,MemC.,5,-6
KRAKEN,enrichi_80-20,Vousi,5,Vousi,5,0
KRAKEN,enrichi_80-20,Raitre,6,Raitre,6,0
KRAKEN,enrichi_80-20,Croyer,6,Croyer,6,0
KRAKEN,enrichi_80-20,Sy Craimponne,13,Craimponne,10,-3
KRAKEN,enrichi_80-20,Dieu,4,Dieu,4,0
KRAKEN,enrichi_80-20,Mensonges !,11,Mensonges,9,-2
KRAKEN,enrichi_80-20,Curicus,7,Curicus,7,0
KRAKEN,enrichi_80-20,Mentés,7,Mentés,7,0
KRAKEN,enrichi_80-20,Suisse,6,Suisse,6,0
KRAKEN,enrichi_80-20,Constances,10,Constances,10,0
KRAKEN,enrichi_80-20,Comtencer,9,Comtencer,9,0
KRAKEN,enrichi_80-20,Coussin,7,Coussin,7,0
KRAKEN,enrichi_80-20,Cues,4,Cues,4,0
KRAKEN,enrichi_80-20,Reur,4,Reur,4,0
KRAKEN,enrichi_80-20,Voild,5,Voild,5,0
KRAKEN,enrichi_80-20,Louvain,7,Louvain,7,0
KRAKEN,enrichi_80-20,Vetre,5,Vetre,5,0
KRAKEN,enrichi_80-20,II Eaudra,9,Eaudra,6,-3
KRAKEN,enrichi_80-20,Roger,5,Roger,5,0
KRAKEN,enrichi_80-20,Adris,5,Adris,5,0
KRAKEN,enrichi_80-20,Broussaille,11,Broussaille,11,0
KRAKEN,enrichi_80-20,Jean Jacques,12,Jacques,7,-5
KRAKEN,enrichi_80-20,Mlairie,7,Mlairie,7,0
KRAKEN,enrichi_80-20,Jarndis,7,Jarndis,7,0
KRAKEN,enrichi_80-20,Babel,5,Babel,5,0
KRAKEN,enrichi_80-20,Dicul,5,Dicul,5,0
KRAKEN,enrichi_80-20,Ccur,4,Ccur,4,0
KRAKEN,enrichi_80-20,Jeur,4,Jeur,4,0
KRAKEN,enrichi_80-20,Allemande,9,Allemande,9,0
KRAKEN,enrichi_80-20,Veuves,6,Veuves,6,0
KRAKEN,enrichi_80-20,Paternoster,11,Paternoster,11,0
KRAKEN,enrichi_80-20,Danton,6,Danton,6,0
KRAKEN,enrichi_80-20,Canonnier,9,Canonnier,9,0
KRAKEN,enrichi_80-20,Jesais,6,Jesais,6,0
KRAKEN,enrichi_80-20,Lurc,4,Lurc,4,0
KRAKEN,enrichi_80-20,Anglaise,8,Anglaise,8,0
KRAKEN,enrichi_80-20,Mne,3,Mne,3,0
KRAKEN,enrichi_80-20,Joge,4,Joge,4,0
KRAKEN,enrichi_80-20,Waterloo Road,13,Waterloo,8,-5
KRAKEN,enrichi_80-20,Lamnise,7,Lamnise,7,0
KRAKEN,enrichi_80-20,Cravesend,9,Cravesend,9,0
KRAKEN,enrichi_80-20,Lourner d,9,Lourner,7,-2
KRAKEN,enrichi_80-20,Gauche,6,Gauche,6,0
KRAKEN,enrichi_80-20,Guelqunn,8,Guelqunn,8,0
KRAKEN,enrichi_80-20,Suisse,6,Suisse,6,0
KRAKEN,enrichi_80-20,Jenfamine,9,Jenfamine,9,0
KRAKEN,enrichi_80-20,Lenetres,8,Lenetres,8,0
KRAKEN,enrichi_80-20,Couleu,6,Couleu,6,0
KRAKEN,enrichi_80-20,Jeuld,5,Jeuld,5,0
KRAKEN,enrichi_80-20,Hon lLhomine,12,lLhomine,8,-4
KRAKEN,enrichi_80-20,Deuretages,10,Deuretages,10,0
KRAKEN,enrichi_80-20,Sdisir,6,Sdisir,6,0
KRAKEN,enrichi_80-20,Drie,4,Drie,4,0
KRAKEN,enrichi_80-20,Sentillette,11,Sentillette,11,0
KRAKEN,enrichi_80-20,Etranger-,9,Etranger-,9,0
KRAKEN,enrichi_80-20,Conspirateur,12,Conspirateur,12,0
KRAKEN,enrichi_80-20,Coucherai,9,Coucherai,9,0
KRAKEN,enrichi_80-20,Mnourant,8,Mnourant,8,0
KRAKEN,enrichi_80-20,Navigation,10,Navigation,10,0
KRAKEN,enrichi_80-20,"Mdis
.Q'",8,Mdis,4,-4
KRAKEN,enrichi_80-20,Jaindis,7,Jaindis,7,0
KRAKEN,enrichi_80-20,Louloureun,10,Louloureun,10,0
KRAKEN,enrichi_80-20,Jamdis,6,Jamdis,6,0
KRAKEN,enrichi_80-20,Voilique,8,Voilique,8,0
KRAKEN,enrichi_80-20,Roger,5,Roger,5,0
KRAKEN,enrichi_80-20,Ceorges,7,Ceorges,7,0
KRAKEN,enrichi_80-20,Charlotte,9,Charlotte,9,0
KRAKEN,enrichi_80-20,Charlotte,9,Charlotte,9,0
KRAKEN,enrichi_80-20,Conjectures,11,Conjectures,11,0
KRAKEN,enrichi_80-20,Charlotte,9,Charlotte,9,0
KRAKEN,enrichi_80-20,Chambre,7,Chambre,7,0
KRAKEN,enrichi_80-20,Charlotte por,13,Charlotte,9,-4
KRAKEN,enrichi_80-20,Chose,5,Chose,5,0
KRAKEN,enrichi_80-20,Méningite,10,Méningite,10,0
KRAKEN,enrichi_80-20,Iliet,5,Iliet,5,0
KRAKEN,enrichi_80-20,Marguerire,10,Marguerire,10,0
KRAKEN,enrichi_80-20,Marguerite,10,Marguerite,10,0
KRAKEN,enrichi_80-20,Mme Montarenil,14,Montarenil,10,-4
KRAKEN,enrichi_80-20,ter Mlarguerite,15,Mlarguerite,11,-4
KRAKEN,enrichi_80-20,Marquerite,10,Marquerite,10,0
KRAKEN,enrichi_80-20,Charlotte,9,Charlotte,9,0
KRAKEN,enrichi_80-20,Charlotte,9,Charlotte,9,0
KRAKEN,enrichi_80-20,"cn
i Changeant",14,Changeant,9,-5
KRAKEN,enrichi_80-20,Loutce,6,Loutce,6,0
KRAKEN,enrichi_80-20,Etjememets,10,Etjememets,10,0
KRAKEN,enrichi_80-20,Charlotte,9,Charlotte,9,0
KRAKEN,enrichi_80-20,Georges,7,Georges,7,0
KRAKEN,enrichi_80-20,nonl,4,nonl,4,0
KRAKEN,enrichi_80-20,Charlotte,9,Charlotte,9,0
KRAKEN,enrichi_80-20,Ceorgette,9,Ceorgette,9,0
KRAKEN,enrichi_80-20,Ctpuis,6,Ctpuis,6,0
KRAKEN,enrichi_80-20,Nant,4,Nant,4,0
KRAKEN,enrichi_80-20,Naturellement,13,Naturellement,13,0
KRAKEN,enrichi_80-20,Ceorgette,9,Ceorgette,9,0
KRAKEN,enrichi_80-20,Charlotte,9,Charlotte,9,0
KRAKEN,enrichi_80-20,"Carl
nuit",9,Carl,4,-5
KRAKEN,enrichi_80-20,Charlotte,9,Charlotte,9,0
KRAKEN,enrichi_80-20,Mon Bieu,8,Bieu,4,-4
KRAKEN,enrichi_80-20,Charlotte,9,Charlotte,9,0
KRAKEN,enrichi_80-20,Charlotte,9,Charlotte,9,0
KRAKEN,enrichi_80-20,Charlotte,9,Charlotte,9,0
KRAKEN,enrichi_80-20,Monsieur,8,Monsieur,8,0
KRAKEN,enrichi_80-20,Mesidans,8,Mesidans,8,0
KRAKEN,enrichi_80-20,Charlotte,9,Charlotte,9,0
KRAKEN,enrichi_80-20,Lener,5,Lener,5,0
KRAKEN,enrichi_80-20,Poutiques,9,Poutiques,9,0
KRAKEN,enrichi_80-20,Charlotte,9,Charlotte,9,0
KRAKEN,enrichi_80-20,Charlotte,9,Charlotte,9,0
KRAKEN,enrichi_80-20,Mics,4,Mics,4,0
KRAKEN,enrichi_80-20,Charlotte,9,Charlotte,9,0
KRAKEN,enrichi_80-20,Chapeaul,8,Chapeaul,8,0
KRAKEN,enrichi_80-20,Broussaille,11,Broussaille,11,0
KRAKEN,enrichi_80-20,Broussaille,11,Broussaille,11,0
KRAKEN,enrichi_80-20,Cing Mirutes,12,Mirutes,7,-5
KRAKEN,enrichi_80-20,Broussaille,11,Broussaille,11,0
KRAKEN,enrichi_80-20,Paques,6,Paques,6,0
KRAKEN,enrichi_80-20,Cheapside,9,Cheapside,9,0
KRAKEN,enrichi_80-20,Jenipe,6,Jenipe,6,0
KRAKEN,enrichi_80-20,Cetargent,9,Cetargent,9,0
KRAKEN,enrichi_80-20,Peutetre,8,Peutetre,8,0
KRAKEN,enrichi_80-20,Jene veuy,9,Jene,4,-5
KRAKEN,enrichi_80-20,Guette,6,Guette,6,0
KRAKEN,enrichi_80-20,Jarnise ct,10,Jarnise,7,-3
KRAKEN,enrichi_80-20,Maison,6,Maison,6,0
KRAKEN,enrichi_80-20,Waterloo Road,13,Waterloo,8,-5
KRAKEN,enrichi_80-20,Jarndis,7,Jarndis,7,0
KRAKEN,enrichi_80-20,Cntre cuK.,10,Cntre,5,-5
KRAKEN,enrichi_80-20,Charlotte,9,Charlotte,9,0
KRAKEN,enrichi_80-20,Charlotte,9,Charlotte,9,0
KRAKEN,enrichi_80-20,Charlotte,9,Charlotte,9,0
KRAKEN,enrichi_80-20,Ceorges,7,Ceorges,7,0
KRAKEN,enrichi_80-20,Compro,6,Compro,6,0
KRAKEN,enrichi_80-20,Charlotte,9,Charlotte,9,0
KRAKEN,enrichi_80-20,Indis,5,Indis,5,0
KRAKEN,enrichi_80-20,Rocons,6,Rocons,6,0
KRAKEN,enrichi_80-20,Charlotte,9,Charlotte,9,0
KRAKEN,enrichi_80-20,Dieul...,8,Dieul,5,-3
KRAKEN,enrichi_80-20,Charlotte,9,Charlotte,9,0
KRAKEN,enrichi_80-20,Noel,4,Noel,4,0
KRAKEN,enrichi_80-20,Aujourdhui,10,Aujourdhui,10,0
KRAKEN,enrichi_80-20,Noel,4,Noel,4,0
KRAKEN,enrichi_80-20,Comprener,9,Comprener,9,0
KRAKEN,enrichi_80-20,Monsicur,8,Monsicur,8,0
KRAKEN,enrichi_80-20,Que Dien,8,Dien,4,-4
KRAKEN,enrichi_80-20,Monsieur !,10,Monsieur,8,-2
KRAKEN,enrichi_80-20,Echapper,8,Echapper,8,0
KRAKEN,enrichi_80-20,Charlotte,9,Charlotte,9,0
KRAKEN,enrichi_80-20,Rerechaufierd,13,Rerechaufierd,13,0
KRAKEN,enrichi_80-20,Paternoster,11,Paternoster,11,0
KRAKEN,enrichi_80-20,Jendemdin,9,Jendemdin,9,0
KRAKEN,enrichi_80-20,Voyou,5,Voyou,5,0
KRAKEN,enrichi_80-20,Pair,4,Pair,4,0
KRAKEN,enrichi_80-20,Ihomine,7,Ihomine,7,0
KRAKEN,enrichi_80-20,Paternoster,11,Paternoster,11,0
KRAKEN,enrichi_80-20,Cnorie,6,Cnorie,6,0
KRAKEN,enrichi_80-20,Dieu,4,Dieu,4,0
KRAKEN,enrichi_80-20,Jesonge,7,Jesonge,7,0
KRAKEN,enrichi_80-20,Chambre,7,Chambre,7,0
KRAKEN,enrichi_80-20,Charlotte,9,Charlotte,9,0
KRAKEN,enrichi_80-20,Mon Dieu!,9,Dieu,4,-5
KRAKEN,enrichi_80-20,Charlotte,9,Charlotte,9,0
KRAKEN,enrichi_80-20,Estce,5,Estce,5,0
KRAKEN,enrichi_80-20,Charlotte,9,Charlotte,9,0
KRAKEN,enrichi_80-20,Voild,5,Voild,5,0
KRAKEN,enrichi_80-20,Come,4,Come,4,0
KRAKEN,enrichi_80-20,Connaitre,9,Connaitre,9,0
KRAKEN,enrichi_80-20,Amnour,6,Amnour,6,0
KRAKEN,enrichi_80-20,Rdte,4,Rdte,4,0
KRAKEN,enrichi_80-20,Dous,4,Dous,4,0
KRAKEN,enrichi_80-20,Cravates,8,Cravates,8,0
KRAKEN,enrichi_80-20,Casies,6,Casies,6,0
KRAKEN,enrichi_80-20,Charlotte,9,Charlotte,9,0
KRAKEN,enrichi_80-20,Charlotte,9,Charlotte,9,0
KRAKEN,enrichi_80-20,Seset,5,Seset,5,0
KRAKEN,enrichi_80-20,Ohl,3,Ohl,3,0
KRAKEN,enrichi_80-20,Charlotte,9,Charlotte,9,0
KRAKEN,enrichi_80-20,Mdl,3,Mdl,3,0
KRAKEN,enrichi_80-20,"Coups,
",7,Coups,5,-2
KRAKEN,enrichi_80-20,Mditriser,9,Mditriser,9,0
KRAKEN,enrichi_80-20,ef Aujourdhui,13,Aujourdhui,10,-3
KRAKEN,enrichi_80-20,Csprit,6,Csprit,6,0
KRAKEN,enrichi_80-20,Charlotte,9,Charlotte,9,0
KRAKEN,enrichi_80-20,"Sdint
Malo",10,Sdint,5,-5
KRAKEN,enrichi_80-20,Charlotte,9,Charlotte,9,0
KRAKEN,enrichi_80-20,Ceu,3,Ceu,3,0
KRAKEN,enrichi_80-20,Mousieur,8,Mousieur,8,0
KRAKEN,enrichi_80-20,Monsieur,8,Monsieur,8,0
KRAKEN,enrichi_80-20,Charlotte,9,Charlotte,9,0
KRAKEN,enrichi_80-20,Dien,4,Dien,4,0
KRAKEN,enrichi_80-20,Mne,3,Mne,3,0
KRAKEN,enrichi_80-20,Martyre,7,Martyre,7,0
KRAKEN,enrichi_80-20,Londres,7,Londres,7,0
KRAKEN,enrichi_80-20,I mre,5,mre,3,-2
KRAKEN,enrichi_80-20,Broussaille,11,Broussaille,11,0
KRAKEN,enrichi_80-20,Moiment,7,Moiment,7,0
KRAKEN,enrichi_80-20,Donhe moid,10,Donhe,5,-5
KRAKEN,enrichi_80-20,Vichy,5,Vichy,5,0
KRAKEN,enrichi_80-20,Vichy,5,Vichy,5,0
KRAKEN,enrichi_80-20,Vichy,5,Vichy,5,0
KRAKEN,enrichi_80-20,Metle,5,Metle,5,0
KRAKEN,enrichi_80-20,M^e Roudal,10,Roudal,6,-4
KRAKEN,enrichi_80-20,Vichy,5,Vichy,5,0
KRAKEN,enrichi_80-20,Broussaille,11,Broussaille,11,0
KRAKEN,enrichi_80-20,Vichy,5,Vichy,5,0
KRAKEN,enrichi_80-20,Mle,3,Mle,3,0
KRAKEN,enrichi_80-20,Charlotte,9,Charlotte,9,0
KRAKEN,enrichi_80-20,Cntre,5,Cntre,5,0
KRAKEN,enrichi_80-20,Montier,7,Montier,7,0
KRAKEN,enrichi_80-20,Lartufes,8,Lartufes,8,0
KRAKEN,enrichi_80-20,Vichy,5,Vichy,5,0
KRAKEN,enrichi_80-20,Mon Reveu,9,Reveu,5,-4
KRAKEN,enrichi_80-20,Clonne,6,Clonne,6,0
KRAKEN,enrichi_80-20,Suisse,6,Suisse,6,0
KRAKEN,enrichi_80-20,Tivages,7,Tivages,7,0
KRAKEN,enrichi_80-20,Voyageur,8,Voyageur,8,0
KRAKEN,enrichi_80-20,Lon oncle,9,oncle,5,-4
KRAKEN,enrichi_80-20,Margot,6,Margot,6,0
KRAKEN,enrichi_80-20,Cours,5,Cours,5,0
KRAKEN,enrichi_80-20,Mtue Charlotie t',17,Charlotie,9,-8
KRAKEN,enrichi_80-20,Cothhe,6,Cothhe,6,0
KRAKEN,enrichi_80-20,Aupdravant,10,Aupdravant,10,0
KRAKEN,enrichi_80-20,Charlotte,9,Charlotte,9,0
KRAKEN,enrichi_80-20,Cottes,6,Cottes,6,0
KRAKEN,enrichi_80-20,Jache,5,Jache,5,0
KRAKEN,enrichi_80-20,Jesuisattendue,14,Jesuisattendue,14,0
KRAKEN,enrichi_80-20,Cussct,6,Cussct,6,0
KRAKEN,enrichi_80-20,Chambre,7,Chambre,7,0
KRAKEN,enrichi_80-20,Margot,6,Margot,6,0
KRAKEN,enrichi_80-20,Associe,7,Associe,7,0
KRAKEN,enrichi_80-20,Mlargot,7,Mlargot,7,0
KRAKEN,enrichi_80-20,"om
Lssont",9,Lssont,6,-3
KRAKEN,enrichi_80-20,Dien,4,Dien,4,0
KRAKEN,enrichi_80-20,Madaine,7,Madaine,7,0
KRAKEN,enrichi_80-20,Monsieur,8,Monsieur,8,0
KRAKEN,enrichi_80-20,Monsieur,8,Monsieur,8,0
KRAKEN,enrichi_80-20,Mtadarne,8,Mtadarne,8,0
KRAKEN,enrichi_80-20,Monsieur,8,Monsieur,8,0
KRAKEN,enrichi_80-20,Comine,6,Comine,6,0
KRAKEN,enrichi_80-20,Gargon,6,Gargon,6,0
KRAKEN,enrichi_80-20,Somines,7,Somines,7,0
KRAKEN,enrichi_80-20,Egoistes,8,Egoistes,8,0
KRAKEN,enrichi_80-20,Mature,6,Mature,6,0
KRAKEN,enrichi_80-20,Monsieur,8,Monsieur,8,0
KRAKEN,enrichi_80-20,Maladics,8,Maladics,8,0
KRAKEN,enrichi_80-20,Broussaille,11,Broussaille,11,0
KRAKEN,enrichi_80-20,Cequime,7,Cequime,7,0
KRAKEN,enrichi_80-20,Broussaille,11,Broussaille,11,0
KRAKEN,enrichi_80-20,Broussaille,11,Broussaille,11,0
KRAKEN,enrichi_80-20,Ranclle,7,Ranclle,7,0
KRAKEN,enrichi_80-20,Ruxion,6,Ruxion,6,0
KRAKEN,enrichi_80-20,M. Randal,9,Randal,6,-3
KRAKEN,enrichi_80-20,Comimode,8,Comimode,8,0
KRAKEN,enrichi_80-20,Monsicur,8,Monsicur,8,0
KRAKEN,enrichi_80-20,Corbans,7,Corbans,7,0
KRAKEN,enrichi_80-20,Mdis,4,Mdis,4,0
KRAKEN,enrichi_80-20,Eamargelle,10,Eamargelle,10,0
KRAKEN,enrichi_80-20,Dieul,5,Dieul,5,0
KRAKEN,enrichi_80-20,Mdinteuan,9,Mdinteuan,9,0
KRAKEN,enrichi_80-20,Rite,4,Rite,4,0
KRAKEN,enrichi_80-20,Duantd,6,Duantd,6,0
KRAKEN,enrichi_80-20,Vichy,5,Vichy,5,0
KRAKEN,enrichi_80-20,Arri,4,Arri,4,0
KRAKEN,enrichi_80-20,CHercice,8,CHercice,8,0
KRAKEN,enrichi_80-20,Sirc Accomplir,14,Accomplir,9,-5
KRAKEN,enrichi_80-20,Vacte,5,Vacte,5,0
KRAKEN,enrichi_80-20,kniront,7,kniront,7,0
KRAKEN,enrichi_80-20,Clerge,6,Clerge,6,0
KRAKEN,enrichi_80-20,Rexion,6,Rexion,6,0
KRAKEN,enrichi_80-20,Vichy,5,Vichy,5,0
KRAKEN,enrichi_80-20,Mon Dieu!,9,Dieu,4,-5
KRAKEN,enrichi_80-20,Aans Cetle,10,Cetle,5,-5
KRAKEN,enrichi_80-20,Mouratet,8,Mouratet,8,0
KRAKEN,enrichi_80-20,Hme Mourdteter,14,Mourdteter,10,-4
KRAKEN,enrichi_80-20,Delpich,7,Delpich,7,0
KRAKEN,enrichi_80-20,Mordle,6,Mordle,6,0
KRAKEN,enrichi_80-20,Quarid,6,Quarid,6,0
KRAKEN,enrichi_80-20,Broussaille,11,Broussaille,11,0
KRAKEN,enrichi_80-20,Broussaille,11,Broussaille,11,0
KRAKEN,enrichi_80-20,Graciense,9,Graciense,9,0
KRAKEN,enrichi_80-20,Casino,6,Casino,6,0
KRAKEN,enrichi_80-20,Dabord,6,Dabord,6,0
KRAKEN,enrichi_80-20,Comine,6,Comine,6,0
KRAKEN,enrichi_80-20,Mouratet,8,Mouratet,8,0
KRAKEN,enrichi_80-20,Restauration,12,Restauration,12,0
KRAKEN,enrichi_80-20,Mouratet,8,Mouratet,8,0
KRAKEN,enrichi_80-20,Mouratet,8,Mouratet,8,0
KRAKEN,enrichi_80-20,Mfouralet We,12,Mfouralet,9,-3
KRAKEN,enrichi_80-20,Moliere,7,Moliere,7,0
KRAKEN,enrichi_80-20,soihine,7,soihine,7,0
KRAKEN,enrichi_80-20,Voics,5,Voics,5,0
KRAKEN,enrichi_80-20,Eaudra,6,Eaudra,6,0
KRAKEN,enrichi_80-20,Arinaud,7,Arinaud,7,0
KRAKEN,enrichi_80-20,Vichy,5,Vichy,5,0
KRAKEN,enrichi_80-20,Mouratet,8,Mouratet,8,0
KRAKEN,enrichi_80-20,ML,2,ML,2,0
KRAKEN,enrichi_80-20,Reveuf,6,Reveuf,6,0
KRAKEN,enrichi_80-20,Vichy,5,Vichy,5,0
KRAKEN,enrichi_80-20,Dedux,5,Dedux,5,0
KRAKEN,enrichi_80-20,Cloch,5,Cloch,5,0
KRAKEN,enrichi_80-20,Mlourntet,9,Mlourntet,9,0
KRAKEN,enrichi_80-20,Mouratetavecun,14,Mouratetavecun,14,0
KRAKEN,enrichi_80-20,Mouratet,8,Mouratet,8,0
KRAKEN,enrichi_80-20,Lonner,6,Lonner,6,0
KRAKEN,enrichi_80-20,Mlais,5,Mlais,5,0
KRAKEN,enrichi_80-20,Mouratet,8,Mouratet,8,0
KRAKEN,enrichi_80-20,Tigure to1,10,Tigure,6,-4
KRAKEN,enrichi_80-20,Monsieur,8,Monsieur,8,0
KRAKEN,enrichi_80-20,Cloigner,8,Cloigner,8,0
KRAKEN,enrichi_80-20,Monsicur A,10,Monsicur,8,-2
KRAKEN,enrichi_80-20,Resont,6,Resont,6,0
KRAKEN,enrichi_80-20,CA,2,CA,2,0
KRAKEN,enrichi_80-20,Yous Craignier,14,Craignier,9,-5
KRAKEN,enrichi_80-20,Gariercr,8,Gariercr,8,0
KRAKEN,enrichi_80-20,Comline,7,Comline,7,0
KRAKEN,enrichi_80-20,Commode,7,Commode,7,0
KRAKEN,enrichi_80-20,Septou,6,Septou,6,0
KRAKEN,enrichi_80-20,Adressc,7,Adressc,7,0
KRAKEN,enrichi_80-20,MA Scue,7,Scue,4,-3
KRAKEN,enrichi_80-20,Mouratet,8,Mouratet,8,0
KRAKEN,enrichi_80-20,Mne,3,Mne,3,0
KRAKEN,enrichi_80-20,Suttont,7,Suttont,7,0
KRAKEN,enrichi_80-20,Mouratet,8,Mouratet,8,0
KRAKEN,enrichi_80-20,Louta,5,Louta,5,0
KRAKEN,enrichi_80-20,Mourater,8,Mourater,8,0
KRAKEN,enrichi_80-20,Friste,6,Friste,6,0
KRAKEN,enrichi_80-20,Conmeinoi,9,Conmeinoi,9,0
KRAKEN,enrichi_80-20,Masque,6,Masque,6,0
KRAKEN,enrichi_80-20,Kgure,5,Kgure,5,0
KRAKEN,enrichi_80-20,Marquises,9,Marquises,9,0
KRAKEN,enrichi_80-20,Chambellans,11,Chambellans,11,0
KRAKEN,enrichi_80-20,Mouratet,8,Mouratet,8,0
KRAKEN,enrichi_80-20,Couloir,7,Couloir,7,0
KRAKEN,enrichi_80-20,Lemme,5,Lemme,5,0
KRAKEN,enrichi_80-20,Linaire,7,Linaire,7,0
KRAKEN,enrichi_80-20,Jerandsser,10,Jerandsser,10,0
KRAKEN,enrichi_80-20,Mouratet,8,Mouratet,8,0
KRAKEN,enrichi_80-20,Monte,5,Monte,5,0
KRAKEN,enrichi_80-20,Mouraiet,8,Mouraiet,8,0
KRAKEN,enrichi_80-20,Mouratet,8,Mouratet,8,0
KRAKEN,enrichi_80-20,Mourater,8,Mourater,8,0
KRAKEN,enrichi_80-20,Maicaube,8,Maicaube,8,0
KRAKEN,enrichi_80-20,Sesont,6,Sesont,6,0
KRAKEN,enrichi_80-20,Monsicur !,10,Monsicur,8,-2
KRAKEN,enrichi_80-20,Cestfait,8,Cestfait,8,0
KRAKEN,enrichi_80-20,NOMS,4,NOMS,4,0
KRAKEN,enrichi_80-20,Rekenion,8,Rekenion,8,0
KRAKEN,enrichi_80-20,amphichestre,12,amphichestre,12,0
KRAKEN,enrichi_80-20,Riger,5,Riger,5,0
KRAKEN,enrichi_80-20,Mdis,4,Mdis,4,0
KRAKEN,enrichi_80-20,Coiine,6,Coiine,6,0
KRAKEN,enrichi_80-20,Mouratet,8,Mouratet,8,0
KRAKEN,enrichi_80-20,IHonncur,8,IHonncur,8,0
KRAKEN,enrichi_80-20,Jesuis,6,Jesuis,6,0
KRAKEN,enrichi_80-20,Mouratet,8,Mouratet,8,0
KRAKEN,enrichi_80-20,Margotd,7,Margotd,7,0
KRAKEN,enrichi_80-20,Courbassol,10,Courbassol,10,0
KRAKEN,enrichi_80-20,Margor,6,Margor,6,0
KRAKEN,enrichi_80-20,Lemthe,6,Lemthe,6,0
KRAKEN,enrichi_80-20,Moment,6,Moment,6,0
KRAKEN,enrichi_80-20,Quime,5,Quime,5,0
KRAKEN,enrichi_80-20,Complimente,11,Complimente,11,0
KRAKEN,enrichi_80-20,Dalmatic,8,Dalmatic,8,0
KRAKEN,enrichi_80-20,Pentetre,8,Pentetre,8,0
KRAKEN,enrichi_80-20,Me,2,Me,2,0
KRAKEN,enrichi_80-20,Actes,5,Actes,5,0
KRAKEN,enrichi_80-20,Ilcxiste,8,Ilcxiste,8,0
KRAKEN,enrichi_80-20,Mtmi,4,Mtmi,4,0
KRAKEN,enrichi_80-20,Maturclement,12,Maturclement,12,0
KRAKEN,enrichi_80-20,Vichy,5,Vichy,5,0
KRAKEN,enrichi_80-20,Assis,5,Assis,5,0
KRAKEN,enrichi_80-20,Delpich-,8,Delpich-,8,0
KRAKEN,enrichi_80-20,Delpich,7,Delpich,7,0
KRAKEN,enrichi_80-20,Kacre,5,Kacre,5,0
KRAKEN,enrichi_80-20,Delpich,7,Delpich,7,0
KRAKEN,enrichi_80-20,Maison,6,Maison,6,0
KRAKEN,enrichi_80-20,Clets,5,Clets,5,0
KRAKEN,enrichi_80-20,Attender,8,Attender,8,0
KRAKEN,enrichi_80-20,Metterles,9,Metterles,9,0
KRAKEN,enrichi_80-20,Randal,6,Randal,6,0
KRAKEN,enrichi_80-20,Chose,5,Chose,5,0
KRAKEN,enrichi_80-20,Louis KVl,9,Louis,5,-4
KRAKEN,enrichi_80-20,Cham,4,Cham,4,0
KRAKEN,enrichi_80-20,Randal,6,Randal,6,0
KRAKEN,enrichi_80-20,Momnent,7,Momnent,7,0
KRAKEN,enrichi_80-20,Delpich,7,Delpich,7,0
KRAKEN,enrichi_80-20,Delpich,7,Delpich,7,0
KRAKEN,enrichi_80-20,Manquerd,8,Manquerd,8,0
KRAKEN,enrichi_80-20,Aulieu de,9,Aulieu,6,-3
KRAKEN,enrichi_80-20,Canonnicr,9,Canonnicr,9,0
KRAKEN,enrichi_80-20,Ricn,4,Ricn,4,0
KRAKEN,enrichi_80-20,Eamargelle,10,Eamargelle,10,0
KRAKEN,enrichi_80-20,Vichy,5,Vichy,5,0
KRAKEN,enrichi_80-20,sarI,4,sarI,4,0
KRAKEN,enrichi_80-20,Randal,6,Randal,6,0
KRAKEN,enrichi_80-20,Randdl,6,Randdl,6,0
KRAKEN,enrichi_80-20,Dangercuy,9,Dangercuy,9,0
KRAKEN,enrichi_80-20,Changer,7,Changer,7,0
KRAKEN,enrichi_80-20,Delpich,7,Delpich,7,0
KRAKEN,enrichi_80-20,Madamne,7,Madamne,7,0
KRAKEN,enrichi_80-20,Couicr,6,Couicr,6,0
KRAKEN,enrichi_80-20,Delpich,7,Delpich,7,0
KRAKEN,enrichi_80-20,Diresmoi,8,Diresmoi,8,0
KRAKEN,enrichi_80-20,Monsieur,8,Monsieur,8,0
KRAKEN,enrichi_80-20,Me,2,Me,2,0
KRAKEN,enrichi_80-20,Delpich!,8,Delpich,7,-1
KRAKEN,enrichi_80-20,Brasse,6,Brasse,6,0
KRAKEN,enrichi_80-20,Reur,4,Reur,4,0
KRAKEN,enrichi_80-20,Charnues,8,Charnues,8,0
KRAKEN,enrichi_80-20,Martyre,7,Martyre,7,0
KRAKEN,enrichi_80-20,Mousieur,8,Mousieur,8,0
KRAKEN,enrichi_80-20,Cesoi,5,Cesoi,5,0
KRAKEN,enrichi_80-20,Mlais,5,Mlais,5,0
KRAKEN,enrichi_80-20,Vener,5,Vener,5,0
KRAKEN,enrichi_80-20,Chercheren,10,Chercheren,10,0
KRAKEN,enrichi_80-20,Mimc Dclpich,12,Dclpich,7,-5
KRAKEN,enrichi_80-20,Jiniroduis,10,Jiniroduis,10,0
KRAKEN,enrichi_80-20,Cottre,6,Cottre,6,0
KRAKEN,enrichi_80-20,"5d
Luite",8,Luite,5,-3
KRAKEN,enrichi_80-20,Monsicur,8,Monsicur,8,0
KRAKEN,enrichi_80-20,Compromise,10,Compromise,10,0
KRAKEN,enrichi_80-20,"Siti Auss
f",11,Auss,4,-7
KRAKEN,enrichi_80-20,Compromise,10,Compromise,10,0
KRAKEN,enrichi_80-20,Monsieur,8,Monsieur,8,0
KRAKEN,enrichi_80-20,Mlie Delpich,12,Delpich,7,-5
KRAKEN,enrichi_80-20,Lemies!,7,Lemies,6,-1
KRAKEN,enrichi_80-20,Cellente,8,Cellente,8,0
KRAKEN,enrichi_80-20,Sauveur,7,Sauveur,7,0
KRAKEN,enrichi_80-20,"Mon Sauveur
Tlle",16,Sauveur,7,-9
KRAKEN,enrichi_80-20,Ouestce,7,Ouestce,7,0
KRAKEN,enrichi_80-20,Monsicur,8,Monsicur,8,0
KRAKEN,enrichi_80-20,Cacur,5,Cacur,5,0
KRAKEN,enrichi_80-20,Comine,6,Comine,6,0
KRAKEN,enrichi_80-20,Hime Delpich,12,Delpich,7,-5
KRAKEN,enrichi_80-20,Réglementaircinent,19,Réglementaircinent,19,0
KRAKEN,enrichi_80-20,Roget,5,Roget,5,0
KRAKEN,enrichi_80-20,Convaincu,9,Convaincu,9,0
KRAKEN,enrichi_80-20,Delpich,7,Delpich,7,0
KRAKEN,enrichi_80-20,Hme Delpich,11,Delpich,7,-4
KRAKEN,enrichi_80-20,Randal,6,Randal,6,0
KRAKEN,enrichi_80-20,Surcr,5,Surcr,5,0
KRAKEN,enrichi_80-20,Chsuite,7,Chsuite,7,0
KRAKEN,enrichi_80-20,Benevieve Est,13,Benevieve,9,-4
KRAKEN,enrichi_80-20,Siques,6,Siques,6,0
KRAKEN,enrichi_80-20,Delpich,7,Delpich,7,0
KRAKEN,enrichi_80-20,Delpich,7,Delpich,7,0
KRAKEN,enrichi_80-20,Commie,6,Commie,6,0
KRAKEN,enrichi_80-20,Consciencieuse,14,Consciencieuse,14,0
KRAKEN,enrichi_80-20,Marcher,7,Marcher,7,0
KRAKEN,enrichi_80-20,Place,5,Place,5,0
KRAKEN,enrichi_80-20,Lantot,6,Lantot,6,0
KRAKEN,enrichi_80-20,Royan,5,Royan,5,0
KRAKEN,enrichi_80-20,Ceneviève,10,Ceneviève,10,0
KRAKEN,enrichi_80-20,Milade,6,Milade,6,0
KRAKEN,enrichi_80-20,Voild,5,Voild,5,0
KRAKEN,enrichi_80-20,Vienne,6,Vienne,6,0
KRAKEN,enrichi_80-20,Autrichien,10,Autrichien,10,0
KRAKEN,enrichi_80-20,Agure,5,Agure,5,0
KRAKEN,enrichi_80-20,Muinc,5,Muinc,5,0
KRAKEN,enrichi_80-20,Concle,6,Concle,6,0
KRAKEN,enrichi_80-20,Comlne,6,Comlne,6,0
KRAKEN,enrichi_80-20,Racontermoi,11,Racontermoi,11,0
KRAKEN,enrichi_80-20,Mte Charlotte,13,Charlotte,9,-4
KRAKEN,enrichi_80-20,Morte,5,Morte,5,0
KRAKEN,enrichi_80-20,Civil,5,Civil,5,0
KRAKEN,enrichi_80-20,Gtecs,5,Gtecs,5,0
KRAKEN,enrichi_80-20,"Monsicur, mne",13,Monsicur,8,-5
KRAKEN,enrichi_80-20,Chagrine,8,Chagrine,8,0
KRAKEN,enrichi_80-20,Convicrions,11,Convicrions,11,0
KRAKEN,enrichi_80-20,Scene,5,Scene,5,0
KRAKEN,enrichi_80-20,Casts,5,Casts,5,0
KRAKEN,enrichi_80-20,Ecouteter,9,Ecouteter,9,0
KRAKEN,enrichi_80-20,Nevousmetter,12,Nevousmetter,12,0
KRAKEN,enrichi_80-20,Mlais,5,Mlais,5,0
KRAKEN,enrichi_80-20,Madaine,7,Madaine,7,0
KRAKEN,enrichi_80-20,Ceneviere,9,Ceneviere,9,0
KRAKEN,enrichi_80-20,Mionsieur,9,Mionsieur,9,0
KRAKEN,enrichi_80-20,Raridal,7,Raridal,7,0
KRAKEN,enrichi_80-20,Kliale,6,Kliale,6,0
KRAKEN,enrichi_80-20,M. Randal,9,Randal,6,-3
KRAKEN,enrichi_80-20,M. Randal,9,Randal,6,-3
KRAKEN,enrichi_80-20,Scanddle,8,Scanddle,8,0
KRAKEN,enrichi_80-20,M. Randal,9,Randal,6,-3
KRAKEN,enrichi_80-20,Mladaine,8,Mladaine,8,0
KRAKEN,enrichi_80-20,Croyanle,8,Croyanle,8,0
KRAKEN,enrichi_80-20,Conduirdis,10,Conduirdis,10,0
KRAKEN,enrichi_80-20,M. Randal,9,Randal,6,-3
KRAKEN,enrichi_80-20,Metter,6,Metter,6,0
KRAKEN,enrichi_80-20,Colo!,5,Colo,4,-1
KRAKEN,enrichi_80-20,Normal,6,Normal,6,0
KRAKEN,enrichi_80-20,Pentetre l'y,12,Pentetre,8,-4
KRAKEN,enrichi_80-20,Jirai,5,Jirai,5,0
KRAKEN,enrichi_80-20,Tionne,6,Tionne,6,0
KRAKEN,enrichi_80-20,Dien,4,Dien,4,0
KRAKEN,enrichi_80-20,Jaindis,7,Jaindis,7,0
KRAKEN,enrichi_80-20,Conversioi,10,Conversioi,10,0
KRAKEN,enrichi_80-20,Batan,5,Batan,5,0
KRAKEN,enrichi_80-20,Dalild,6,Dalild,6,0
KRAKEN,enrichi_80-20,Caust,5,Caust,5,0
KRAKEN,enrichi_80-20,Absolumenttroid,15,Absolumenttroid,15,0
KRAKEN,enrichi_80-20,Mornents,8,Mornents,8,0
KRAKEN,enrichi_80-20,abbe,4,abbe,4,0
KRAKEN,enrichi_80-20,Maisilest,9,Maisilest,9,0
KRAKEN,enrichi_80-20,Gontelle,8,Gontelle,8,0
KRAKEN,enrichi_80-20,Prokiter,8,Prokiter,8,0
KRAKEN,enrichi_80-20,Alfaudra,8,Alfaudra,8,0
KRAKEN,enrichi_80-20,Charlotte,9,Charlotte,9,0
KRAKEN,enrichi_80-20,Jesuis,6,Jesuis,6,0
KRAKEN,enrichi_80-20,Bdine,5,Bdine,5,0
KRAKEN,enrichi_80-20,Montareuil,10,Montareuil,10,0
KRAKEN,enrichi_80-20,Mdis,4,Mdis,4,0
KRAKEN,enrichi_80-20,Mareot,6,Mareot,6,0
KRAKEN,enrichi_80-20,Voild,5,Voild,5,0
KRAKEN,enrichi_80-20,Courbissol,10,Courbissol,10,0
KRAKEN,enrichi_80-20,Serduncaffaire,14,Serduncaffaire,14,0
KRAKEN,enrichi_80-20,Vauvenargues,12,Vauvenargues,12,0
KRAKEN,enrichi_80-20,Yoisins,7,Yoisins,7,0
KRAKEN,enrichi_80-20,Lier,4,Lier,4,0
KRAKEN,enrichi_80-20,Barrot,6,Barrot,6,0
KRAKEN,enrichi_80-20,Cestmnon,8,Cestmnon,8,0
KRAKEN,enrichi_80-20,Courbassol,10,Courbassol,10,0
KRAKEN,enrichi_80-20,Jeceux,6,Jeceux,6,0
KRAKEN,enrichi_80-20,Cestchoisir,11,Cestchoisir,11,0
KRAKEN,enrichi_80-20,licu,4,licu,4,0
KRAKEN,enrichi_80-20,Nothingsbout,12,Nothingsbout,12,0
KRAKEN,enrichi_80-20,Voilace,7,Voilace,7,0
KRAKEN,enrichi_80-20,Monsicur,8,Monsicur,8,0
KRAKEN,enrichi_80-20,Chambre,7,Chambre,7,0
KRAKEN,enrichi_80-20,Courbassol,10,Courbassol,10,0
KRAKEN,enrichi_80-20,Jy,2,Jy,2,0
KRAKEN,enrichi_80-20,Mlais,5,Mlais,5,0
KRAKEN,enrichi_80-20,Broussaille,11,Broussaille,11,0
KRAKEN,enrichi_80-20,Broussaille,11,Broussaille,11,0
KRAKEN,enrichi_80-20,Crache,6,Crache,6,0
KRAKEN,enrichi_80-20,Canonniet,9,Canonniet,9,0
KRAKEN,enrichi_80-20,Croyer,6,Croyer,6,0
KRAKEN,enrichi_80-20,Aejcuner,8,Aejcuner,8,0
KRAKEN,enrichi_80-20,Cher,4,Cher,4,0
KRAKEN,enrichi_80-20,Handdl,6,Handdl,6,0
KRAKEN,enrichi_80-20,Cayenne,7,Cayenne,7,0
KRAKEN,enrichi_80-20,Serdi,5,Serdi,5,0
KRAKEN,enrichi_80-20,Aujourdhui,10,Aujourdhui,10,0
KRAKEN,enrichi_80-20,Ldmargelle,10,Ldmargelle,10,0
KRAKEN,enrichi_80-20,RRIS,4,RRIS,4,0
KRAKEN,enrichi_80-20,Mlais,5,Mlais,5,0
KRAKEN,enrichi_80-20,Assorrner aus5,14,Assorrner,9,-5
KRAKEN,enrichi_80-20,lure,4,lure,4,0
KRAKEN,enrichi_80-20,Mlais,5,Mlais,5,0
KRAKEN,enrichi_80-20,Croyer,6,Croyer,6,0
KRAKEN,enrichi_80-20,Conline,7,Conline,7,0
KRAKEN,enrichi_80-20,Lacordaire,10,Lacordaire,10,0
KRAKEN,enrichi_80-20,Cormine,7,Cormine,7,0
KRAKEN,enrichi_80-20,Lorsquejaurdi,13,Lorsquejaurdi,13,0
KRAKEN,enrichi_80-20,Moirien,7,Moirien,7,0
KRAKEN,enrichi_80-20,Lentative,9,Lentative,9,0
KRAKEN,enrichi_80-20,Lener,5,Lener,5,0
KRAKEN,enrichi_80-20,Srande,6,Srande,6,0
KRAKEN,enrichi_80-20,Dailleurs,9,Dailleurs,9,0
KRAKEN,enrichi_80-20,Doctrine,8,Doctrine,8,0
KRAKEN,enrichi_80-20,Malheureuseinent,16,Malheureuseinent,16,0
KRAKEN,enrichi_80-20,JeanJacques,11,JeanJacques,11,0
KRAKEN,enrichi_80-20,Mehsonge,8,Mehsonge,8,0
KRAKEN,enrichi_80-20,Motre,5,Motre,5,0
KRAKEN,enrichi_80-20,Vaguemneni,10,Vaguemneni,10,0
KRAKEN,enrichi_80-20,Rucun,5,Rucun,5,0
KRAKEN,enrichi_80-20,Critnessociuy,13,Critnessociuy,13,0
KRAKEN,enrichi_80-20,i Jesus,7,Jesus,5,-2
KRAKEN,enrichi_80-20,Champs,6,Champs,6,0
KRAKEN,enrichi_80-20,Motre,5,Motre,5,0
KRAKEN,enrichi_80-20,COuronnes,9,COuronnes,9,0
KRAKEN,enrichi_80-20,Laseule idec,12,Laseule,7,-5
KRAKEN,enrichi_80-20,Lentatives,10,Lentatives,10,0
KRAKEN,enrichi_80-20,Connine,7,Connine,7,0
KRAKEN,enrichi_80-20,Motre,5,Motre,5,0
KRAKEN,enrichi_80-20,Individu,8,Individu,8,0
KRAKEN,enrichi_80-20,Amour,5,Amour,5,0
KRAKEN,enrichi_80-20,la Manne,8,Manne,5,-3
KRAKEN,enrichi_80-20,Souverdines,11,Souverdines,11,0
KRAKEN,enrichi_80-20,Anonyine,8,Anonyine,8,0
KRAKEN,enrichi_80-20,Duel,4,Duel,4,0
KRAKEN,enrichi_80-20,Mouvedux,8,Mouvedux,8,0
KRAKEN,enrichi_80-20,Mlisere,7,Mlisere,7,0
KRAKEN,enrichi_80-20,Cheure,6,Cheure,6,0
KRAKEN,enrichi_80-20,Ceserd,6,Ceserd,6,0
KRAKEN,enrichi_80-20,Ca Continle,11,Continle,8,-3
KRAKEN,enrichi_80-20,Comine,6,Comine,6,0
KRAKEN,enrichi_80-20,Cutiliserd,10,Cutiliserd,10,0
