Token;Label_Maj;Quaero_Maj
PETITE;PER;
JEANNE;PER;
"

";;
LE;;
DEVOIR;;
.;;
"

";;
_;;
—;;
"

";;
PREMIÈRE;;
PARTIE;;
.;;
"
";;
ENFANCE;;
DE;;
JEANNE;PER;
.;;
"

 

";;
La;PER;
mère;PER;
Nannette;PER;
.;;
"

";;
Il;;
y;;
avait;;
dans;;
un;;
bourg;;
du;;
département;LOC;loc.adm.reg
du;LOC;loc.adm.reg
"
";;
Cher;LOC;loc.adm.reg
une;;
bonne;;
veuve;;
âgée;;
de;;
soixante;;
ans;;
;;
qu';;
on;;
"
";;
appelait;;
la;PER;
mère;PER;
Nannette;PER;
.;;
Elle;;
possédait;;
une;;
petite;;
"
";;
maison;;
avec;;
une;;
petite;;
chènevière;;
et;;
un;;
jardin;;
"
";;
planté;;
de;;
pommiers;;
;;
de;;
pruniers;;
et;;
de;;
groseilliers;;
.;;
"
";;
Du;;
côté;;
du;;
chemin;;
;;
un;;
gros;;
noyer;;
;;
qui;;
avait;;
plus;;
"
";;
de;;
cent;;
ans;;
;;
ombrageait;;
le;;
devant;;
de;;
sa;;
porte;;
.;;
"
";;
Quand;;
les;;
fleurs;;
de;;
cet;;
arbre;;
ne;;
gelaient;;
pas;;
au;;
"
";;
printemps;;
;;
il;;
donnait;;
assez;;
de;;
noix;;
à;;
la;PER;
mère;PER;
"
";PER;
Nannette;PER;
pour;;
qu';;
elle;;
eût;;
sa;;
provision;;
d';;
huile;;
l';;
an-;;
"
";;
née;;
suivante;;
.;;
S';;
il;;
se;;
faisait;;
deux;;
bonnes;;
récoltes;;
"
";;
de;;
suite;;
;;
elle;;
vendait;;
une;;
partie;;
des;;
noix;;
;;
ce;;
qui;;
"
";;
lui;;
donnait;;
un;;
petit;;
profit;;
.;;
Quoiqu';;
elle;;
possédât;;
"
";;
une;;
vigne;;
et;;
un;;
beau;;
morceau;;
de;;
terre;;
;;
elle;;
n';;
a-;;
"
";;
vait;;
que;;
bien;;
juste;;
ce;;
qu';;
il;;
lui;;
fallait;;
pour;;
vivre;;
.;;
"

 

";;
8;;
PREMIÈRE;;
PARTIR;;
;;
"

";;
Elle;;
semait;;
du;;
froment;;
deux;;
années;;
de;;
suite;;
dans;;
"
";;
son;;
champ;;
;;
qui;;
;;
la;;
troisième;;
;;
rapportait;;
alterna-;;
"
";;
tivement;;
du;;
trèfle;;
et;;
des;;
pommes;;
de;;
terre;;
.;;
Elle;;
"
";;
récoltait;;
assez;;
de;;
blé;;
pour;;
se;;
nourrir;;
pendant.les;;
"
";;
trois;;
ans;;
.;;
Mais;;
si;;
l';;
année;;
était;;
mauvaise;;
;;
la;PER;
mère;PER;
"
";PER;
Nannette;PER;
vendait;;
la;;
pièce;;
de;;
toile;;
qu';;
elle;;
avait;;
fait;;
"
";;
faire;;
avec;;
le;;
chanvre;;
amassé;;
et;;
filé;;
pendant;;
quatre;;
"
";;
ans;;
.;;
L';;
argent;;
qu';;
elle;;
en;;
retirait;;
lui;;
servait;;
à;;
com-;;
"
";;
pléter;;
sa;;
provision;;
de;;
blé;;
";";;
et;;
;;
malgré;;
tout;;
cela;;
;;
"
";;
elle;;
pâtissait;;
bien;;
un;;
peu;;
l';;
hiver;;
.;;
"

";;
Pour;;
que;;
la;;
terre;;
rapporte;;
chaque;;
année;;
sans;;
"
";;
se;;
reposer;;
;;
il;;
faut;;
beaucoup;;
de;;
fumier;;
";";;
la;PER;
mère;PER;
"
";PER;
Nannette;PER;
;;
qui;;
le;;
savait;;
bien;;
;;
avait;;
une;;
vache;;
et;;
"
";;
une;;
chèvre;;
qu';;
elle;;
menait;;
paître;;
sur;;
les;;
commu-;;
"
";;
naux;;
et;;
le;;
long;;
des;;
haies;;
.;;
Avec;;
leur;;
lait;;
elle;;
faisait;;
"
";;
du;;
beurre;;
et;;
des;;
fromages;;
;;
qu';;
elle;;
vendait;;
à;;
la;;
"
";;
ville;;
voisine;;
.;;
Quand;;
ses;;
bêtes;;
étaient;;
rentrées;;
à;;
"
";;
l';;
étable;;
;;
elle;;
allait;;
chercher;;
pour;;
elles;;
de;;
l';;
herbe;;
"
";;
dans;;
les;;
champs;;
et;;
au;;
bord;;
des;;
ruisseaux;;
.;;
Comme;;
"
";;
elle;;
les;;
tenait;;
bien;;
proprement;;
;;
elles;;
étaient;;
en;;
ban;;
"
";;
état;;
.;;
L';;
hiver;;
;;
elles;;
mangeaient;;
ou;;
du;;
trèfle;;
qui;;
"
";;
avait;;
été;;
rentré;;
bien;;
sec;;
;;
ou;;
du;;
regain;;
récolté;;
après;;
"
";;
la;;
fauche;;
des;;
grands;;
foins;;
.;;
"

";;
La;PER;
mère;PER;
Nannette;PER;
vendait;;
son;;
vin;;
et;;
ne;;
buvait;;
"
";;
que;;
sa;;
boisson;;
‘;;
";";;
mais;;
;;
comme;;
l';;
argent;;
qu’;;
elle;;
ti-;;
"
";;
rait;;
de;;
son;;
vin;;
suffisait;;
bien;;
juste;;
;;
avec;;
celui;;
de;;
"
";;
son;;
beurre;;
et;;
de;;
ses;;
fromages;;
;;
à;;
payer;;
l’;;
impôt;;
et;;
"
";;
les;;
façons;;
de;;
son;;
champ;;
et;;
de;;
sa;;
vigne;;
;;
et;;
qu';;
il;;
lui;;
"
";;
fallait;;
encore;;
se;;
procurer;;
quelque;;
argent;;
pour;;
son;;
"
";;
entretien;;
;;
elle;;
élevait;;
des;;
oisons;;
qu';;
elle;;
achetait;;
"

";;
4;;
.;;
Eau;;
passée;;
sur;;
la;;
râpe;;
ou;;
le;;
marc;;
de;;
la;;
vendange;;
.;;
.;;
"

";;
ENFANCE;;
DE;;
JEANNE;PER;
.;;
à;;
"

";;
au;;
sortir;;
de;;
la;;
coque;;
.;;
Elle;;
se;;
donnait;;
beaucoup;;
de;;
"
";;
mal;;
pour;;
appâter;;
ces;;
petites;;
bêtes;;
et;;
pour;;
les;;
"
";;
garantir;;
du;;
froid;;
pendant;;
la;;
nuit;;
.;;
Ses;;
voisines;;
"
";;
plumaient;;
leurs;;
vies;;
quatre;;
fois;;
avant;;
de;;
les;;
ven-;;
"

 

";;
Chaumière;;
de;;
la;PER;
mè1;PER;
.;;
Nannette;PER;
"

";;
dre;;
";";;
mais;;
la;PER;
mère;PER;
Nannette;PER;
disait;;
que;;
c';;
était;;
une;;
"
";;
mauvaise;;
méthode;;
;;
parce;;
qu’;;
ainsi;;
l2;;
plume;;
n';;
a-;;
"
";;
vait;;
pas;;
le;;
temps;;
de;;
se;;
nourrir;;
;;
et;;
elle;;
ne;;
plumait;;
"
";;
les;;
siennes;;
que;;
trois;;
fois;;
";";;
puis;;
elle;;
en;;
vendait;;
la;;
"
";;
moitié;;
pour;;
la;MISC;
Toussaint;MISC;
et;;
l’;;
autre;;
moitié;;
à;;
Noël;MISC;
.;;
"

";;
&;;
CREMIÈRE;;
PARTIE;;
.;;
"

";;
Tout;;
eela;;
ne;;
lui;;
rapportait;;
pas;;
une;;
grosse;;
somme;;
";";;
"
";;
mais;;
elle;;
était;;
si;;
ménagère;;
qu';;
il;;
lui;;
restait;;
toujours;;
"
";;
un;;
pou;;
d';;
argent;;
à;;
la;;
fin;;
de;;
l';;
année;;
.;;
Pourtant;;
elle;;
"
";;
ne;;
se;;
nourrissait;;
pas;;
trop;;
mal;;
;;
disant;;
qu';;
elle;;
"
";;
aimait;;
mieux;;
donner;;
au;;
boucher;;
une;;
pidée;;
de;;
"
";;
cinquante;;
centimes;;
toutes;;
les;;
semgines;;
;;
que;;
vingt-;;
"
";;
cinq;;
francs;;
par;;
an;;
au;;
médecin;;
et;;
au;;
pharmacien;;
.;;
"

";;
Cathorino;PER;
et;;
Jeanne;PER;
.;;
°;;
"

";;
Un;;
matin;;
;;
la;PER;
mère;PER;
Nannette;PER;
;;
tricotant;;
devant;;
sa;;
"
";;
porte;;
;;
vit;;
venir;;
à;;
elle;;
une;;
jeune;;
femme;;
qui;;
tenait;;
"
";;
par;;
la;;
main;;
une;;
petite;;
fille;;
de;;
sept;;
à;;
huit;;
ans;;
et;;
"
";;
qui;;
lui;;
demanda;;
un;;
morceau;;
de;;
pain;;
.;;
Comme;;
cette;;
"
";;
femme;;
était;;
très;;
-0;;
pâle;;
et;;
avait;;
l';;
air;;
malade;;
;;
la;PER;
mère;PER;
"
";PER;
Nannette;PER;
l';;
emmena;;
dans;;
sa;;
maison;;
et;;
la;;
fit;;
asseoir;;
.;;
"
";;
Elle;;
ralluma;;
son;;
feu;;
;;
fit;;
réchauff;;
:;;
r;;
un;;
reste;;
de;;
"
";;
soupe;;
qu';;
elle;;
avait;;
gardé;;
.;;
pour;;
son;;
repas;;
du;;
soir;;
et;;
"
";;
le;;
donna;;
aux;;
deux;;
mendiantes;;
.;;
L';;
enfant;;
mangea;;
"
";;
de;;
si;;
bon;;
cœur;;
;;
que;;
la;PER;
mère;PER;
Nannette;PER;
vit;;
bien;;
que;;
"
";;
cette;;
petite;;
fille;;
n';;
avait;;
pas;;
souvent;;
si;;
bonne;;
"
";;
chance;;
.;;
Ensuite;;
elle;;
leur;;
versa;;
un;;
verre;;
de;;
boisson;;
"
";;
à;;
chacune;;
;;
et;;
dit;;
à;;
la;;
pauvre;;
femme;;
:;;
"

";;
«;;
Mon;;
Dieu;MISC;
!;;
il;;
faut;;
qu';;
il;;
vous;;
soit;;
arrivé;;
un;;
"
";;
bien;;
grand;;
malheur;;
;;
pour;;
qu';;
une;;
femme;;
;;
aussi;;
jeune;;
"
";;
que;;
vous;;
;;
ait;;
pu;;
se;;
décider;;
à;;
demander;;
son;;
pain;;
!;;
"

";;
—;;
Oh;;
!;;
oui;;
;;
un;;
bien;;
grand;;
malheur;;
;;
ma;;
chère;;
"
";;
femme;;
.;;
Il;;
faut;;
se;;
trouver;;
dépourvue;;
de;;
toute;;
res-;;
"
";;
source;;
pour;;
se;;
résoudre;;
à;;
en;;
venir;;
là;;
.;;
J';;
ai;;
bien;;
"
";;
souffert;;
de;;
la;;
faim;;
avant;;
de;;
pouvoir;;
me;;
décider;;
à;;
"
";;
teudre;;
la;;
main;;
";";;
je;;
erois;;
que;;
je;;
mc;;
serais;;
plutôt;;
"
";;
laissé;;
mourir;;
;;
si;;
je;;
n';;
avais;;
la;;
crainte;;
de;;
Dieu;;
et;;
"

 

";;
ENFANCE;;
DE;;
JEANNE;PER;
.;;
5;;
"

";;
si;;
je;;
n';;
aimais;;
tant;;
cette;;
pauvre;;
innocente;;
que;;
voilà;;
;;
"
";;
et;;
qui;;
serait;;
morte;;
aussi;;
.;;
Quand;;
il;;
m';;
en;;
coûte;;
.;;
"

 

 

";;
trop;;
pour;;
aller;;
demander;;
;;
je;;
la;;
regarde;;
et;;
je;;
re-;;
"
";;
prends;;
courage;;
.;;
C';;
est;;
bien;;
triste;;
;;
allez;;
;;
ma;;
chère;;
"
";;
femme;;
;;
quand;;
on;;
a;;
du;;
cœur;;
;;
de;;
vivre;;
en;;
ne;;
"

 

";;
6;;
PREMIÈRE;;
PARTIE;;
;;
"

";;
faisant;;
rien;;
;;
aux;;
dépens;;
de;;
ceux;;
qui;;
travaillent;;
!;;
"
";;
mais;;
je;;
ne;;
peux;;
pas;;
faire;;
autrement;;
.;;
"

";;
—;;
Pourquoi;;
done;;
?;;
dit;;
la;PER;
mère;PER;
Nannotte;PER;
;;
Con-;;
"
";;
tez;;
-moi;;
ça;;
.;;
»;;
"

";;
La;;
pauvre;;
femme;;
dit;;
à;;
la;PER;
mère;PER;
Nannette;PER;
:;;
"

";;
«;;
Je;;
suis;;
du;;
village;;
qui;;
est;;
auprbs;;
du;;
Cher;LOC;loc.phys.hydro
;;
à;;
"
";;
trois;;
lieues;;
d';;
ici;;
;;
1;;
];;
y;;
a;;
deux;;
mois;;
;;
j';;
ai;;
perdu;;
"
";;
mon;;
mari;;
à;;
la;;
suite;;
d';;
une;;
grosso;;
maladie;;
qui;;
l';;
a;;
"
";;
retenu;;
au;;
lit;;
pendant;;
bion;;
longtemps;;
.;;
J';;
ai;;
vendu;;
"
";;
tont;;
ce;;
que;;
j';;
avais;;
afin;;
de;;
pouvoir;;
le;;
soigner;;
;;
"
";;
Quand;;
il;;
n';;
y;;
a;;
plus;;
rien;;
ou;;
à;;
la;;
maison;;
que;;
le;;
lit;;
"
";;
sur;;
lequel;;
il;;
était;;
couché;;
;;
il;;
a;;
bien;;
fallu;;
s';;
endetter;;
.;;
"
";;
Après;;
sa;;
mort;;
;;
on;;
à;;
vendu;;
la;;
maison;;
;;
le;;
jordin;;
;;
"
";;
la;;
chènovière;;
;;
enfin;;
tout;;
;;
pour;;
payer;;
le;;
médecin;;
"
";;
et;;
les;;
autres;;
;;
et;;
je;;
ne;;
sais;;
plus;;
où;;
me;;
retirer;;
.;;
On;;
"
";;
ne;;
veut;;
pas;;
me;;
louer;;
;;
même;;
une;;
petite;;
chambre;;
;;
"
";;
parce;;
que;;
je;;
n';;
oi;;
pas;;
de;;
mobilier;;
pour;;
répondre;;
"

";;
du;;
loyer;;
.;;
Je;;
couche;;
avec;;
ma;;
petite;PER;
Jeanne;PER;
dans;;
les;;
"
";;
granges;;
;;
quand;;
on;;
veut;;
bien;;
m';;
y;;
souffrir;;
;;
ou;;
bien;;
"
";;
sur;;
les;;
tas;;
de;;
chaume;;
.;;
C';;
est;;
bon;;
à;;
présent;;
qu';;
il;;
"
";;
fait;;
chaud;;
";";;
mais;;
plus;;
tard;;
;;
comment;;
faire;;
avec;;
"
";;
cette;;
enfant;;
;;
moi;;
à;;
qui;;
les;;
médecins;;
ont;;
défendu;;
"
";;
de;;
sortir;;
pendant;;
tout;;
l’;;
hiver;;
?;;
»;;
"

";;
Et;;
la;;
pauvre;;
malheureuse;;
se;;
mit;;
à;;
pleurer;;
.;;
Sa;;
"
";;
petite;;
fille;;
pleura;;
aussi;;
en;;
l';;
embrassant;;
.;;
Elle;;
avait;;
"
";;
l';;
air;;
si;;
doux;;
et;;
si;;
aimable;;
;;
cette;;
petite;;
;;
que;;
la;PER;
"
";PER;
mère;PER;
Nannette;PER;
sentit;;
fondre;;
son;;
cœur;;
en;;
pensant;;
"
";;
à;;
la;;
misère;;
qu';;
elle;;
endurerait;;
quand;;
l';;
hiver;;
serait;;
"

";;
venu;;
.;;
Aussitôt;;
il;;
lui;;
vint;;
dans;;
l';;
idée;;
de;;
faire;;
une;;
"
";;
bonne;;
action;;
.;;
"

";;
ENFANCE;;
DE;;
JEANNE;PER;
.;;
7;;
"

";;
La;PER;
mèro;PER;
Nannetto;PER;
donne;;
aile;;
À;;
Gathorino;PER;
.;;
"

";;
a;;
Comment;;
vous;;
appelez;;
-vous;;
donc;;
?;;
demanda;;
"
";;
In;PER;
mère;PER;
Nannotte;PER;
.;;
"

";;
—;;
On;;
m';;
appelle;;
Catherine;PER;
Leblane;PER;
.;;
"

";;
—;;
Eh;;
bien;;
!;;
Catherine;PER;
;;
j';;
ai;;
là;;
un;;
vieux;;
lit;;
;;
une;;
"
";;
paillasse;;
et;;
une;;
couverture;;
";";;
si;;
vous;;
voulez;;
rester;;
"
";;
lei;;
;;
je;;
vous;;
logerai;;
de;;
bien;;
bon;;
cœur;;
et;;
je;;
vous;;
"
";;
soignerai;;
de;;
mon;;
mieux;;
;;
ainsi;;
;;
que;;
votre;;
petite;;
";";;
"
";;
j';;
aime;;
beaucoup;;
les;;
enfants;;
";";;
j';;
en;;
ai;;
eu;;
quatre;;
;;
"
";;
que;;
le;;
bon;;
Dieu;;
m';;
a;;
retirés;;
;;
et;;
je;;
suis;;
bien;;
seule;;
"
";;
au;;
monde;;
.;;
"

";;
—;;
Grand;;
merci;;
!;;
ma;;
brave;;
femme;;
";";;
vous;;
me;;
"
";;
rendrez;;
là;;
un;;
service;;
qui;;
nous;;
sauvera;;
la;;
vie;;
à;;
moi;;
"
";;
et;;
à;;
mon;;
enfant;;
.;;
J';;
ai;;
encore;;
mon;;
lit;;
;;
avec;;
un;;
"
";;
coffre;;
et;;
une;;
petite;;
chaise;;
.;;
Maître;PER;
Guillaume;PER;
;;
le;;
"
";;
cousin;;
de;;
feu;;
mon;;
pauvre;;
homme;;
;;
me;;
les;;
garde;;
"
";;
dans;;
sa;;
grange;;
";";;
il;;
me;;
les;;
apportera;;
bien;;
diman-;;
"
";;
che;;
.;;
Si;;
vous;;
me;;
logez;;
avec;;
mon;;
chétif;;
mobilier;;
;;
je;;
"
";;
vous;;
donnerai;;
les;;
sous;;
que;;
je;;
ramasserai;;
en;;
allant;;
"
";;
aux;;
portes;;
.;;
"

";;
—;;
Je;;
ne;;
vous;;
demande;;
rien;;
;;
Catherine;PER;
";";;
j';;
aime;;
"
";;
déjà;;
votre;;
petite;;
Jeanne;PER;
et;;
j';;
en;;
aurai;;
bien;;
soin;;
.;;
"
";;
Dieu;;
veut;;
que;;
nous;;
fassions;;
aux;;
autres;;
ce;;
que;;
"
";;
nous;;
voudrions;;
que;;
les;;
autres;;
fissent;;
pour;;
nous;;
";";;
"
";;
et;;
si;;
j';;
étais;;
dans;;
votre;;
position;;
;;
je;;
serais;;
bien;;
"
";;
heureuse;;
de;;
trouver;;
quelqu';;
un;;
qui;;
voulôt;;
me;;
re-;;
"
";;
cevoir;;
dans;;
sa;;
maison;;
.;;
»;;
"

";;
Catherine;PER;
était;;
bien;;
contente;;
;;
et;;
sa;;
petite;;
fille;;
lui;;
"
";;
sauta;;
au;;
cou;;
;;
"

";;
«;;
Maman;PER;
!;;
il;;
ne;;
faut;;
plus;;
pleurer;;
;;
»;;
lui;;
dit;;
-elle;;
.;;
"

";;
8;;
PREMIÈRE;;
PARTIE;;
.;;
"

";;
Puis;;
;;
se;;
tournant;;
du;;
eûté;;
de;;
la;PER;
mère;PER;
Nannette;PER;
;;
"
";;
elle;;
dit;;
en;;
baissunt;;
la;;
tôte;;
:;;
"

";;
«;;
Je;;
voudrais;;
bien;;
vous;;
embrasser;;
aussi;;
;;
»;;
"

";;
La;PER;
mèro;PER;
Nannette;PER;
la;;
prit;;
sur;;
ses;;
genoux;;
et;;
l';;
em-;;
"
";;
brasse;;
de;;
bon;;
cœur;;
.;;
"

";;
Cathorine;PER;
ot;;
Joanne;PER;
trouvent;;
un;;
bracelet;;
;;
"

";;
Après;;
que;;
la;;
mère;;
et;;
la;;
fille;;
se;;
furent;;
reposées;;
;;
"
";;
elles;;
so;;
romiront;;
en;;
chemin;;
pour;;
aller;;
chercher;;
"
";;
leur;;
pain;;
dans;;
la;;
campagne;;
;;
en;;
disant;;
qu';;
elles;;
"
";;
reviendraient;;
le;;
soir;;
.;;
Comme;;
on;;
était;;
dans;;
la;;
sai-;;
"
";;
son;;
des;;
prunes;;
et;;
des;;
groseilles;;
;;
ln;PER;
mère;PER;
Nannette;PER;
"
";;
on;;
alla;;
cueillir;;
au;;
jardin;;
et;;
les;;
mit;;
dans;;
le;;
bissac;;
"

";;
de;;
Jeanne;PER;
;;
pour;;
qu';;
elle;;
pût;;
se;;
rafraîchir;;
quand;;
"
";;
olle;;
aurait;;
trop;;
chaud;;
.;;
"

";;
Comme;;
elles;;
traversaient;;
la;;
grande;;
route;;
pour;;
"
";;
revenir;;
chez;;
la;PER;
mère;PER;
Nannette;PER;
;;
après;;
avoir;;
achevé;;
"
";;
leur;;
tournée;;
;;
la;PER;
petite;PER;
Jeanne;PER;
vit;;
briller;;
un;;
objet;;
"
";;
au;;
soleil;;
";";;
elle;;
courut;;
le;;
ramasser;;
et;;
l';;
apporta;;
"
";;
joyeusement;;
à;;
sa;;
mère;;
.;;
"

";;
«;;
Voyez;;
donc;;
;;
maman;;
;;
le;;
joli;;
collier;;
que;;
j';;
ai;;
"
";;
trouvé;;
";";;
je;;
le;;
mettrai;;
dimanche;;
à;;
mon;;
cou;;
:;;
"

";;
—;;
Ma;;
fille;;
;;
ceci;;
est;;
un;;
bijou;;
qui;;
se;;
porte;;
au-;;
"
";;
tour;;
du;;
bras;;
et;;
qu';;
on;;
appelle;;
bracelet;;
;;
Il;;
n’;;
est;;
pas;;
"
";;
à;;
nous;;
;;
et;;
nous;;
ne;;
pouvons;;
pas;;
le;;
garder;;
.;;
"

";;
—;;
Pourquoi;;
donc;;
;;
maman;;
?;;
Puisque;;
je;;
lai;;
"
";;
trouvé;;
;;
c';;
est;;
bien;;
à;;
nous;;
.;;
"

";;
—;;
Non;;
;;
ma;;
fille;;
";";;
ce;;
qu';;
on;;
trouve;;
ne;;
nous;;
ap-;;
"
";;
partient;;
pas;;
";";;
il;;
ÿ;;
a;;
toujours;;
quelqu';;
un;;
qui;;
l';;
a;;
"
";;
perdu;;
.;;
"

";;
—;;
-0;;
Mais;;
;;
maman;;
;;
si;;
personne;;
ne;;
l’;;
a;;
perdu;;
?;;
"

";;
ENFANCE;;
DE;;
JEANNE;PER;
;;
9;;
"

";;
—;;
Co;;
n';;
est;;
pas;;
possible;;
;;
mon;;
enfant;;
:;;
les;;
bijoux;;
"
";;
ne;;
poussent;;
pas;;
comme;;
l';;
herbe;;
dans;;
les;;
champs;;
.;;
"

";;
—;;
Et;;
ai;;
personne;;
ne;;
le;;
redemande;;
?;;
"

";;
—;;
(;;
n;;
ne;;
doit;;
pas;;
nous;;
empêcher;;
de;;
chercher;;
à;;
"
";;
qui;;
ce;;
hracelet;;
peut;;
appartenir;;
";";;
nous;;
nous;;
on;;
in-;;
"
";;
formerons;;
dans;;
tout;;
le;;
pays;;
.;;
"

";;
—;;
Et;;
s';;
il;;
n';;
est;;
à;;
personne;;
?;;
"

";;
—;;
Eh;;
bien;;
;;
nous;;
le;;
garderons;;
soigneusement;;
;;
"
";;
et;;
l';;
on;;
finira;;
par;;
venir;;
le;;
réclamer;;
.;;
»;;
"

";;
Jeanne;PER;
ne;;
paraissant;;
pas;;
très;;
-0;;
contonto;;
;;
sa;;
mère;;
"
";;
lui;;
dit;;
:;;
«;;
Écoute;;
-moi;;
;;
ma;;
Jeunne;PER;
:;;
si;;
tu;;
avais;;
"
";;
perdu;;
ton;;
bissne;;
en;;
chemin;;
;;
ne;;
serais;;
-0;;
tu;;
pas;;
con-;;
"
";;
tente;;
qu';;
on;;
te;;
le;;
rendit;;
?;;
"

";;
—;;
Oui;;
;;
maman;;
;;
car;;
il;;
m';;
est;;
bien;;
utile;;
pour;;
"
";;
mottre;;
le;;
pain;;
qu';;
on;;
me;;
donne;;
.;;
"

";;
—;;
Eh;;
bien;;
!;;
la;;
dame;;
qui;;
a;;
perdu;;
ce;;
joyau;;
en;;
"
";;
est;;
en;;
peine;;
";";;
elle;;
le;;
regrette;;
comme;;
tu;;
regretterais;;
"
";;
ton;;
bissac;;
.;;
Dès;;
que;;
nous;;
saurons;;
où;;
elle;;
demeure;;
;;
"
";;
nous;;
le;;
lui;;
reporterons;;
.;;
»;;
"

";;
Quand;;
elles;;
furent;;
rentrées;;
chez;;
la;PER;
mère;PER;
Nan-;PER;
"
";;
nette;PER;
;;
elles;;
lui;;
montrèrent;;
ce;;
qu';;
elles;;
avaient;;
"
";;
trouvé;;
et;;
lui;;
demandèrent;;
si;;
elle;;
savait;;
qui;;
pou-;;
"
";;
vait;;
avoir;;
perdu;;
un;;
si;;
beau;;
bijou;;
.;;
"

";;
«;;
Ce;;
ne;;
peut;;
être;;
que;;
Mme;PER;
Dumont;PER;
";";;
il;;
n';;
y;;
a;;
"
";;
qu';;
elle;;
dans;;
le;;
pays;;
qui;;
porte;;
des;;
choses;;
pareilles;;
.;;
"
";;
Elle;;
demeure;;
dans;;
le;;
voisinage;;
;;
derrière;;
les;;
beaux;;
"
";;
arbres;;
que;;
l';;
on;;
voit;;
d';;
ici;;
.;;
Il;;
faut;;
aller;;
le;;
lui;;
repor-;;
"
";;
ter;;
tout;;
de;;
suite;;
;;
si;;
vous;;
n';;
êtes;;
point;;
trop;;
lasses;;
";";;
"
";;
je;;
suis;;
sûre;;
qu';;
elle;;
en;;
est;;
fort;;
inquiète;;
.;;
"

";;
—;;
Je;;
suis;;
trop;;
fatiguée;;
pour;;
marcher;;
encore;;
";";;
"
";;
mais;;
demain;;
matin;;
j';;
irai;;
chez;;
cette;;
dame;;
avec;;
"
";;
Jeanne;PER;
;;
et;;
je;;
lui;;
rendrai;;
ce;;
qui;;
est;;
à;;
elle;;
.;;
Comme;;
"

";;
10;;
PRENIÈRE;;
PARTIE;;
.;;
"

";;
on;;
nous;;
à;;
beaucoup;;
donné;;
aujourd'hui;;
et;;
que;;
je;;
"
";;
suis;;
très;;
-0;;
nsse;;
;;
je;;
me;;
reposerai;;
demain;;
toute;;
la;;
"
";;
journéo;;
;;
pour;;
avoir;;
là;;
force;;
d';;
aller;;
samedi;;
dans;;
"
";;
notre;;
village;;
;;
prier;;
maîtra;PER;
Guillaume;PER;
de;;
m';;
appor-;;
"

";;
ter;;
mon;;
lit;;
.;;
»;;
"

";;
Catherine;PER;
et;;
sa;;
fille;;
repertent;;
le;;
bracelst;;
.;;
"

";;
Le;;
lendemain;;
matin;;
;;
Catherine;PER;
poigna;;
les;;
"
";;
grands;;
choveux;;
noirs;;
de;;
sa;;
petite;;
fille;;
avec;;
encore;;
"
";;
plus;;
de;;
soin;;
qu';;
à;;
l';;
ordinaire;;
";";;
elle;;
lui;;
lava;;
le;;
vi-;;
"
";;
sage;;
et;;
les;;
mains;;
;;
l';;
habilla;;
le;;
plus;;
proprement;;
"
";;
qu';;
elle;;
le;;
put;;
;;
et;;
elles;;
partirent;;
pour;;
aller;;
chez;;
"
";;
Manc;PER;
Dumont;PER;
.;;
"

";;
Elles;;
arrivèrent;;
devant;;
une;;
grille;;
qui;;
servait;;
de;;
"
";;
porte;;
à;;
un;;
beau;;
jardin;;
";";;
mais;;
;;
comme;;
il;;
n';;
y;;
avait;;
"
";;
personne;;
;;
Catherine;PER;
suivit;;
le;;
mur;;
et;;
vit;;
une;;
grande;;
"
";;
porte;;
qui;;
donnait;;
dans;;
la;;
cour;;
et;;
qui;;
était;;
ouverte;;
.;;
"
";;
Une;;
servante;;
;;
qui;;
l';;
aperçut;;
;;
lui;;
apporta;;
un;;
mor-;;
"
";;
ceau;;
de;;
pain;;
et;;
deux;;
sous;;
.;;
"

";;
«;;
Merci;;
;;
mademoiselle;;
;;
dit;;
Catherine;PER;
";";;
mais;;
je;;
"
";;
voudrais;;
parler;;
à;;
votre;;
dame;;
.;;
"

";;
—;;
Ma;;
pauvre;;
femme;;
;;
on;;
ne;;
peut;;
guère;;
la;;
voir;;
"
";;
à;;
cette;;
heure;;
-0;;
ci;;
.;;
"

";;
—;;
Eh;;
bien;;
!;;
voulez;;
-vous;;
lui;;
demander;;
si;;
c';;
est;;
"
";;
elle;;
qui;;
a;;
perdu;;
ce;;
que;;
j';;
ai;;
trouvé;;
hier;;
sur;;
la;;
"
";;
grande;;
route;;
?;;
»;;
"

";;
Et;;
elle;;
montra;;
le;;
bijou;;
;;
qu’;;
elle;;
avait;;
enveloppé;;
"

";;
d';;
un;;
chiffon;;
bien;;
blane;;
.;;
.;;
"
";;
«;;
Justement;;
!;;
c’;;
est;;
le;;
bracelet;;
que;;
madame;;
a;;
"

";;
perdu;;
hier;;
en;;
se;;
promenant;;
avec;;
les;;
enfants;;
!;;
Elle;;
"
";;
va;;
être;;
bien;;
contente;;
de;;
le;;
retrouver;;
";";;
car;;
nous;;
"

 

";;
ENFANCE;;
DE;;
JEANNS;PER;
.;;
li;;
"

";;
l';;
avons;;
cherché;;
jusqu';;
à;;
là;;
nuit;;
.;;
Je;;
vais;;
le;;
lui;;
por-;;
"
";;
ter;;
:;;
en;;
attendant;;
;;
ma;;
brave;;
femme;;
;;
asseyez;;
-vous;;
"
";;
sur;;
le;;
bane;;
.;;
Petite;;
;;
viens;;
avee;;
moi;;
;;
tu;;
rendras;;
"
";;
toi;;
-0;;
même;;
le;;
bracelet;;
à;;
madame;;
.;;
»;;
"
";;
La;PER;
petite;PER;
Jeanne;PER;
regarda;;
sa;;
mère;;
;;
qui;;
lui;;
dit;;
:;;
"
";;
«;;
Va;;
;;
ma;;
fille;;
;;
et;;
sois;;
bien;;
honnête;;
.;;
»;;
"

";;
Madame;PER;
Dumont;PER;
.;;
.;;
"

";;
La;;
servante;;
prit;;
Jeanne;PER;
par;;
la;;
main;;
et;;
la;;
fit;;
en-;;
"
";;
tree;;
dans;;
la;;
maison;;
.;;
Elles;;
montèrent;;
un;;
grand;;
"
";;
escalier;;
et;;
traversèrent;;
une;;
chambre;;
pleine;;
de;;
"
";;
beaux;;
meubles;;
.;;
Jeanne;PER;
ouvrait;;
de;;
grands;;
yeux;;
;;
car;;
"
";;
elle;;
n';;
avait;;
jamais;;
rien;;
vu;;
de;;
semblable;;
.;;
Elles;;
en-;;
"
";;
trèrent;;
dans;;
une;;
autre;;
chambre;;
où;;
il;;
y;;
avait;;
deux;;
"
";;
lits;;
tout;;
blancs;;
.;;
Mme;PER;
Dumont;PER;
était;;
occupée;;
à;;
poi-;;
"

";;
er;;
les;;
cheveux;;
blonds;;
d';;
une;;
petite;;
demoiselle;;
"
";;
qui;;
était;;
de;;
l';;
âge;;
de;;
Jeanne;PER;
;;
et;;
qui;;
se;;
mit;;
à;;
diro;;
:;;
"

";;
«;;
Ah;;
!;;
maman;;
;;
la;;
jolie;;
petite;;
fille;;
";";;
voyez;;
donc;;
!;;
»;;
"

";;
Mme;PER;
Dumont;PER;
leva;;
les;;
yeux;;
;;
et;;
sa;;
servante;;
lui;;
"
";;
dit;;
:;;
"

";;
«;;
Cette;;
enfant;;
a;;
trouvé;;
le;;
bracelet;;
de;;
ma-;;
"
";;
dame;;
et;;
vient;;
le;;
lui;;
rapporter;;
.;;
Allons;;
;;
petite;;
;;
"
";;
avance;;
donc;;
";";;
madame;;
est;;
bien;;
bonne;;
";";;
n';;
aie;;
pas;;
"
";;
peur;;
!;;
»;;
"

";;
Jeanne;PER;
se;;
laissa;;
mener;;
par;;
la;;
servante;;
en;;
tenant;;
"
";;
la;;
tête;;
baissée;;
et;;
sans;;
oser;;
seulement;;
lever;;
les;;
"
";;
yeux;;
.;;
"

";;
La;;
dame;;
lui;;
dit;;
:;;
"

";;
«;;
Tu;;
ne;;
sais;;
pas;;
tout;;
le;;
plaisir;;
que;;
tu;;
me;;
fais;;
;;
"
";;
mon;;
enfant;;
;;
en;;
me;;
rapportant;;
ce;;
bracelet;;
.;;
Qui;;
"
";;
es;;
-0;;
tu;;
donc;;
?;;
»;;
"

";;
19;;
PREMIÈRE;;
PARTIE;;
.;;
"

";;
Comme;;
Jeanne;PER;
ne;;
disait;;
rien;;
;;
la;;
servante;;
répon-;;
"
";;
dit;;
pour;;
alle;;
"

";;
«;;
Madame;;
;;
sa;;
mère;;
est;;
en;;
bas;;
à;;
la;;
porte;;
";";;
c';;
est;;
"
";;
une;;
pauvre;;
femme;;
qui;;
demande;;
son;;
pain;;
.;;
"

";;
—;;
Je;;
descendrai;;
la;;
voir;;
aussitôt;;
que;;
j';;
aurai;;
re-;;
"

";;
levé;;
les;;
chevaux;;
d';;
Isaure;PER;
.;;
"
";;
—;;
Madeleine;PER;
;;
s';;
écrin;;
la;;
petite;;
demciselle;;
"

";;
blonde;;
;;
j';;
espère;;
que;;
tu;;
ne;;
diras;;
plus;;
que;;
le;;
"
";;
vendredi;;
est;;
un;;
jour;;
de;;
malheur;;
:;;
tu;;
vois;;
bion;;
"

";;
que;;
l';;
on;;
pout;;
être;;
houreux;;
ee;;
jour;;
-là;;
tout;;
comme;;
"
";;
un;;
autro;;
.;;
|;;
"

";;
—;;
Et;;
je;;
ne;;
veux;;
pas;;
qu';;
il;;
n';;
y;;
ait;;
de;;
bonheur;;
"
";;
que;;
pour;;
moi;;
aujourd'hui;;
;;
ajoute;;
Mme;PER;
Dumont;PER;
";";;
"
";;
cette;;
pauvre;;
femme;;
sera;;
bien;;
récompensée;;
.;;
»;;
"

";;
Mme;PER;
Dumont;PER;
descendit;;
alors;;
;;
suivie;;
d';;
Isauro;PER;
et;;
"
";;
de;;
la;;
servante;;
;;
qui;;
tenait;;
toujours;;
Jeanne;PER;
par;;
la;;
"
";;
main;;
.;;
Quand;;
elle;;
fut;;
arrivée;;
au;;
bus;;
de;;
l';;
escalier;;
;;
"
";;
elle;;
appela;;
Catherine;PER;
;;
et;;
;;
la;;
voyant;;
si;;
pâle;;
;;
elle;;
la;;
"

";;
fit;;
asseoir;;
.;;
"
";;
«;;
Où;;
avez;;
-vous;;
donc;;
trouvé;;
mon;;
bracelet;;
?;;
"

";;
—;;
Madome;PER;
;;
c';;
est;;
Jeanre;PER;
;;
ma;;
petite;;
fille;;
;;
qui;;
l';;
a;;
"
";;
vu;;
reluire;;
au;;
soleil;;
et;;
qui;;
l';;
a;;
ramassé;;
au;;
bord;;
du;;
"
";;
fossé;;
sur;;
la;;
route;;
"

";;
_;;
—;;
Je;;
vous;;
remercie;;
de;;
me;;
l';;
avoir;;
rapporté;;
;;
et;;
"
";;
voici;;
quinze;;
francs;;
pour;;
vous;;
récompenser;;
de;;
"
";;
votre;;
probité;;
.;;
"

";;
—;;
Oh;;
!;;
merci;;
;;
madame;;
:;;
je;;
n';;
ai;;
fait;;
que;;
mon;;
"
";;
devoir;;
en;;
vous;;
rendant;;
ce;;
qui;;
vous;;
appartient;;
";";;
je;;
"
";;
ne;;
dois;;
pas;;
en;;
être;;
récompensée;;
.;;
"

";;
°;;
_;;
—;;
Eh;;
bien;;
!;;
comme;;
vous;;
m';;
avez;;
fait;;
un;;
grand;;
"
";;
plaisir;;
;;
je;;
veux;;
vous;;
en;;
faire;;
un;;
aussi;;
:;;
prenez;;
"

";;
done;;
cet;;
argent;;
.;;
"

";;
ENFANCE;;
DE;;
JEANNE;PER;
.;;
14;;
"

";;
—;;
Que;;
Dieu;MISC;
vous;;
bénisse;;
;;
madame;;
;;
pour;;
le;;
"
";;
bion;;
que;;
vous;;
me;;
faites;;
!;;
"

";;
—;;
Mais;;
;;
dites;;
-moi;;
:;;
il;;
me;;
semble;;
que;;
je;;
ne;;
vous;;
"
";;
ai;;
jamais;;
vue;;
dans;;
çe;;
paya;;
-0;;
ei;;
?;;
Pourquoi;;
mendioz-;;
"
";;
vous;;
donc;;
;;
étant;;
ancure;;
dans;;
la;;
foree;;
de;;
l';;
âge;;
?;;
"

";;
—;;
C';;
est;;
que;;
;;
madame;;
;;
j';;
y;;
suis;;
forcée;;
par;;
mu;;
"
";;
grande;;
misère;;
;;
»;;
"

";;
Alors;;
elle;;
raconta;;
son;;
malbeur;;
et;;
la;;
charité;;
de;;
"
";;
la;PER;
mère;PER;
Nannette;PER;
.;;
"

";;
«;;
Catherine;PER;
;;
vous;;
enverrez;;
votre;;
petite;;
fille;;
ici;;
"
";;
tous;;
les;;
vendredis;;
;;
et;;
je;;
lui;;
donnerai;;
une;;
pièce;;
du;;
"
";;
cinquante;;
centimes;;
.;;
"

";;
—;;
Que;;
Dieu;;
vous;;
récompense;;
;;
madame;;
!;;
»;;
"

";;
Et;;
Catherine;PER;
;;
ayant;;
pris;;
sa;;
fille;;
par;;
la;;
main;;
;;
"
";;
sortit;;
pour;;
retourner;;
chez;;
la;PER;
mère;PER;
Nannette;PER;
.;;
"

";;
En;;
entrant;;
;;
elle;;
lui;;
présenta;;
les;;
trois;;
pièces;;
de;;
"
";;
cinq;;
francs;;
qu';;
on;;
lui;;
avait;;
données;;
:;;
"

";;
«;;
Prenez;;
-0;;
les;;
;;
mère;PER;
Nannette;PER;
";";;
ca;;
vous;;
dédomma-;;
"
";;
gera;;
un;;
peu;;
";";;
car;;
il;;
n';;
est;;
pas;;
juste;;
que;;
vous;;
me;;
lo-;;
"
";;
giez;;
pour;;
rien;;
si;;
je;;
puis;;
vous;;
donner;;
quelque;;
chose;;
;;
"

";;
—;;
Vous;;
savez;;
bien;;
;;
Catherine;PER;
;;
que;;
je;;
ne;;
veux;;
"
";;
rien;;
accepter;;
pour;;
cela;;
";";;
ce;;
n';;
est;;
pas;;
une;;
grande;;
"
";;
gène;;
pour;;
moi;;
de;;
vous;;
avoir;;
dans;;
ma;;
maison;;
;;
qui;;
"
";;
peut;;
nous;;
loger;;
toutes;;
les;;
deux;;
";";;
mon;;
feu;;
peut;;
"
";;
faire;;
bouillir;;
votre;;
pot;;
en;;
même;;
temps;;
que;;
le;;
mien;;
.;;
"
";;
Mais;;
donnez;;
-moi;;
votre;;
argent;;
";";;
je;;
vous;;
le;;
garderai;;
"
";;
pour;;
acheter;;
ce;;
qui;;
vous;;
sera;;
nécessaire;;
.;;
»;;
"

";;
Catherine;PER;
va;;
dans;;
son;;
village;;
.;;
"

";;
Après;;
s';;
être;;
reposée;;
tout;;
le;;
reste;;
de;;
la;;
journée;;
;;
"
";;
Catherine;PER;
se;;
coucha;;
de;;
bonne;;
heure;;
.;;
Le;;
lende-;;
"

";;
it;;
PREMIÈRE;;
PARTIE;;
.;;
"

";;
main;;
elle;;
éveailla;;
Jeanne;PER;
de;;
bon;;
matn;;
";";;
elle;;
l';;
ha-;;
"
";;
hilla;;
et;;
lui;;
lava;;
les;;
mains;;
et;;
le;;
visage;;
";";;
puis;;
;;
après;;
"
";;
lui;;
avoir;;
fait;;
faire;;
sa;;
prière;;
;;
elle;;
lui;;
dit;;
:;;
"

";;
«;;
Ma;;
lle;;
;;
il;;
faut;;
que;;
j';;
aille;;
à;;
notre;;
village;;
pour;;
"
";;
prier;;
maître;PER;
Guillaume;PER;
de;;
m';;
amener;;
ici;;
notre;;
"
";;
pauvre;;
mobilier;;
;;
Je;;
ne;;
peux;;
pas;;
t';;
emmencr;;
;;
tu;;
es;;
"
";;
trop;;
petite;;
pour;;
faire;;
tant;;
de;;
chemin;;
";";;
tu;;
ne;;
mar-;;
"
";;
cherais;;
pne;;
pendant;;
trois;;
lieues;;
de;;
suite;;
.;;
Si;;
la;PER;
"
";PER;
mère;PER;
Nannette;PER;
;;
qui;;
est;;
une;;
brave;;
femme;;
;;
veut;;
"
";;
bien;;
te;;
garder;;
avec;;
elle;;
pendant;;
ce;;
temps;;
-là;;
;;
j';;
irai;;
"
";;
trouver;;
maître;PER;
Guillaume;PER;
;;
et;;
tu;;
m';;
attendras;;
ici;;
";";;
"
";;
je;;
coucherai;;
dans;;
sa;;
grange;;
;;
et;;
demain;;
de;;
bonne;;
"
";;
heure;;
je;;
scrai;;
de;;
retour;;
.;;
»;;
"

";;
La;PER;
petite;PER;
Jeanne;PER;
pleura;;
un;;
peu;;
";";;
mais;;
;;
quand;;
"
";;
elle;;
eut;;
considéré;;
la;;
bonne;;
figure;;
de;;
la;PER;
mère;PER;
Nan-;PER;
"
";PER;
nette;PER;
;;
elle;;
dit;;
qu';;
elle;;
voulait;;
bien;;
rester;;
";";;
Cathe-;PER;
"
";PER;
rine;PER;
partit;;
;;
et;;
Jeanne;PER;
;;
s';;
approchant;;
tout;;
douce-;;
"
";;
ment;;
de;;
la;PER;
mère;PER;
Nannette;PER;
;;
lui;;
dit;;
:;;
"

";;
«;;
Voulez;;
-vous;;
m';;
emmener;;
aux;;
champs;;
avec;;
"
";;
vous;;
?;;
je;;
garderai;;
bien;;
les;;
oisons;;
.;;
"

";;
—;;
Oui;;
;;
ma;;
Jeanne;PER;
;;
je;;
ne;;
demande;;
pas;;
mieux;;
.;;
»;;
"

";;
Après;;
l';;
avoir;;
fait;;
déjeuner;;
avec;;
elle;;
;;
la;PER;
mère;PER;
"
";PER;
Nannette;PER;
armena;;
les;;
oisons;;
sous;;
le;;
noyer;;
;;
et;;
Jeanne;PER;
"
";;
les;;
gardo;;
pendant;;
que;;
la;;
vieille;;
femme;;
détachait;;
sa;;
"
";;
vache;;
et;;
sa;;
chèvre;;
.;;
Cette;;
petite;;
s’;;
entendait;;
si;;
bien;;
à;;
"
";;
conduire;;
les;;
oies;;
et;;
à;;
lesempêcher;;
de;;
faire;;
du;;
dom-;;
"
";;
mage;;
;;
que;;
la;PER;
mère;PER;
Nannette;PER;
en;;
était;;
tout;;
étonnée;;
;;
"

";;
Vers;;
les;;
dix;;
heures;;
;;
comme;;
il;;
commençait;;
à;;
"
";;
faire;;
chaud;;
;;
elles;;
firent;;
rentrer;;
les;;
bêtes;;
;;
qui;;
ne;;
"
";;
voulaient;;
plus;;
manger;;
dehors;;
;;
parce;;
qu’;;
elles;;
"
";;
étaient;;
tourmentées;;
par;;
les;;
mouches;;
.;;
Jeanne;PER;
vou-;;
"
";;
lut;;
-0;;
ensuite;;
aller;;
à;;
l';;
herbe;;
";";;
elle;;
en;;
ramassa;;
un;;
bon;;
"

 

";;
ENFANCE;;
DE;;
JEANNE;PER;
.;;
15;;
"

";;
petit;;
paquet;;
qu';;
elle;;
lin;;
dans;;
son;;
tablier;;
;;
et;;
elle;;
le;;
"
";;
posa;;
sur;;
sa;;
tête;;
on;;
le;;
maintenant;;
avec;;
ses;;
deux;;
"
";;
petites;;
mains;;
;;
pour;;
le;;
rapporter;;
à;;
la;;
maison;;
;;
La;PER;
"
";PER;
mère;PER;
Nannette;PER;
lui;;
donna;;
des;;
prunes;;
pour;;
son;;
goû-;;
"
";;
ter;;
";";;
et;;
;;
quand;;
la;;
chaleur;;
fut;;
tombée;;
;;
elles;;
firent;;
"
";;
sortir;;
encore;;
les;;
bestiaux;;
;;
et;;
ne;;
les;;
ramentrent;;
"
";;
qu';;
à;;
la;;
brune;;
;;
en;;
passant;;
par;;
l';;
abreuvoir;;
.;;
On;;
leur;;
"
";;
donna;;
pour;;
la;;
nuit;;
une;;
grande;;
partio;;
de;;
l';;
herbe;;
"
";;
qui;;
avait;;
été;;
ramassée;;
.;;
La;PER;
mère;PER;
Nannette;PER;
fit;;
une;;
"
";;
bonne;;
soupe;;
aux;;
pommes;;
de;;
terre;;
;;
et;;
Jeanne;PER;
;;
qui;;
"
";;
n';;
était;;
pas;;
habituée;;
à;;
en;;
avoir;;
de;;
pareille;;
;;
en;;
"
";;
mangea;;
une;;
grande;;
assiettée;;
";";;
puis;;
elle;;
se;;
coucha;;
.;;
"
";;
L';;
enfant;;
était;;
bien;;
un;;
peu;;
lasse;;
;;
mais;;
très;;
-0;;
contente;;
"
";;
d';;
avoir;;
aidé;;
la;PER;
mère;PER;
Nannette;PER;
.;;
"

";;
La;PER;
mèro;PER;
Nannette;PER;
mène;;
Jeanne;PER;
à;;
la;;
messe;;
.;;
"

";;
Le;;
lendemain;;
;;
en;;
s’;;
éveillant;;
;;
la;PER;
petite;PER;
Jeanne;PER;
"
";;
appela;;
sa;;
mère;;
";";;
puis;;
;;
se;;
souvenant;;
qu';;
elle;;
n';;
était;;
"
";;
pas;;
là;;
;;
elle;;
se;;
leva;;
;;
s';;
habilla;;
et;;
pria;;
la;PER;
mère;PER;
Nan-;PER;
"
";PER;
nette;PER;
de;;
la;;
laver;;
et;;
de;;
la;;
peigner;;
;;
comme;;
faisait;;
"
";;
Catherine;PER;
";";;
ensuite;;
;;
elle;;
se;;
mit;;
à;;
genoux;;
et;;
fit;;
sa;;
"
";;
prière;;
.;;
"

";;
«;;
Quelles;;
prières;;
sais;;
-0;;
tu;;
?;;
lui;;
demanda;;
La;PER;
mère;PER;
"
";PER;
Nannette;PER;
.;;
"

";;
—;;
de;;
sais;;
Notre;MISC;
Père;MISC;
et;;
Je;MISC;
vous;MISC;
salue;MISC;
;MISC;
Marie;MISC;
.;;
"

";;
—;;
Dis;;
-0;;
les;;
donc;;
tout;;
haut;;
.;;
»;;
"

";;
Jeanne;PER;
les;;
récita;;
sans;;
en;;
manquer;;
un;;
mot;;
.;;
"
";;
Quand;;
elle;;
eut;;
fini;;
;;
comme;;
elle;;
restait;;
encore;;
à;;
"
";;
genoux;;
;;
la.mère;PER;
Nannette;PER;
lui;;
demanda;;
:;;
"

";;
«;;
Que;;
dis;;
-0;;
tu;;
donc;;
encore;;
?;;
"

";;
—;;
Je;;
demande;;
au;;
bon;;
Dieu;;
d’;;
avoir;;
pitié;;
de;;
"

";;
16;;
PREMIÈRE;;
PARTIE;;
.;;
"

";;
nous;;
et;;
de;;
bénir;;
tous;;
ceux;;
qui;;
nous;;
assistent;;
";";;
"
";;
je;;
dis;;
votre;;
nom;;
le;;
premier;;
et;;
celui;;
de;;
Mme;PER;
Du-;PER;
"
";;
mont;PER;
après;;
.;;
Maman;;
me;;
l';;
a;;
fait;;
dire;;
comme;;
cela;;
"
";;
hier;;
.;;
»;;
|;;
"

";;
La;;
messe;;
sonna;;
;;
et;;
la;PER;
mère;PER;
Nannette;PER;
prit;;
ses;;
"
";;
beaux;;
habits;;
;;
Elle;;
regarda;;
la;PER;
petite;PER;
Jeanne;PER;
;;
et;;
;;
lui;;
"
";;
voyant;;
un;;
fichu;;
tout;;
déchiré;;
;;
elle;;
lui;;
en;;
mit;;
un;;
"
";;
des;;
siens;;
";";;
puis;;
elles;;
partirent;;
pour;;
l';;
église;;
;;
em-;;
"
";;
portant;;
chacune;;
sa;;
chaise;;
.;;
"

";;
Pendant;;
toute;;
la;;
messe;;
;;
Jeanne;PER;
tint;;
un;;
chapelet;;
"
";;
quo;;
lui;;
avait;;
prèté;;
la;PER;
mère;PER;
Nannotte;PER;
;;
et;;
dit;;
ses;;
"
";;
prières;;
.;;
Elle;;
ne;;
tourna;;
point;;
la;;
tête;;
pour;;
voir;;
qui;;
"
";;
entrait;;
ni;;
qui;;
sortait;;
";";;
elle;;
se;;
mettait;;
à;;
genoux;;
en;;
"
";;
même;;
temps;;
que;;
tout;;
ls;;
monde;;
;;
et;;
se;;
relevait;;
"
";;
comme;;
les;;
autres;;
.;;
"

";;
M.;PER;
le;PER;
curé;PER;
;;
après;;
la;;
messe;;
;;
demanda;;
à;;
la;PER;
mère;PER;
"
";PER;
Nannette;PER;
où;;
elle;;
avait;;
pris;;
cette;;
enfant;;
-0;;
lù;;
.;;
Alors;;
"
";;
elle;;
lui;;
raconta;;
l';;
histoire;;
de;;
Catherine;PER;
.;;
"

";;
«;;
Mère;PER;
Nannette;PER;
;;
vous;;
êtes;;
une;;
digne;;
femme;;
;;
"
";;
lui;;
dit;;
-il;;
";";;
la;;
parole;;
de;;
Dieu;;
n';;
est;;
pas;;
perdue;;
pour;;
"
";;
vous;;
.;;
»;;
"

";;
Retour;;
de;;
Catherine;PER;
.;;
"

";;
Vers;;
midi;;
;;
l';;
on;;
vit;;
venir;;
maître;PER;
Guillaume;PER;
dans;;
"
";;
une;;
charrette;;
attelée;;
d';;
un;;
bel;;
âne;;
brun;;
.;;
Il;;
s';;
arrêta;;
"
";;
devant;;
la;;
porte;;
de;;
la;PER;
mère;PER;
Nannette;PER;
;;
et;;
fit;;
descen-;;
"
";;
dre;;
Catherine;PER;
;;
qui;;
fut;;
bien;;
contente;;
de;;
revoir;;
sa;;
"
";;
petite;PER;
Jeanne;PER;
qu';;
elle;;
n';;
avait;;
jamais;;
quitiée;;
aupa-;;
"
";;
ravant;;
.;;
Elle;;
détela;;
l';;
âne;;
";";;
la;PER;
mère;PER;
Nannette;PER;
le;;
prit;;
"
";;
par;;
le;;
licou;;
pour;;
l’;;
attacher;;
dans;;
l';;
étable;;
à;;
côté;;
de;;
"
";;
sa;;
vache;;
";";;
puis;;
elle;;
remplit;;
lo;;
râtelier;;
de;;
bon;;
trèfle;;
;;
"
";;
et;;
revint;;
aider;;
Guillaume;PER;
à;;
descendre;;
le;;
coffre;;
et;;
"

";;
ENFANCE;;
DE;;
JEANNE;PER;
.;;
17;;
"

";;
|;;
le;;
lit;;
de;;
Catherine;PER;
.;;
Ce;;
lit;;
avait;;
des;;
rideaux;;
de;;
touc;;
"
";;
|;;
rayée;;
et;;
une;;
paillasse;;
que;;
Guillaume;PER;
avait;;
rem-;;
"
";;
plie;;
de;;
paille;;
fraîche;;
;;
en;;
souvenir;;
de;;
son;;
amitié;;
"

 

";;
pour;;
son;;
parent;;
;;
l’;;
homme;;
défunt;;
de;;
Catherine;PER;
.;;
Il;;
"
";;
y;;
avait;;
aussi;;
une;;
petite;;
chaise;;
.;;
On;;
monia;;
le;;
ciel;;
"
";;
du;;
lit;;
dans;;
un;;
coin;;
de;;
la;;
chambre;;
;;
qui;;
était;;
fort;;
"

";;
14;;
PREMIÈRE;;
PARTIE;;
;;
:;;
"

";;
grande;;
";";;
on;;
mit;;
le;;
châlit;;
dessous;;
et;;
:;;
de;;
‘;;
coffre;;
au;;
"
";;
pied;;
du;;
lit;;
...;;
"

";;
-0;;
«;;
À;;
présent;;
que;;
tout;;
est;;
en;;
place;;
";";;
“;;
vous;;
allez;;
"
";;
goûter;;
aves;;
nous;;
;;
maître;PER;
Guillaume;PER;
;;
dit;;
la;PER;
mère;PER;
"
";PER;
Nannette;PER;
.;;
J';;
ai;;
fait;;
une;;
honne;;
fricassée;;
de;;
pommes;;
"
";;
de;;
terre;;
nouvelles;;
que;;
j';;
ai;;
accommodées;;
avec;;
mon;;
"
";;
beurre;;
tout;;
frais;;
";";;
j';;
ai;;
aussi;;
eueilli;;
une;;
salade;;
dans;;
"
";;
mon;;
jardin;;
;;
et;;
nous;;
l';;
assaisonnerons;;
avec;;
l';;
huile;;
"
";;
de;;
mon;;
noyer;;
;;
Mon;;
pain;;
n;;
2;;
que;;
quatre;;
jours;;
;;
et;;
"
";;
mes;;
pruniers;;
;;
sans;;
les;;
vanter;;
;;
donnent;;
d';;
excel-;;
"
";;
lentes;;
prunes;;
.;;
»;;
"

";;
En;;
disant;;
cela;;
;;
elle;;
alla;;
au;;
cellier;;
avec;;
la;PER;
petite;PER;
"
";;
Jeanne;PER;
;;
et;;
en;;
rapporta;;
du;;
vin;;
bien;;
rouge;;
;;
qui;;
écu-;;
"
";;
mait;;
tout;;
autour;;
de;;
la;;
gueule;;
du;;
broc;;
.;;
"

";;
«;;
Voyer;;
-vous;;
;;
maître;PER;
Guillaume;PER;
;;
dit;;
-elle;;
en;;
po-;;
"
";;
sant;;
le;;
vase;;
sur;;
la;;
table;;
;;
j';;
ai;;
toujours;;
un;;
quartaut;;
"
";;
de;;
bon;;
vin;;
en;;
perce;;
.;;
Si;;
quelque;;
voisin;;
reçoit;;
un;;
"
";;
mauvais;;
coup;;
;;
je;;
lui;;
en;;
porte;;
un;;
peu;;
";";;
quand;;
un;;
"
";;
malade;;
en;;
convalescence;;
n';;
a;;
pas;;
de;;
vin;;
pour;;
se;;
"
";;
refaire;;
;;
je;;
lui;;
en;;
donne;;
aussi;;
longtemps;;
qu';;
il;;
en;;
a;;
"
";;
besoin;;
";";;
et;;
tous;;
les;;
dimanches;;
j';;
en;;
donne;;
aussi;;
"
";;
une;;
chopine;;
au;;
père;PER;
Bonnet;PER;
;;
le;;
vieux;;
pauvre;;
du;;
"
";;
bourg;;
:;;
ça;;
le;;
réchauffe;;
;;
le;;
cher;;
homme;;
;;
qui;;
aura;;
"
";;
quatre-vingts;;
ans;;
à;;
Noël;MISC;
prochain;;
.;;
Pour;;
moi;;
;;
je;;
"
";;
n’;;
en;;
bois;;
guère;;
que;;
lorsque;;
j';;
ai;;
du;;
monde;;
;;
comme;;
"
";;
aujourd'hui;;
.;;
»;;
"

";;
L';;
on;;
se;;
mit;;
à;;
table;;
et;;
l';;
on;;
mangea;;
les;;
pommes;;
"
";;
de;;
terre;;
;;
qui;;
étaient;;
excellentes;;
.;;
Maître;PER;
Guillaume;PER;
;;
"
";;
remplissant;;
son;;
verre;;
jusqu';;
aux;;
bords;;
;;
se;;
leva;;
;;
"
";;
Ôta;;
son;;
chapeau;;
et;;
dit;;
:;;
"

";;
«;;
Je;;
bois;;
à;;
la;;
santé;;
de;;
la;PER;
mère;PER;
Nannette;PER;
;;
qui;;
a;;
"

";;
compassion;;
du;;
pauvre;;
monde;;
!;;
»;;
"

";;
ENFANCE;;
DE;;
JEANNE;PER;
;;
19;;
"

";;
Quand;;
on;;
ent;;
fini;;
;;
la;PER;
mère;PER;
Nannette;PER;
tira;;
un;;
bon;;
"
";;
seau;;
d';;
eau;;
fraîche;;
pour;;
faire;;
hoire;;
l';;
âne;;
de;;
maître;PER;
"
";PER;
Guillaume;PER;
.;;
11;;
l';;
attela;;
et;;
s';;
en;;
retaurna;;
chez;;
lui;;
.;;
"

";;
Catherine;PER;
va;;
à;;
la;;
porte;;
de;;
M.;PER;
le;PER;
curé;PER;
;;
"

";;
Après;;
le;;
départ;;
de;;
maître;PER;
Guillaume;PER;
;;
Catherine;PER;
"
";;
prit;;
sa;;
fille;;
par;;
la;;
main;;
et;;
lui;;
donna;;
son;;
bissac;;
";";;
"
";;
elles;;
firent;;
une;;
tournée;;
dans;;
le;;
bourg;;
et;;
dans;;
les;;
"
";;
métairies;;
des;;
environs;;
.;;
En;;
passant;;
;;
elles;;
s';;
arrôtè-;;
"
";;
rent;;
devant;;
la;;
porte;;
de;;
M.;PER;
le;PER;
euré;PER;
;;
qui;;
les;;
fit;;
entror;;
.;;
"

";;
«;;
Ma;;
bonne;;
femme;;
;;
dit;;
-il;;
à;;
Catherine;PER;
;;
pour-;;
"
";;
quoi;;
ne;;
placez;;
-vous;;
pas;;
cette;;
enfant;;
chez;;
quelque;;
"
";;
cultivateur;;
qui;;
l';;
enverrait;;
aux;;
champs;;
garder;;
les;;
"
";;
bestiaux;;
?;;
Elle;;
y;;
serait;;
plus;;
heureuse;;
qu';;
elle;;
ne;;
peut;;
"
";;
l';;
être;;
avec;;
vous;;
;;
et;;
elle;;
ne;;
s';;
accoutumerait;;
pas;;
à;;
"
";;
mendier;;
.;;
Prenez;;
garde;;
!;;
vous;;
en;;
ferez;;
une;;
fai-;;
"
";;
néante;;
.;;
"

";;
—;;
Monsieur;PER;
le;PER;
euré;PER;
;;
il;;
y;;
a;;
longtemps;;
que;;
j';;
y;;
"
";;
ai;;
pensé;;
;;
et;;
je;;
vous;;
assure;;
que;;
c';;
est;;
un;;
grand;;
cha-;;
"
";;
grin;;
pour;;
moi;;
que;;
de;;
la;;
voir;;
aller;;
aux;;
portes;;
:;;
il;;
"
";;
ÿ;;
a;;
même;;
des;;
jours;;
où;;
elle;;
ne;;
peut;;
s’;;
y;;
décider;;
";";;
"
";;
mais;;
je;;
suis;;
si;;
faible;;
;;
si;;
malade;;
;;
que;;
je;;
ne;;
pour-;;
"
";;
rai;;
sortir;;
de;;
tout;;
l';;
hiver;;
.;;
"

";;
—;;
Pourquoi;;
donc;;
cela;;
?;;
"

";;
—;;
C';;
est;;
que;;
les;;
médecins;;
l';;
ont;;
défendu;;
;;
parce;;
"
";;
qu';;
ils;;
disent;;
que;;
j';;
ai;;
les;;
poumons;;
attaqués;;
.;;
Je;;
"
";;
tousse;;
beaucoup;;
et;;
je;;
suis;;
incapable;;
de;;
travailler;;
";";;
"
";;
si;;
Jeanne;PER;
ne;;
va;;
pas;;
demander;;
du;;
pain;;
pour;;
moi;;
;;
"
";;
il;;
faudra;;
donc;;
mourir;;
de;;
faim;;
!;;
Mais;;
soyez;;
tran-;;
"
";;
quille;;
;;
monsieur;PER;
le;PER;
curé;PER;
;;
je;;
placerai;;
ma;;
petite;;
"
";;
Jeanue;PER;
chez;;
d';;
honnêtes;;
gens;;
aussitôt;;
.;;
que;;
je;;
le;;
"

 

";;
80;;
PREMIÈRE;;
PARTIR;;
.;;
"

";;
pourrai;;
";";;
ga;;
mo;;
peine;;
bien;;
trop;;
de;;
mendier;;
à;;
mon;;
"
";;
âge;;
;;
pour;;
vouloir;;
que;;
ma;;
fille;;
on;;
fasse;;
autant;;
.;;
"

";;
—;;
Vous;;
avez;;
raison;;
;;
ma;;
brave;;
femme;;
.;;
Nous;;
"
";;
verrons;;
dans;;
quelque;;
temps;;
ce;;
qu';;
on;;
pourra;;
faire;;
"
";;
pour;;
vous;;
:;;
en;;
attendant;;
;;
vous;;
viendrez;;
tous;;
les;;
"
";;
dimanches;;
iei;;
chercher;;
vingt-cinq;;
centimes;;
.;;
"

";;
—;;
Grand;;
merci;;
;;
monsieur;PER;
le;PER;
euré;PER;
:;;
çes;;
vingt-;;
"
";;
cinq;;
contimos;;
-là;;
;;
avec;;
les;;
cinquante;;
que;;
mo;;
donne;;
"
";;
Mme;PER;
Dumont;PER;
;;
serviront;;
À;;
nous;;
achoter;;
quelque;;
"
";;
chose;;
pour;;
uous;;
habiller;;
";";;
cur;;
j';;
ai;;
honte;;
de;;
nos;;
"
";;
guenilles;;
.;;
»;;
"

";;
La;PER;
mère;PER;
Nannette;PER;
fait;;
la;;
lessive;;
.;;
"

";;
Deux;;
jours;;
après;;
;;
la;PER;
mère;PER;
Nannetto;PER;
dit;;
qu';;
elle;;
"
";;
allait;;
faire;;
la;;
lessive;;
.;;
Catherine;PER;
lui;;
proposa;;
de;;
"
";;
l';;
entasser;;
pendant;;
qu';;
elle;;
mènerait;;
ses;;
bêtes;;
aux;;
"
";;
champs;LOC;loc.phys.geo
.;;
La;PER;
petite;PER;
Jeanne;PER;
alla;;
toute;;
seule;;
aux;;
por-;;
"
";;
tes;;
:;;
elle;;
eut;;
bien;;
de;;
la;;
peine;;
à;;
s';;
y;;
décider;;
";";;
mais;;
"
";;
quand;;
sa;;
mère;;
lui;;
eut;;
fait;;
comprendre;;
que;;
;;
si;;
elle;;
"
";;
ne;;
l';;
accompagnait;;
pas;;
;;
c';;
était;;
pour;;
rendre;;
service;;
"
";;
à;;
la;PER;
mère;PER;
Nannette;PER;
;;
la;;
petite;;
partit;;
sans;;
rien;;
dire;;
.;;
"
";;
Elle;;
rentra;;
le;;
soir;;
bien;;
joyeuse;;
;;
parce;;
qu';;
elle;;
rap-;;
"
";;
portait;;
Deaucoup;;
de;;
pain;;
et;;
une;;
paire;;
de;;
sabots;;
"
";;
presque;;
neufs;;
-0;;
qu';;
une;;
femme;;
lui;;
avait;;
donnée;;
";";;
elle;;
"
";;
les;;
avait;;
mis;;
tout;;
de;;
suite;;
à;;
ses;;
pieds;;
;;
car;;
les;;
"
";;
siens;;
étaient;;
tout;;
percés;;
.;;
"

";;
En;;
passant;;
auprès;;
de;;
l';;
abreuvoir;;
;;
elle;;
s';;
était;;
ar-;;
"
";;
rêtée;;
pour;;
regarder;;
un;;
homme;;
qui;;
lavait;;
des;;
ra-;;
"
";;
dis;;
et;;
en;;
faisait;;
de;;
petits;;
paquets;;
.;;
Il;;
lui;;
avait;;
dit;;
:;;
"

";;
«;;
En;;
veux;;
-0;;
tu;;
;;
petite;;
;;
que;;
tu;;
les;;
regardes;;
si;;
"
";;
bien;;
?;;
»;;
"

 

";;
ENFANCE;;
DE;;
JEANNK;PER;
.;;
ai;;
"

";;
Jeanne;PER;
baissa;;
la;;
tôte;;
et;;
ne;;
dit;;
rien;;
;;
car;;
elle;;
"
";;
n';;
était;;
pas;;
hardio;;
.;;
"

";;
«;;
Allons;;
;;
lui;;
dit;;
l';;
homme;;
;;
{;;
nds;;
ton;;
tablier;;
;;
»;;
"

";;
Et;;
il;;
lui;;
en;;
jeta;;
une;;
bonne;;
poignée;;
.;;
La;PER;
petite;PER;
"
";;
Jeanne;PER;
le;;
remercia;;
et;;
fut;;
bie;;
©;;
contente;;
;;
La;PER;
mère;PER;
"
";PER;
Nannette;PER;
lui;;
donna;;
du;;
sel;;
pour;;
manger;;
ses;;
radis;;
;;
"
";;
ot;;
elle;;
fit;;
un;;
bon;;
souper;;
;;
ainsi;;
que;;
sa;;
mère;;
;;
"

";;
Catherine;PER;
dit;;
à;;
la;PER;
mère;PER;
Nanaectte;PER;
:;;
"

";;
«;;
Je;;
chaufforai;;
votre;;
lessive;;
demain;;
et;;
je;;
vous;;
"
";;
aiderai;;
à;;
la;;
laver;;
aprèa;;
-0;;
demain;;
.;;
On;;
a;;
heaucoup;;
"
";;
donné;;
à;;
Jeanne;PER;
:;;
elle;;
ira;;
à;;
l';;
herbe;;
et;;
conduira;;
les;;
"
";;
oisons;;
aux;;
champs;;
";";;
cela;;
vous;;
fera;;
gagner;;
du;;
"
";;
temps;;
;;
et;;
vous;;
pourrez;;
travailler;;
un;;
peu;;
.;;
»;;
"

";;
La;PER;
potite;PER;
Jeanno;PER;
va;;
chez;;
Mme;PER;
Dumont;PER;
.;;
"

";;
Le;;
vendredi;;
;;
Jeanne;PER;
;;
en;;
s';;
éveillant;;
;;
dit;;
à;;
sa;;
"
";;
mère;;
:;;
"

";;
«;;
C';;
est;;
aujourd'hui;;
que;;
nous;;
devons;;
aller;;
chez;;
"
";;
la;;
dame;;
chercher;;
les;;
cinquante;;
centimes;;
";";;
nous;;
"
";;
irons;;
;;
n';;
est;;
-ce;;
pas;;
;;
maman;;
?;;
"

";;
—;;
Ma;;
fille;;
;;
tu;;
iras;;
toute;;
seule;;
;;
car;;
il;;
faut;;
que;;
"
";;
j';;
aide;;
la;PER;
mère;PER;
Nannette;PER;
à;;
laver;;
son;;
linge;;
.;;
Tu;;
vas;;
"
";;
même;;
y;;
aller;;
ce;;
matin;;
;;
afin;;
de;;
mener;;
les;;
oisons;;
"
";;
et;;
la;;
chèvre;;
aux;;
champs;;
quand;;
tu;;
seras;;
reve-;;
"
";;
nue;;
.;;
"

";;
—;;
Maman;PER;
;;
jemais;;
je;;
n;;
"""";;
oserai;;
entrer;;
toute;;
seule;;
"
";;
dans;;
cette;;
belle;;
maison;;
.;;
"

";;
—;;
Pourquoi;;
donc;;
;;
ma;;
Jeanne;PER;
?;;
Cotte;;
dame;;
est;;
"
";;
si;;
bonne;;
;;
que;;
tu;;
ne;;
dois;;
pas;;
craindra;;
de;;
lui;;
parler;;
.;;
"
";;
Je;;
vais;;
t';;
habiller;;
le;;
plus;;
proprement;;
que;;
je;;
le;;
pour-;;
"
";;
rai;;
.;;
Trouveras;;
-0;;
tu;;
bien;;
la;;
maison;;
?;;
"

";;
88;;
PREMIÈRE;;
PARTIE;;
.;;
"

";;
—;;
Oh;;
!;;
oui;;
:;;
je;;
suivrai;;
le;;
ruisseau;;
jusqu';;
au;;
"
";;
moulin;;
;;
et;;
j';;
y;;
arriverai;;
tout;;
droit;;
;;
»;;
"

";;
En;;
partant;;
;;
Jenene;PER;
prit;;
un;;
bâton;;
pour;;
se;;
défendre;;
"
";;
contre;;
les;;
chiens;;
ay';;
elle;;
pourrait;;
rencontrer;;
.;;
Elle;;
ar;;
"
";;
civa;;
devant;;
la;;
grinndu;;
jardin;;
;;
et;;
vit;;
sous;;
un;;
berceau;;
"
";;
de;;
chèvrefeuille;;
M.-et;PER;
Mme;PER;
Dumont;PER;
qui;;
déjeunaient;;
"
";;
avec;;
leurs;;
enfants;;
.;;
Ce;;
fut;;
Ianure;PER;
;;
la;;
petite;;
demoiselle;;
"
";;
aux;;
chovoux;;
blonds;;
;;
qui;;
vit;;
Joanne;PER;
la;;
première;;
:;;
"

";;
«;;
Maman;;
;;
voici;;
Le;;
jolie;;
petite;;
fille;;
qu;;
’;;
a;;
rap-;;
"
";;
porté;;
le;;
brucelet;;
.;;
»;;
"

";;
Et;;
elle;;
se;;
leva;;
pour;;
aller;;
lui;;
ouvrir;;
la;;
grille;;
";";;
"
";;
mais;;
son;;
frère;;
Auguste;PER;
;;
qui;;
avait;;
déjà;;
treize;;
ans;;
;;
"
";;
courut;;
plus;;
vite;;
qu';;
elle;;
et;;
fit;;
entrer;;
Jeanno;PER;
.;;
"

";;
«;;
‘;;
Tu;;
viens;;
chercher;;
les;;
cinquante;;
centimes;;
?;;
»;;
"
";;
dit;;
Isaure;PER;
;;
qui;;
n';;
était;;
pas;;
plus;;
grande;;
que;;
Jeanne;PER;
.;;
"

";;
Puis;;
;;
avec;;
la;;
permission;;
de;;
sa;;
mère;;
;;
elle;;
prit;;
"
";;
un;;
gros;;
morceau;;
d';;
une;;
tarte;;
aux;;
prunes;;
qui;;
était;;
"
";;
sur;;
la;;
table;;
;;
et;;
le;;
lui;;
mit;;
dans;;
la;;
main;;
:;;
"

";;
u;;
Monge;PER;
;;
petite;;
";";;
©;;
est;;
bien;;
bon;;
.;;
»;;
"

";;
”;;
Jeanne;PER;
prit;;
la;;
tarte;;
;;
mais;;
elle;;
n';;
y;;
toucha;;
pas;;
.;;
"

";;
«;;
Tu;;
n';;
as;;
donc;;
pas;;
faim;;
?;;
"

";;
—;;
Si;;
fait;;
;;
mademoiselle;;
;;
je;;
n';;
ai;;
pas;;
encore;;
dé;;
.;;
"
";;
jeuné;;
"

";;
—;;
Tu;;
n';;
aimes;;
peut-être;;
pas;;
la;;
tarte;;
?;;
"

";;
—;;
Je;;
ne;;
sais;;
pas;;
;;
je;;
n';;
en;;
ai;;
jamais;;
mangé;;
";";;
"
";;
mais;;
elle;;
sent;;
bien;;
bon;;
!;;
je;;
crois;;
que;;
c';;
est;;
encore;;
"

";;
“;;
meilleur;;
que;;
la;;
galette;;
.;;
"

";;
—;;
Eh;;
bien;;
;;
pourquoi;;
n';;
en;;
manges;;
-0;;
tu;;
pas;;
?;;
»;;
"

";;
Jeanne;PER;
ne;;
répondit;;
rien;;
.;;
"

";;
.;;
Mme;PER;
Dümont;PER;
demanda;;
aussi;;
à;;
Jeanne;PER;
pour-;;
"
";;
quoi;;
elle;;
ne;;
touchait;;
pas;;
à;;
sa;;
portion;;
de;;
