Token;Label_Maj;Quaero_Maj
LA;;
FABRIQUE;;
"

";;
Je;;
suis;;
né;;
le;;
13;;
mai;;
18;;
...;;
;;
dans;;
une;;
ville;;
du;;
Languedoc;LOC;loc.adm.reg
;;
où;;
l’;;
on;;
1;;
"
";;
trouve;;
;;
comme;;
dans;;
toutes;;
les;;
villes;;
du;;
Midi;LOC;loc.adm.reg
;;
beaucoup;;
de;;
soleil;;
;;
pas;;
"
";;
mal;;
de;;
poussière;;
;;
un;;
couvent;LOC;loc.fac
de;LOC;loc.fac
Carmélites;LOC;loc.fac
et;;
deux;;
ou;;
trois;;
monuments;;
"
";;
romains;;
.;;
"

";;
Mon;;
père;;
;;
M.;PER;
Eyssette;PER;
;;
qui;;
faisait;;
à;;
cette;;
époque;;
le;;
commerce;;
des;;
"
";;
foulards;;
;;
avait;;
;;
aux;;
portes;;
de;;
la;;
ville;;
;;
une;;
grande;;
fabrique;;
dans;;
un;;
pan;;
"
";;
de;;
laquelle;;
il;;
s’;;
était;;
taillé;;
une;;
habitation;;
commode;;
;;
tout;;
ombragée;;
de;;
"
";;
platanes;;
et;;
séparée;;
des;;
ateliers;;
par;;
un;;
vaste;;
jardin;;
.;;
C’;;
est;;
là;;
que;;
je;;
suis;;
"
";;
venu;;
au;;
monde;;
et;;
que;;
j';;
ai;;
passé;;
les;;
premières;;
;;
les;;
seules;;
bonnes;;
années;;
"
";;
de;;
ma;;
vie;;
.;;
Aussi;;
ma;;
mémoire;;
reconnaissante;;
a;;
-t;;
-elle;;
gardé;;
du;;
jardin;;
"
";;
de;;
la;;
fabrique;;
et;;
des;;
platanes;;
un;;
impérissable;;
souvenir;;
;;
et;;
lorsqu’;;
à;;
"
";;
la;;
ruine;;
de;;
mes;;
parents;;
il;;
m’;;
a;;
fallu;;
me;;
séparer;;
de;;
ces;;
choses;;
;;
je;;
les;;
ai;;
"
";;
positivement;;
regrettées;;
comme;;
des;;
êtres;;
.;;
"

";;
Source;;
gallica.bnf.fr;;
/;;
Bibliothèque;;
nationale;;
de;;
France;;
"

";;
4;;
LE;;
PETIT;;
CHOSE;;
"

";;
ro;;
"

 

";;
PE;;
"

 

 

 

";;
US;;
"

";;
Je;;
dois;;
dire;;
;;
pour;;
commencer;;
;;
que;;
ma;;
naissance;;
ne;;
porta;;
pas;;
"
";;
bonheur;;
à;;
la;;
maison;;
Eyssette;;
.;;
La;PER;
vieille;PER;
Annou;PER;
;;
notre;;
cuisinière;;
;;
m’;;
a;;
"
";;
souvent;;
conté;;
depuis;;
comme;;
quoi;;
mon;;
père;;
;;
en;;
voyage;;
à;;
ce;;
moment;;
;;
"
";;
reçut;;
en;;
même;;
temps;;
la;;
nouvelle;;
de;;
mon;;
apparition;;
dans;;
le;;
monde;;
et;;
"
";;
celle;;
de;;
la;;
disparition;;
d’;;
un;;
de;;
ses;;
clients;;
de;;
Marseille;LOC;loc.adm.town
;;
qui;;
lui;;
emportait;;
"
";;
plus;;
de;;
quarante;;
mille;;
francs;;
;;
si;;
bien;;
que;;
M.;PER;
Eyssette;PER;
;;
heureux;;
et;;
"
";;
désolé;;
du;;
même;;
coup;;
;;
se;;
demandait;;
;;
comme;;
l’;;
autre;;
;;
s’;;
il;;
devait;;
pleurer;;
"
";;
pour;;
la;;
disparition;;
du;;
client;;
de;;
Marseille;LOC;loc.adm.town
;;
ou;;
rire;;
pour;;
l’;;
heureuse;;
"
";;
arrivée;;
du;;
petit;;
Daniel;PER;
...;;
Il;;
fallait;;
pleurer;;
;;
mon;;
bon;;
monsieur;PER;
Eyssette;PER;
;;
"
";;
il;;
fallait;;
pleurer;;
doublement;;
.;;
"

";;
C’;;
est;;
une;;
vérité;;
;;
je;;
fus;;
la;;
mauvaise;;
étoile;;
de;;
mes;;
parents;;
.;;
Du;;
jour;;
"
";;
de;;
ma;;
naissance;;
;;
d’;;
incroyables;;
malheurs;;
les;;
assaillirent;;
par;;
vingt;;
"
";;
endroits;;
.;;
D';;
abord;;
nous;;
eûmes;;
donc;;
le;;
client;;
de;;
Marseille;LOC;loc.adm.town
;;
puis;;
deux;;
"
";;
fois;;
le;;
feu;;
dans;;
la;;
même;;
année;;
;;
puis;;
la;;
grève;;
des;;
ourdisseuses;;
;;
puis;;
"
";;
notre;;
brouille;;
avec;;
l’;PER;
oncle;PER;
Baptiste;PER;
;;
puis;;
un;;
procès;;
très;;
coûteux;;
avec;;
"
";;
nos;;
marchands;;
de;;
couleurs;;
;;
puis;;
;;
enfin;;
;;
la;;
Révolution;MISC;
de;MISC;
18;MISC;
..;;
;;
qui;;
"
";;
nous;;
donna;;
le;;
coup;;
de;;
grâce;;
.;;
"

";;
À;;
partir;;
de;;
ce;;
moment;;
;;
la;;
fabrique;;
ne;;
battit;;
plus;;
que;;
d’;;
une;;
aile;;
;;
"
";;
petit;;
à;;
petit;;
;;
les;;
ateliers;;
se;;
vidèrent;;
:;;
chaque;;
semaine;;
un;;
métier;;
à;;
bas;;
;;
"
";;
chaque;;
mois;;
une;;
table;;
d’;;
impression;;
de;;
moins;;
.;;
C';;
était;;
pitié;;
de;;
voir;;
"
";;
la;;
vie;;
s’;;
en;;
aller;;
de;;
notre;;
maison;;
comme;;
d’;;
un;;
corps;;
malade;;
;;
lentement;;
;;
"
";;
tous;;
les;;
jours;;
un;;
peu;;
.;;
Une;;
fois;;
;;
on;;
n’;;
entra;;
plus;;
dans;;
les;;
salles;;
du;;
"
";;
second;;
.;;
Une;;
autre;;
fois;;
;;
la;;
cour;;
du;;
fond;;
fut;;
condamnée;;
.;;
Cela;;
dura;;
"
";;
ainsi;;
pendant;;
deux;;
ans;;
;;
pendant;;
deux;;
ans;;
;;
la;;
fabrique;;
agonisa;;
.;;
Enfin;;
;;
"
";;
un;;
jour;;
;;
les;;
ouvriers;;
ne;;
vinrent;;
plus;;
;;
la;;
cloche;;
des;;
ateliers;;
ne;;
sonna;;
"
";;
pas;;
;;
le;;
puits;;
à;;
roue;;
cessa;;
de;;
grincer;;
;;
l’;;
eau;;
des;;
grands;;
bassins;;
;;
dans;;
"
";;
lesquels;;
on;;
lavait;;
les;;
tissus;;
;;
demeura;;
immobile;;
;;
et;;
bientôt;;
;;
dans;;
toute;;
"
";;
la;;
fabrique;;
;;
il;;
ne;;
resta;;
plus;;
que;;
M.;PER;
et;;
Mme;PER;
Eyssette;PER;
;;
la;PER;
vieille;PER;
Annou;PER;
;;
"
";;
mon;;
frère;;
Jacques;PER;
et;;
moi;;
;;
puis;;
;;
là;;
-0;;
bas;;
;;
dans;;
le;;
fond;;
;;
pour;;
garder;;
les;;
"
";;
ateliers;;
;;
le;PER;
concierge;PER;
Colombe;PER;
et;;
son;;
fils;;
le;PER;
petit;PER;
Rouget;PER;
.;;
"

";;
C';;
était;;
fini;;
;;
nous;;
étions;;
ruinés;;
.;;
"

";;
J';;
avais;;
alors;;
six;;
ou;;
sept;;
ans;;
.;;
Comme;;
j';;
étais;;
très;;
frêle;;
et;;
maladif;;
;;
"
";;
mes;;
parents;;
n’;;
avaient;;
pas;;
voulu;;
m';;
envoyer;;
à;;
l’;;
école;;
.;;
Ma;;
mère;;
m';;
avait;;
"
";;
seulement;;
appris;;
à;;
lire;;
et;;
à;;
écrire;;
;;
plus;;
quelques;;
mots;;
d’;;
espagnol;;
et;;
"
";;
deux;;
ou;;
trois;;
airs;;
de;;
guitare;;
;;
à;;
l’;;
aide;;
desquels;;
on;;
m';;
avait;;
fait;;
;;
dans;;
la;;
"
";;
famille;;
;;
une;;
réputation;;
de;;
petit;;
prodige;;
.;;
Grâce;;
à;;
ce;;
système;;
d';;
éducation;;
;;
"
";;
je;;
ne;;
bougeais;;
jamais;;
de;;
chez;;
nous;;
;;
et;;
je;;
pus;;
assister;;
dans;;
tous;;
ses;;
"
";;
détails;;
à;;
l’;;
agonie;;
de;;
la;;
maison;LOC;loc.adm.town
Eyssette;;
.;;
Ce;;
spectacle;;
me;;
laissa;;
froid;;
;;
"

 

";;
PA;;
fesse;;
RD;;
BR;;
"

";;
LA;;
FABRIQUE;;
5;;
"

";;
LL;;
ot;;
ot;;
do;;
"

 

";;
LS;;
SSL;;
Sd;;
dd;;
do;;
"

 

";;
PE;;
TS;;
"

";;
je;;
l’;;
avoue;;
;;
même;;
je;;
trouvai;;
à;;
notre;;
ruine;;
ce;;
côté;;
très;;
agréable;;
;;
que;;
je;;
"
";;
pouvais;;
gambader;;
à;;
ma;;
guise;;
par;;
toute;;
la;;
fabrique;;
;;
ce;;
qui;;
;;
du;;
temps;;
des;;
"
";;
ouvriers;;
;;
ne;;
m';;
était;;
permis;;
que;;
le;;
dimanche;;
.;;
Je;;
disais;;
gravement;;
au;;
"
";;
petit;;
Rouget;PER;
:;;
«;;
Maintenant;;
;;
la;;
fabrique;;
est;;
à;;
moi;;
;;
on;;
me;;
l’;;
a;;
donnée;;
"
";;
pour;;
jouer;;
.;;
»;;
Et;;
le;PER;
petit;PER;
Rouget;PER;
me;;
croyait;;
.;;
Il;;
croyait;;
tout;;
ce;;
que;;
je;;
"
";;
lui;;
disais;;
;;
cet;;
imbécile;;
.;;
"

";;
A;;
la;;
maison;;
;;
par;;
exemple;;
;;
tout;;
le;;
monde;;
ne;;
prit;;
pas;;
notre;;
débâcle;;
"
";;
aussi;;
gaiement;;
.;;
Tout;;
à;;
coup;;
M.;PER;
Eyssette;PER;
devint;;
terrible;;
;;
c';;
était;;
dans;;
"
";;
l’;;
habitude;;
une;;
nature;;
enflammée;;
;;
violente;;
;;
exagérée;;
;;
aimant;;
les;;
cris;;
;;
"
";;
la;;
casse;;
et;;
les;;
tonnerres;;
;;
au;;
fond;;
;;
un;;
très;;
excellent;;
homme;;
;;
ayant;;
"
";;
seulement;;
la;;
main;;
leste;;
;;
le;;
verbe;;
haut;;
et;;
l’;;
impérieux;;
besoin;;
de;;
donner;;
"
";;
le;;
tremblement;;
à;;
tout;;
ce;;
qui;;
l’;;
entourait;;
.;;
La;;
mauvaise;;
fortune;;
;;
au;;
lieu;;
"
";;
de;;
l’;;
abattre;;
;;
l’;;
exaspéra;;
.;;
Du;;
soir;;
au;;
matin;;
;;
ce;;
fut;;
une;;
colère;;
formidable;;
"
";;
qui;;
;;
ne;;
sachant;;
à;;
qui;;
s’;;
en;;
prendre;;
;;
s’;;
attaquait;;
à;;
tout;;
;;
au;;
soleil;;
;;
au;;
"
";;
mistral;;
;;
à;;
Jacques;PER;
;;
à;;
la;PER;
vieille;PER;
Annou;PER;
;;
à;;
la;;
Révolution;MISC;
;;
oh;;
!;;
surtout;;
à;;
la;MISC;
"
";MISC;
Révolution;MISC;
!;;
À;;
entendre;;
mon;;
père;;
;;
vous;;
auriez;;
juré;;
que;;
cette;;
Révo-;MISC;
"
";MISC;
lution;MISC;
de;;
18;;
...;;
;;
qui;;
nous;;
avait;;
mis;;
à;;
mal;;
;;
était;;
spécialement;;
dirigée;;
"
";;
contre;;
nous;;
.;;
Aussi;;
;;
je;;
vous;;
prie;;
de;;
croire;;
que;;
les;;
révolutionnaires;;
"
";;
n';;
étaient;;
pas;;
en;;
odeur;;
de;;
sainteté;;
dans;;
la;LOC;loc.adm.town
maison;LOC;loc.adm.town
Eyssette;;
.;;
Dieu;;
sait;;
"
";;
ce;;
que;;
nous;;
avons;;
dit;;
de;;
ces;;
messieurs;;
dans;;
ce;;
temps;;
-là;;
...;;
Encore;;
"
";;
aujourd’hui;;
;;
quand;;
le;PER;
vieux;PER;
papa;PER;
Eyssette;PER;
(;;
que;;
Dieu;;
me;;
le;;
conserve;;
!;;
);;
"
";;
sent;;
venir;;
son;;
accès;;
de;;
goutte;;
;;
il;;
s';;
étend;;
péniblement;;
sur;;
sa;;
chaise;;
"
";;
longue;;
;;
et;;
nous;;
l’;;
entendons;;
dire;;
:;;
«;;
Oh;;
!;;
ces;;
révolutionnaires;;
!;;
»;;
"

";;
A;;
l’;;
époque;;
dont;;
je;;
vous;;
parle;;
;;
M.;PER;
Eyssette;PER;
n’;;
avait;;
pas;;
la;;
goutte;;
;;
"
";;
et;;
la;;
douleur;;
de;;
se;;
voir;;
ruiné;;
en;;
avait;;
fait;;
un;;
homme;;
terrible;;
que;;
"
";;
personne;;
ne;;
pouvait;;
approcher;;
.;;
Il;;
fallut;;
le;;
saigner;;
deux;;
fois;;
en;;
quinze;;
"
";;
jours;;
.;;
Autour;;
de;;
lui;;
;;
chacun;;
se;;
taisait;;
;;
on;;
avait;;
peur;;
.;;
A;;
table;;
;;
nous;;
"
";;
demandions;;
du;;
pain;;
à;;
voix;;
basse;;
.;;
On;;
n’;;
osait;;
pas;;
même;;
pleurer;;
devant;;
"
";;
lui;;
.;;
Aussi;;
;;
dès;;
qu’;;
il;;
avait;;
tourné;;
les;;
talons;;
;;
ce;;
n’;;
était;;
qu’;;
un;;
sanglot;;
;;
"
";;
d’;;
un;;
bout;;
de;;
la;;
maison;;
à;;
l’;;
autre;;
;;
ma;;
mère;;
;;
la;PER;
vieille;PER;
Annou;PER;
;;
mon;;
frère;;
"
";;
Jacques;PER;
et;;
aussi;;
mon;;
grand;;
frère;;
l’;;
abbé;;
;;
lorsqu';;
il;;
venait;;
nous;;
voir;;
;;
tout;;
"
";;
le;;
monde;;
s’;;
y;;
mettait;;
.;;
Ma;;
mère;;
;;
cela;;
se;;
conçoit;;
;;
pleurait;;
de;;
voir;;
"
";;
M.;PER;
Eyssette;PER;
malheureux;;
;;
l’;;
abbé;;
et;;
la;PER;
vieille;PER;
Annou;PER;
pleuraient;;
de;;
"
";;
voir;;
pleurer;;
Mme;PER;
Eyssette;PER;
;;
quant;;
à;;
Jacques;PER;
;;
trop;;
jeune;;
encore;;
pour;;
"
";;
comprendre;;
nos;;
malheurs;;
;;
—;;
il;;
avait;;
à;;
peine;;
deux;;
ans;;
de;;
plus;;
que;;
"
";;
moi;;
;;
—;;
il;;
pleurait;;
par;;
besoin;;
;;
pour;;
le;;
plaisir;;
.;;
"

";;
Un;;
singulier;;
enfant;;
que;;
mon;;
frère;;
Jacques;PER;
;;
en;;
voilà;;
un;;
qui;;
avait;;
"
";;
le;;
don;;
des;;
larmes;;
!;;
D’;;
aussi;;
loin;;
qu’;;
il;;
me;;
souvienne;;
;;
je;;
le;;
vois;;
;;
les;;
yeux;;
"

";;
6;;
LE;;
PETIT;;
CHOSE;;
"

";;
tt;;
LT;;
LS;;
dd;;
dd;;
"

 

";;
Sd;;
ot;;
ot;;
oo;;
"

";;
rouges;;
et;;
la;;
joue;;
ruisselante;;
.;;
Le;;
soir;;
;;
le;;
matin;;
;;
de;;
jour;;
;;
de;;
nuit;;
;;
en;;
"
";;
classe;;
;;
à;;
la;;
maison;;
;;
en;;
promenade;;
;;
il;;
pleurait;;
sans;;
cesse;;
;;
il;;
pleurait;;
"
";;
partout;;
.;;
Quand;;
on;;
lui;;
disait;;
:;;
«;;
Qu’;;
as;;
-0;;
tu;;
?;;
»;;
il;;
répondait;;
en;;
sanglotant;;
:;;
"
";;
«;;
Je;;
n';;
ai;;
rien;;
.;;
»;;
Et;;
;;
le;;
plus;;
curieux;;
;;
c’;;
est;;
qu’;;
il;;
n’;;
avait;;
rien;;
.;;
Il;;
pleurait;;
"
";;
comme;;
on;;
se;;
mouche;;
;;
plus;;
souvent;;
;;
voilà;;
tout;;
;;
Quelquefois;;
M.;PER;
Eyssette;PER;
;;
"
";;
exaspéré;;
;;
disait;;
à;;
ma;;
mère;;
:;;
«;;
Cet;;
enfant;;
est;;
ridicule;;
;;
regardez;;
-0;;
le!.;;
…;;
"
";;
c’;;
est;;
un;;
fleuve;;
.;;
»;;
À;;
quoi;;
Mme;PER;
Eyssette;PER;
répondait;;
de;;
sa;;
voix;;
douce;;
:;;
"
";;
«;;
Que;;
veux;;
-0;;
tu;;
;;
mon;;
ami;;
?;;
cela;;
passera;;
en;;
grandissant;;
;;
à;;
son;;
âge;;
;;
j';;
étais;;
"
";;
comme;;
lui;;
.;;
»;;
En;;
attendant;;
;;
Jacques;PER;
grandissait;;
;;
il;;
grandissait;;
beaucoup;;
"
";;
même;;
;;
et;;
cela;;
ne;;
lui;;
passait;;
pas;;
.;;
Tout;;
au;;
contraire;;
;;
la;;
singulière;;
aptitude;;
"
";;
qu';;
avait;;
cet;;
étrange;;
garçon;;
à;;
répandre;;
sans;;
raison;;
des;;
averses;;
de;;
larmes;;
"
";;
allait;;
chaque;;
jour;;
en;;
augmentant;;
.;;
Aussi;;
la;;
désolation;;
de;;
nos;;
parents;;
"
";;
lui;;
fut;;
une;;
grande;;
fortune;;
.;;
C’;;
est;;
pour;;
le;;
coup;;
qu';;
il;;
s’;;
en;;
donna;;
de;;
"
";;
sangloter;;
à;;
son;;
aise;;
;;
des;;
journées;;
entières;;
;;
sans;;
que;;
personne;;
vint;;
lui;;
"
";;
dire;;
:;;
«;;
Qu’;;
as;;
-0;;
tu;;
?;;
»;;
"

";;
En;;
somme;;
;;
pour;;
Jacques;PER;
comme;;
pour;;
moi;;
;;
notre;;
ruine;;
avait;;
son;;
"
";;
joli;;
côté;;
.;;
"

";;
Pour;;
ma;;
part;;
;;
j';;
étais;;
très;;
heureux;;
.;;
On;;
ne;;
s’;;
occupait;;
plus;;
de;;
moi;;
.;;
"
";;
J';;
en;;
profitais;;
pour;;
jouer;;
tout;;
le;;
jour;;
avec;;
Rouget;PER;
parmi;;
les;;
ateliers;;
"
";;
déserts;;
;;
où;;
nos;;
pas;;
sonnaient;;
comme;;
dans;;
une;;
église;;
;;
et;;
les;;
grandes;;
"
";;
cours;;
abandonnées;;
;;
que;;
l’;;
herbe;;
envahissait;;
déjà;;
.;;
Ce;;
jeune;;
Rouget;PER;
;;
"
";;
fils;;
du;;
concierge;PER;
Colombe;PER;
;;
était;;
un;;
gros;;
garçon;;
d’;;
une;;
douzaine;;
"
";;
d’;;
années;;
;;
fort;;
comme;;
un;;
bœuf;;
;;
dévoué;;
comme;;
un;;
chien;;
;;
bête;;
comme;;
"
";;
une;;
oie;;
et;;
remarquable;;
surtout;;
par;;
une;;
chevelure;;
rouge;;
;;
à;;
laquelle;;
"
";;
il;;
devait;;
son;;
surnom;;
de;;
Rouget;PER;
.;;
Seulement;;
;;
je;;
vais;;
vous;;
dire;;
:;;
Rouget;PER;
;;
"
";;
pour;;
moi;;
;;
n’;;
était;;
pas;;
Rouget;PER;
.;;
Il;;
était;;
tour;;
à;;
tour;;
mon;;
fidèle;;
Vendredi;PER;
;;
"
";;
une;;
tribu;;
de;;
sauvages;;
;;
un;;
équipage;;
révolté;;
;;
tout;;
ce;;
qu’;;
on;;
voulait;;
.;;
"
";;
Moi;;
-0;;
même;;
;;
en;;
ce;;
temps;;
-là;;
;;
je;;
ne;;
m'’appelais;;
pas;;
Daniel;PER;
Eyssette;PER;
;;
"
";;
j';;
étais;;
cet;;
homme;;
singulier;;
;;
vêtu;;
de;;
peaux;;
de;;
bêtes;;
;;
donton;;
venait;;
"
";;
de;;
me;;
donner;;
les;;
aventures;;
;;
master;PER;
Crusoé;PER;
lui-même;;
.;;
Douce;;
folie;;
!;;
"
";;
Le;;
soir;;
;;
après;;
souper;;
;;
je;;
relisais;;
mon;;
Robinson;;
;;
je;;
l’;;
apprenais;;
par;;
cœur;;
;;
"
";;
le;;
jour;;
;;
je;;
le;;
jouais;;
;;
je;;
le;;
jouais;;
avec;;
rage;;
;;
et;;
tout;;
ce;;
qui;;
m’;;
entourait;;
;;
"
";;
je;;
l’;;
enrôlais;;
dans;;
ma;;
comédie;;
.;;
La;;
fabrique;;
n’;;
était;;
plus;;
la;;
fabrique;;
;;
"
";;
c';;
était;;
mon;;
île;;
déserte;;
;;
oh;;
!;;
bien;;
déserte;;
.;;
Les;;
bassins;;
jouaient;;
le;;
rôle;;
"
";;
d’;;
Océan;LOC;loc.phys.hydro
.;;
Le;;
jardin;;
faisait;;
une;;
forêt;;
vierge;;
.;;
Il;;
y;;
avait;;
dans;;
les;;
platanes;;
"
";;
un;;
tas;;
de;;
cigales;;
qui;;
étaient;;
de;;
la;;
pièce;;
et;;
qui;;
ne;;
le;;
savaient;;
pas;;
.;;
"

";;
Rouget;PER;
;;
lui;;
non;;
plus;;
;;
ne;;
se;;
doutait;;
guère;;
de;;
l';;
importance;;
de;;
son;;
"
";;
rôle;;
.;;
Si;;
on;;
lui;;
avait;;
demandé;;
ce;;
que;;
c';;
était;;
que;;
Robinson;;
;;
on;;
l';;
aurait;;
"

 

";;
LA;;
FABRIQUE;;
7;;
"

";;
dd;;
LL;;
LS;;
"

 

 

";;
bien;;
embarrassé;;
;;
pourtant;;
je;;
dois;;
dire;;
qu’;;
il;;
tenait;;
son;;
emploi;;
avec;;
la;;
"
";;
plus;;
grande;;
conviction;;
;;
et;;
que;;
;;
pour;;
imiter;;
le;;
rugissement;;
des;;
sau-;;
"
";;
vages;;
;;
il;;
n’;;
y;;
en;;
avait;;
pas;;
comme;;
lui;;
.;;
Où;;
avait;;
-il;;
appris;;
?;;
Je;;
l’;;
ignore;;
.;;
"
";;
Toujours;;
est;;
-il;;
que;;
ces;;
grands;;
rugissements;;
de;;
sauvage;;
qu';;
il;;
allait;;
"
";;
chercher;;
dans;;
le;;
fond;;
de;;
sa;;
gorge;;
;;
en;;
agitant;;
sa;;
forte;;
crinière;;
rouge;;
;;
"
";;
auraient;;
fait;;
frémir;;
les;;
plus;;
braves;;
.;;
Moi;;
-0;;
même;;
;;
Robinson;;
;;
j';;
en;;
avais;;
"
";;
quelquefois;;
le;;
cœur;;
bouleversé;;
;;
et;;
j’;;
étais;;
obligé;;
de;;
lui;;
dire;;
à;;
voix;;
basse;;
:;;
"
";;
«;;
Pas;;
si;;
fort;;
;;
Rouget;PER;
;;
tu;;
me;;
fais;;
peur;;
.;;
»;;
"

";;
Malheureusement;;
;;
si;;
Rouget;PER;
imitait;;
le;;
cri;;
des;;
sauvages;;
très;;
bien;;
;;
"
";;
il;;
savait;;
encore;;
mieux;;
dire;;
les;;
gros;;
mots;;
d’;;
enfants;;
de;;
la;;
rue;;
et;;
jurer;;
le;;
"
";;
nom;;
de;;
Notre-Seigneur;MISC;
.;;
Tout;;
en;;
jouant;;
;;
j';;
appris;;
à;;
faire;;
comme;;
lui;;
;;
"
";;
et;;
un;;
jour;;
;;
en;;
pleine;;
table;;
;;
un;;
formidable;;
juron;;
m’;;
échappa;;
je;;
ne;;
sais;;
"
";;
comment;;
.;;
Consternation;;
générale;;
!;;
«;;
Qui;;
t’;;
a;;
appris;;
cela;;
?;;
Où;;
l’;;
as;;
-0;;
tu;;
"
";;
entendu;;
?;;
»;;
Ce;;
fut;;
un;;
événement;;
.;;
M.;PER;
Eyssette;PER;
parla;;
tout;;
de;;
suite;;
de;;
"
";;
me;;
mettre;;
dans;;
une;;
maison;;
de;;
correction;;
;;
mon;;
grand;;
frère;;
l’;;
abbé;;
dit;;
"
";;
qu';;
avant;;
toute;;
chose;;
on;;
devait;;
m';;
envoyer;;
à;;
confesse;;
;;
puisque;;
j';;
avais;;
"
";;
l’;;
âge;;
de;;
raison;;
.;;
On;;
me;;
mena;;
à;;
confesse;;
.;;
Grande;;
affaire;;
!;;
Il;;
fallait;;
"
";;
ramasser;;
dans;;
tous;;
les;;
coins;;
de;;
ma;;
conscience;;
un;;
tas;;
de;;
vieux;;
péchés;;
"
";;
qui;;
traînaient;;
là;;
depuis;;
sept;;
ans;;
.;;
Je;;
ne;;
dormis;;
pas;;
de;;
deux;;
nuits;;
;;
"
";;
c’;;
est;;
qu';;
il;;
y;;
en;;
avait;;
toute;;
une;;
panerée;;
de;;
ces;;
diables;;
de;;
péchés;;
;;
j';;
avais;;
"
";;
mis;;
les;;
plus;;
petits;;
dessus;;
;;
mais;;
c’;;
est;;
égal;;
;;
les;;
autres;;
se;;
voyaient;;
;;
et;;
"
";;
lorsque;;
;;
agenouillé;;
dans;;
la;;
petite;;
armoire;;
de;;
chêne;;
;;
il;;
fallut;;
montrer;;
"
";;
tout;;
cela;;
au;;
curé;PER;
des;PER;
Récollets;PER;
;;
je;;
crus;;
que;;
je;;
mourrais;;
de;;
peur;;
et;;
de;;
"
";;
confusion;;
…;;
"

";;
Ce;;
fut;;
fini;;
.;;
Je;;
ne;;
voulus;;
plus;;
jouer;;
avec;;
Rouget;PER;
;;
je;;
savais;;
mainte-;;
"
";;
nant;;
;;
c’;;
est;;
saint;;
Paul;;
qui;;
l’;;
a;;
dit;;
et;;
le;;
curé;PER;
des;PER;
Récollets;;
me;;
le;;
répéta;;
;;
"
";;
que;;
le;;
démon;;
rôde;;
éternellement;;
autour;;
de;;
nous;;
comme;;
un;;
lion;;
;;
"
";;
queærens;;
quem;;
devoret;;
.;;
Oh;;
!;;
ce;;
quærens;;
quem;;
devoret;;
;;
quelle;;
impression;;
"
";;
il;;
me;;
fit;;
!;;
Je;;
savais;;
aussi;;
que;;
cet;;
intrigant;;
de;;
Lucifer;MISC;
prend;;
tous;;
les;;
"
";;
visages;;
qu’;;
il;;
veut;;
pour;;
vous;;
tenter;;
;;
et;;
vous;;
ne;;
m';;
auriez;;
pas;;
Ôté;;
de;;
"
";;
l';;
idée;;
qu’;;
il;;
s’;;
était;;
caché;;
dans;;
la;;
peau;;
de;;
Rouget;PER;
pour;;
m’;;
apprendre;;
à;;
"
";;
jurer;;
le;;
nom;;
de;;
Dieu;;
.;;
Aussi;;
;;
mon;;
premier;;
soin;;
;;
en;;
rentrant;;
à;;
la;;
"
";;
fabrique;;
;;
fut;;
d’;;
avertir;;
Vendredi;PER;
qu’;;
il;;
eût;;
à;;
rester;;
chez;;
lui;;
dorénavant;;
.;;
"
";;
Infortuné;;
Vendredi;;
!;;
Cet;;
ukase;;
lui;;
creva;;
le;;
cœur;;
;;
mais;;
il;;
s’;;
y;;
conforma;;
"
";;
sans;;
une;;
plainte;;
.;;
Quelquefois;;
;;
je;;
l’;;
apercevais;;
debout;;
;;
sur;;
la;;
porte;;
de;;
"
";;
la;;
loge;;
;;
du;;
côté;;
des;;
ateliers;;
;;
il;;
se;;
tenait;;
là;;
tristement;;
;;
et;;
lorsqu';;
il;;
voyait;;
"
";;
que;;
je;;
le;;
regardais;;
;;
le;;
malheureux;;
poussait;;
pour;;
m’;;
attendrir;;
les;;
plus;;
"
";;
effroyables;;
rugissements;;
;;
en;;
agitant;;
sa;;
crinière;;
flamboyante;;
;;
mais;;
plus;;
"

 

";;
8;;
LE;;
PETIT;;
CHOSE;;
"

";;
TS;;
do;;
"

 

 

";;
RS;;
"

";;
il;;
rugissait;;
;;
plus;;
je;;
me;;
tenais;;
loin;;
.;;
Je;;
trouvais;;
qu’;;
il;;
ressemblait;;
au;;
"
";;
fameux;;
lion;;
quærens;;
.;;
Je;;
lui;;
criais;;
:;;
«;;
Va;;
-0;;
t’;;
en;;
!;;
tu;;
me;;
fais;;
horreur;;
.;;
»;;
"

";;
Rouget;PER;
s’;;
obstina;;
à;;
rugir;;
ainsi;;
pendant;;
quelques;;
jours;;
;;
puis;;
;;
un;;
"
";;
matin;;
;;
son;;
père;;
;;
fatigué;;
de;;
ses;;
rugissements;;
à;;
domicile;;
;;
l’;;
envoya;;
rugir;;
"
";;
en;;
apprentissage;;
;;
et;;
je;;
ne;;
le;;
revis;;
plus;;
.;;
"

";;
Mon;;
enthousiasme;;
pour;;
Robinson;;
n’;;
en;;
fut;;
pas;;
un;;
instant;;
refroidi;;
.;;
"
";;
Tout;;
juste;;
vers;;
ce;;
temps;;
-là;;
;;
l’;PER;
oncle;PER;
Baptiste;PER;
se;;
dégoûta;;
subitement;;
de;;
"
";;
son;;
perroquet;;
et;;
me;;
le;;
donna;;
.;;
Ce;;
perroquet;;
remplaça;;
Vendredi;;
.;;
"
";;
Je;;
l’;;
installai;;
dans;;
une;;
belle;;
cage;;
au;;
fond;;
de;;
ma;;
résidence;;
d’;;
hiver;;
;;
et;;
"
";;
me;;
voilà;;
;;
plus;;
Crusoé;PER;
que;;
jamais;;
;;
passant;;
mes;;
journées;;
en;;
tête;;
à;;
tête;;
"
";;
avec;;
cet;;
intéressant;;
volatile;;
et;;
cherchant;;
à;;
lui;;
faire;;
dire;;
:;;
«;;
Robinson;;
;;
"
";;
mon;;
pauvre;;
Robinson;PER;
!;;
»;;
Comprenez;;
-vous;;
cela;;
?;;
Ce;;
perroquet;;
;;
que;;
"
";;
l’;PER;
oncle;PER;
Baptiste;PER;
m';;
avait;;
donné;;
pour;;
se;;
débarrasser;;
de;;
son;;
éternel;;
"
";;
bavardage;;
;;
s’;;
obstina;;
à;;
ne;;
pas;;
parler;;
dès;;
qu’;;
il;;
fut;;
à;;
moi;;
...;;
Pas;;
plus;;
"
";;
«;;
mon;;
pauvre;;
Robinson;;
»;;
qu';;
autre;;
chose;;
;;
jamais;;
je;;
n’;;
en;;
pus;;
rien;;
tirer;;
.;;
"
";;
Malgré;;
cela;;
;;
je;;
l’;;
aimais;;
beaucoup;;
et;;
j’;;
en;;
avais;;
le;;
plus;;
grand;;
soin;;
.;;
"

";;
Nous;;
vivions;;
ainsi;;
;;
mon;;
Perroquet;;
et;;
moi;;
;;
dans;;
la;;
plus;;
austère;;
"
";;
solitude;;
;;
lorsqu';;
un;;
matin;;
il;;
m’;;
arriva;;
une;;
chose;;
vraiment;;
extraordinaire;;
.;;
"
";;
Ce;;
jour;;
-0;;
B;;
;;
j';;
avais;;
quitté;;
ma;;
cabane;;
de;;
bonne;;
heure;;
et;;
je;;
faisais;;
;;
armé;;
"
";;
jusqu';;
aux;;
dents;;
;;
un;;
voyage;;
d’;;
exploration;;
à;;
travers;;
mon;;
île;;
.;;
Tout;;
à;;
"
";;
coup;;
;;
je;;
vis;;
venir;;
de;;
mon;;
côté;;
un;;
groupe;;
de;;
trois;;
ou;;
quatre;;
personnes;;
;;
"
";;
qui;;
parlaient;;
à;;
voix;;
très;;
haute;;
et;;
gesticulaient;;
vivement;;
.;;
Juste;;
Dieu;;
!;;
"
";;
des;;
hommes;;
dans;;
mon;;
île;;
!;;
Je;;
n’;;
eus;;
que;;
le;;
temps;;
de;;
me;;
jeter;;
derrière;;
"
";;
un;;
bouquet;;
de;;
lauriers;;
-0;;
roses;;
;;
et;;
à;;
plat;;
ventre;;
;;
s’;;
il;;
vous;;
plaît;;
.;;
Les;;
"
";;
hommes;;
passèrent;;
près;;
de;;
moi;;
sans;;
me;;
voir;;
.;;
Je;;
crus;;
distinguer;;
la;;
"
";;
voix;;
du;;
concierge;PER;
Colombe;PER;
;;
ce;;
qui;;
me;;
rassura;;
un;;
peu;;
;;
mais;;
;;
c’;;
est;;
"
";;
égal;;
;;
dès;;
qu’;;
ils;;
furent;;
loin;;
je;;
sortis;;
de;;
ma;;
cachette;;
et;;
je;;
les;;
suivis;;
à;;
"
";;
distance;;
pour;;
voir;;
ce;;
que;;
tout;;
cela;;
deviendrait;;
.;;
"

";;
Ces;;
étrangers;;
restèrent;;
longtemps;;
dans;;
mon;;
île;;
.;;
Ils;;
la;;
visitèrent;;
"
";;
d’;;
un;;
bout;;
à;;
l’;;
autre;;
dans;;
tous;;
ses;;
détails;;
.;;
Je;;
les;;
vis;;
entrer;;
dans;;
mes;;
"
";;
grottes;;
et;;
sonder;;
avec;;
leurs;;
cannes;;
la;;
profondeur;;
de;;
mes;;
océans;;
:;;
De;;
"
";;
temps;;
en;;
temps;;
ils;;
s’;;
arrêtaient;;
et;;
remuaient;;
la;;
tête;;
.;;
Toute;;
ma;;
crainte;;
"
";;
était;;
qu';;
ils;;
ne;;
vinssent;;
à;;
découvrir;;
mes;;
résidences;;
.;;
Que;;
serais;;
-je;;
"
";;
devenu;;
;;
grand;;
Dieu;;
!;;
Heureusement;;
;;
il;;
n’;;
en;;
fut;;
rien;;
;;
et;;
au;;
bout;;
d’;;
une;;
"
";;
demi-heure;;
;;
les;;
hommes;;
se;;
retirèrent;;
sans;;
se;;
douter;;
seulement;;
que;;
"
";;
l’;;
île;;
était;;
habitée;;
.;;
Dès;;
qu’;;
ils;;
furent;;
partis;;
;;
je;;
courus;;
m’;;
enfermer;;
dans;;
"
";;
une;;
de;;
mes;;
cabanes;;
;;
et;;
passai;;
là;;
le;;
reste;;
du;;
jour;;
à;;
me;;
demander;;
quels;;
"
";;
étaient;;
ces;;
hommes;;
et;;
ce;;
qu';;
ils;;
étaient;;
venus;;
faire;;
.;;
"

 

 

 

";;
:;;
"
";;
$;;
"
";;
Î;;
"
";;
4;;
"
";;
0;;
"
";;
|;;
"

 

";;
LA;;
FABRIQUE;;
9;;
"

";;
dd;;
"

 

 

";;
TS;;
"

 

 

";;
J';;
allais;;
le;;
savoir;;
bientôt;;
.;;
"

";;
Le;;
soir;;
;;
à;;
souper;;
;;
M.;PER;
Eyssette;PER;
nous;;
annonça;;
solennellement;;
que;;
la;;
"
";;
fabrique;;
était;;
vendue;;
;;
et;;
que;;
;;
dans;;
un;;
mois;;
;;
nous;;
partirions;;
tous;;
pour;;
"
";;
Lyon;LOC;loc.adm.town
;;
où;;
nous;;
allions;;
demeurer;;
désormais;;
.;;
"

";;
Ce;;
fut;;
un;;
coup;;
terrible;;
.;;
II;;
me;;
sembla;;
que;;
le;;
ciel;;
croulait;;
.;;
La;;
"
";;
fabrique;;
vendue;;
!;;
Eh;;
bien;;
!;;
et;;
mon;;
île;;
;;
mes;;
grottes;;
;;
mes;;
cabanes;;
?;;
"

";;
Hélas;;
!;;
l’;;
île;;
;;
les;;
grottes;;
;;
les;;
cabanes;;
;;
M.;PER;
Eyssette;PER;
avait;;
tout;;
vendu;;
;;
"
";;
il;;
fallait;;
tout;;
quitter;;
.;;
Dieu;MISC;
;;
que;;
je;;
pleurais;;
!;;
…;;
"

";;
Pendant;;
un;;
mois;;
;;
tandis;;
qu’;;
à;;
la;;
maison;;
on;;
emballait;;
les;;
glaces;;
;;
la;;
"
";;
vaisselle;;
;;
je;;
me;;
promenais;;
triste;;
et;;
seul;;
dans;;
ma;;
chère;;
fabrique;;
.;;
Je;;
"
";;
n';;
avais;;
plus;;
le;;
cœur;;
à;;
jouer;;
;;
vous;;
pensez;;
...;;
oh;;
!;;
non;;
...;;
J’;;
allais;;
m’;;
asseoir;;
"
";;
dans;;
tous;;
les;;
coins;;
;;
et;;
regardant;;
les;;
objets;;
autour;;
de;;
moi;;
;;
je;;
leur;;
parlais;;
"
";;
comme;;
à;;
des;;
personnes;;
;;
je;;
disais;;
aux;;
platanes;;
:;;
«;;
Adieu;;
;;
mes;;
chers;;
"
";;
amis;;
!;;
»;;
et;;
aux;;
bassins;;
:;;
«;;
C’;;
est;;
fini;;
;;
nous;;
ne;;
nous;;
verrons;;
plus;;
!;;
»;;
Il;;
y;;
"
";;
avait;;
dans;;
le;;
fond;;
du;;
jardin;;
un;;
grand;;
grenadier;;
dont;;
les;;
belles;;
fleurs;;
"
";;
rouges;;
s’;;
épanouissaient;;
au;;
soleil;;
.;;
Je;;
lui;;
dis;;
en;;
sanglotant;;
:;;
«;;
Donne;;
-moi;;
"
";;
une;;
de;;
tes;;
fleurs;;
.;;
»;;
Il;;
me;;
la;;
donna;;
.;;
Je;;
la;;
mis;;
dans;;
ma;;
poitrine;;
;;
en;;
souvenir;;
"
";;
de;;
lui;;
.;;
J';;
étais;;
très;;
malheureux;;
.;;
"

";;
Pourtant;;
;;
au;;
milieu;;
de;;
cette;;
grande;;
douleur;;
;;
deux;;
choses;;
me;;
faisaient;;
"
";;
sourire;;
:;;
d’;;
abord;;
la;;
pensée;;
de;;
monter;;
sur;;
un;;
navire;;
;;
puis;;
la;;
permission;;
"
";;
qu’;;
on;;
m';;
avait;;
donnée;;
d’;;
emporter;;
mon;;
perroquet;;
avec;;
moi;;
.;;
Je;;
me;;
"
";;
disais;;
que;;
Robinson;;
avait;;
quitté;;
son;;
île;;
dans;;
des;;
conditions;;
à;;
peu;;
près;;
"
";;
semblables;;
;;
et;;
cela;;
me;;
donnait;;
du;;
courage;;
.;;
"

";;
Enfin;;
;;
le;;
jour;;
du;;
départ;;
arriva;;
.;;
M.;PER;
Eyssette;PER;
était;;
déjà;;
à;;
Lyon;LOC;loc.adm.town
depuis;;
"
";;
une;;
semaine;;
.;;
Il;;
avait;;
pris;;
les;;
devants;;
avec;;
les;;
gros;;
meubles;;
.;;
Je;;
partis;;
"
";;
donc;;
en;;
compagnie;;
de;;
Jacques;PER;
;;
de;;
ma;;
mère;;
et;;
de;;
la;PER;
vieille;PER;
Annou;PER;
.;;
"
";;
Mon;;
grand;;
frère;;
l';;
abbé;;
ne;;
partait;;
pas;;
;;
mais;;
il;;
nous;;
accompagna;;
"
";;
jusqu’;;
à;;
la;;
diligence;;
de;;
Beaucaire;;
;;
et;;
aussi;;
le;PER;
concierge;PER;
Colombe;PER;
nous;;
"
";;
accompagna;;
.;;
C’;;
est;;
lui;;
qui;;
marchait;;
devant;;
en;;
poussant;;
une;;
énorme;;
"
";;
brouette;;
chargée;;
de;;
malles;;
.;;
Derrière;;
venait;;
mon;;
frère;;
l’;;
abbé;;
;;
donnant;;
"
";;
le;;
bras;;
à;;
Mme;PER;
Evssette;PER;
.;;
"

";;
Mon;;
pauvre;;
abbé;;
;;
que;;
je;;
ne;;
devais;;
plus;;
revoir;;
!;;
"

";;
La;PER;
vieille;PER;
Annou;PER;
marchait;;
ensuite;;
;;
flanquée;;
d’;;
un;;
énorme;;
parapluie;;
"
";;
bleu;;
et;;
de;;
Jacques;PER;
;;
qui;;
était;;
bien;;
content;;
d’;;
aller;;
à;;
Lyon;LOC;loc.adm.town
;;
mais;;
qui;;
"
";;
sanglotait;;
tout;;
de;;
même;;
...;;
Enfin;;
;;
à;;
la;;
queue;;
de;;
la;;
colonne;;
venait;;
"
";;
Daniel;PER;
Eyssette;PER;
;;
portant;;
gravement;;
la;;
cage;;
du;;
perroquet;;
et;;
se;;
retour-;;
"
";;
nant;;
à;;
chaque;;
pas;;
du;;
côté;;
de;;
sa;;
chère;;
fabrique;;
.;;
"

";;
o;;
"

";;
10;;
LE;;
PETIT;;
CHOSE;;
"

";;
Ne;;
"

 

";;
PS;;
"

 

";;
LL;;
LS;;
TTL;;
Sd;;
TS;;
PS;;
"

 

";;
A;;
mesure;;
que;;
la;;
caravane;;
s’;;
éloignait;;
;;
l’;;
arbre;;
aux;;
grenades;;
se;;
"
";;
haussait;;
tant;;
qu’;;
il;;
pouvait;;
par;;
-0;;
dessus;;
les;;
murs;;
du;;
jardin;;
pour;;
la;;
voir;;
"
";;
encore;;
une;;
fois;;
.;;
Les;;
platanes;;
agitaient;;
leurs;;
branches;;
en;;
signe;;
"
";;
d';;
adieu;;
...;;
Daniel;PER;
Eyssette;PER;
;;
très;;
ému;;
;;
leur;;
envoyait;;
des;;
baisers;;
à;;
tous;;
;;
"
";;
furtivement;;
et;;
du;;
bout;;
des;;
doigts;;
.;;
"

";;
Je;;
quittai;;
mon;;
île;;
le;;
30;;
septembre;;
18;;
...;;
"

 

";;
bte;;
ms;;
—;;
"

";;
|;;
"
";;
|;;
"
";;
:;;
"

 

 

 

";;
I;;
"

";;
LES;;
BABAROTTES;;
(;;
1;;
);;
"

";;
O;;
choses;;
de;;
mon;;
enfance;;
;;
quelle;;
impression;;
vous;;
m';;
avez;;
laissée;;
!;;
"
";;
Il;;
me;;
semble;;
que;;
c’;;
est;;
hier;;
;;
ce;;
voyage;;
sur;;
le;LOC;loc.phys.hydro
Rhône;LOC;loc.phys.hydro
.;;
Je;;
vois;;
encore;;
le;;
"
";;
bateau;;
;;
ses;;
passagers;;
;;
son;;
équipage;;
;;
j';;
entends;;
le;;
bruit;;
des;;
roues;;
et;;
le;;
"
";;
sifflet;;
de;;
la;;
machine;;
.;;
Le;;
capitaine;;
s’;;
appelait;;
Géniès;PER;
;;
le;;
maître;;
coq;;
"
";;
Montélimart;PER;
.;;
On;;
n';;
oublie;;
pas;;
ces;;
choses;;
-là;;
.;;
"

";;
La;;
traversée;;
dura;;
trois;;
jours;;
.;;
Je;;
passai;;
ces;;
trois;;
jours;;
sur;;
le;;
pont;;
;;
"
";;
descendant;;
au;;
salon;;
juste;;
pour;;
manger;;
et;;
dormir;;
.;;
Le;;
reste;;
du;;
temps;;
;;
"
";;
j';;
allais;;
me;;
mettre;;
à;;
la;;
pointe;;
extrême;;
du;;
navire;;
;;
près;;
de;;
l’;;
ancre;;
.;;
Il;;
y;;
"
";;
avait;;
là;;
une;;
grosse;;
cloche;;
qu’;;
on;;
sonnait;;
en;;
entrant;;
dans;;
les;;
villes;;
:;;
"
";;
je;;
m';;
asseyais;;
à;;
côté;;
de;;
cette;;
cloche;;
;;
parmi;;
des;;
tas;;
de;;
cordes;;
;;
je;;
posais;;
"
";;
la;;
cage;;
du;;
perroquet;;
entre;;
mes;;
jambes;;
et;;
je;;
regardais;;
.;;
Le;LOC;loc.phys.hydro
Rhône;LOC;loc.phys.hydro
était;;
"
";;
si;;
large;;
qu’;;
on;;
voyait;;
à;;
peine;;
ses;;
rives;;
.;;
Moi;;
;;
je;;
l’;;
aurais;;
voulu;;
encore;;
"
";;
plus;;
large;;
;;
et;;
qu’;;
il;;
se;;
fût;;
appelé;;
:;;
la;;
mer;;
!;;
Le;;
ciel;;
riait;;
;;
l’;;
onde;;
était;;
"
";;
verte;;
.;;
De;;
grandes;;
barques;;
descendaient;;
au;;
fil;;
de;;
l’;;
eau;;
.;;
Des;;
mariniers;;
;;
"
";;
guéant;;
le;;
fleuve;;
à;;
dos;;
de;;
mules;;
;;
passaient;;
près;;
de;;
nous;;
en;;
chantant;;
.;;
"
";;
Parfois;;
;;
le;;
bateau;;
longeait;;
quelque;;
île;;
bien;;
touffue;;
;;
couverte;;
de;;
joncs;;
"

";;
(;;
1;;
);;
Nom;;
donné;;
dans;;
le;;
Midi;LOC;loc.adm.reg
à;;
ces;;
gros;;
insectes;;
noirs;;
que;;
l’;;
Académie;ORG;
appelle;;
des;;
"
";;
«;;
blattes;;
»;;
et;;
les;;
gens;;
du;;
Nord;LOC;loc.adm.reg
des;;
«;;
cafards;;
»;;
;;
"

";;
12;;
LE;;
PETIT;;
CHOSE;;
"

";;
ot;;
"

";;
et;;
de;;
saules;;
.;;
«;;
Oh;;
!;;
une;;
île;;
désertel;;
»;;
me;;
disais;;
-je;;
dans;;
moi;;
-0;;
même;;
;;
et;;
"
";;
je;;
la;;
dévorais;;
des;;
yeux;;
...;;
"

";;
Vers;;
la;;
fin;;
du;;
troisième;;
jour;;
;;
je;;
crus;;
que;;
nous;;
allions;;
avoir;;
un;;
"
";;
grain;;
.;;
Le;;
ciel;;
s’;;
était;;
assombri;;
subitement;;
;;
un;;
brouillard;;
épais;;
dansait;;
"
";;
sur;;
le;;
fleuve;;
;;
à;;
l';;
avant;;
du;;
navire;;
on;;
avait;;
allumé;;
une;;
grosse;;
lanterne;;
;;
"
";;
et;;
;;
ma;;
foi;;
;;
en;;
présence;;
de;;
tous;;
ces;;
symptômes;;
;;
je;;
commençais;;
à;;
être;;
"
";;
ému;;
...;;
À;;
ce;;
moment;;
;;
quelqu';;
un;;
dit;;
près;;
de;;
moi;;
:;;
«;;
Voilà;;
Lyon;LOC;loc.adm.town
!;;
»;;
En;;
"
";;
même;;
temps;;
la;;
grosse;;
cloche;;
se;;
mit;;
à;;
sonner;;
.;;
C';;
était;;
Lyon;LOC;loc.adm.town
.;;
"

";;
Confusément;;
;;
dans;;
le;;
brouillard;;
;;
je;;
vis;;
des;;
lumières;;
briller;;
sur;;
l’;;
une;;
"
";;
et;;
sur;;
l’;;
autre;;
rive;;
;;
nous;;
passâmes;;
sous;;
un;;
pont;;
;;
puis;;
sous;;
un;;
autre;;
.;;
"
";;
À;;
chaque;;
fois;;
l’;;
énorme;;
tuyau;;
de;;
la;;
machine;;
se;;
courbait;;
en;;
deux;;
et;;
"
";;
crachait;;
des;;
torrents;;
d’;;
une;;
fumée;;
noire;;
qui;;
faisait;;
tousser;;
.;;
Sur;;
le;;
"
";;
bateau;;
;;
c';;
était;;
un;;
remue;;
-0;;
ménage;;
effroyable;;
.;;
Les;;
passagers;;
cherchaient;;
"
";;
leurs;;
malles;;
;;
les;;
matelots;;
juraient;;
en;;
roulant;;
des;;
tonneaux;;
dans;;
"
";;
l’;;
ombre;;
.;;
Il;;
pleuvait;;
…;;
"

";;
Je;;
me;;
hâtai;;
de;;
rejoindre;;
ma;;
mère;;
;;
Jacques;PER;
et;;
la;PER;
vieille;PER;
Annou;PER;
qui;;
"
";;
étaient;;
à;;
l’;;
autre;;
bout;;
du;;
bateau;;
;;
et;;
nous;;
voilà;;
tous;;
les;;
quatre;;
;;
serrés;;
"
";;
les;;
uns;;
contre;;
les;;
autres;;
;;
sous;;
le;;
grand;;
parapluie;;
d’;;
Annou;PER;
;;
tandis;;
que;;
"
";;
le;;
bateau;;
se;;
rangeait;;
au;;
long;;
des;;
quais;;
et;;
que;;
le;;
débarquement;;
com-;;
"
";;
mençait;;
.;;
"

";;
En;;
vérité;;
;;
si;;
M.;PER;
Eyssette;PER;
n’;;
était;;
pas;;
venu;;
nous;;
tirer;;
de;;
là;;
;;
je;;
crois;;
"
";;
que;;
nous;;
n’;;
en;;
serions;;
jamais;;
sortis;;
.;;
Il;;
arriva;;
vers;;
nous;;
;;
à;;
tâtons;;
;;
en;;
"
";;
criant;;
:;;
«;;
Qui;;
vive;;
!;;
qui;;
vive;;
!;;
»;;
À;;
ce;;
«;;
qui;;
vive;;
!;;
»;;
bien;;
connu;;
;;
nous;;
répon-;;
"
";;
dîmes;;
:;;
«;;
amis;;
!;;
»;;
tous;;
les;;
quatre;;
à;;
la;;
fois;;
avec;;
un;;
bonheur;;
;;
un;;
soulage-;;
"
";;
ment;;
inexprimable;;
..;;
M.;PER;
Eyssette;PER;
nous;;
embrassa;;
lestement;;
;;
prit;;
mon;;
"
";;
frère;;
d’;;
une;;
main;;
;;
moi;;
de;;
l’;;
autre;;
;;
dit;;
aux;;
femmes;;
:;;
«;;
Suivez;;
-moi;;
!;;
»;;
et;;
"
";;
en;;
route;;
.;;
Ah;;
!;;
c';;
était;;
un;;
homme;;
.;;
"

";;
Nous;;
avancions;;
avec;;
peine;;
;;
il;;
faisait;;
nuit;;
;;
le;;
pont;;
glissait;;
.;;
À;;
chaque;;
"
";;
pas;;
;;
on;;
se;;
heurtait;;
contre;;
des;;
caisses;;
.;;
Tout;;
à;;
coup;;
;;
du;;
bout;;
du;;
navire;;
;;
"
";;
une;;
voix;;
stridente;;
;;
éplorée;;
;;
arrive;;
jusqu’;;
à;;
nous;;
:;;
«;;
Robinson;;
!;;
Robinson;;
!;;
"
";;
disait;;
la;;
voix;;
.;;
"

";;
—;;
Ah;;
!;;
mon;;
Dieu;;
!;;
m';;
écriai;;
-je;;
;;
et;;
j';;
essayai;;
de;;
dégager;;
ma;;
main;;
de;;
"
";;
celle;;
de;;
mon;;
père;;
;;
lui;;
croyant;;
que;;
j';;
avais;;
glissé;;
;;
me;;
serra;;
plus;;
fort;;
.;;
"

";;
La;;
voix;;
reprit;;
;;
plus;;
stridente;;
encore;;
;;
et;;
plus;;
éplorée;;
:;;
«;;
Robinson;;
!;;
"
";;
mon;;
pauvre;;
Robinson;PER;
!;;
»;;
Je;;
fis;;
un;;
nouvel;;
effort;;
pour;;
dégager;;
ma;;
main;;
.;;
"
";;
«;;
Mon;;
perroquet;;
;;
criai;;
-je;;
;;
mon;;
perroquet;;
!;;
»;;
"

";;
—;;
Il;;
parle;;
donc;;
maintenant;;
?;;
dit;;
Jacques;PER;
.;;
"

";;
S’;;
il;;
parlait;;
;;
je;;
crois;;
bien;;
;;
on;;
l’;;
entendait;;
d’;;
une;;
lieue;;
.;;
Dans;;
mon;;
"

 

 

";;
nant;;
his;;
"

";;
ira;;
green;;
rs;;
"

 

";;
LES;;
BABAROTTES;;
;;
13;;
"

";;
PSS;;
SDS;;
SLT;;
SSL;;
LL;;
TTL;;
St;;
dt;;
"

";;
trouble;;
;;
je;;
l’;;
avais;;
oublié;;
;;
là;;
-0;;
bas;;
;;
tout;;
au;;
bout;;
du;;
navire;;
;;
près;;
de;;
l’;;
ancre;;
;;
"
";;
et;;
c’;;
est;;
de;;
là;;
qu’;;
il;;
m’;;
appelait;;
;;
en;;
criant;;
de;;
toutes;;
ses;;
forces;;
:;;
«;;
Robinson;;
!;;
"
";;
Robinson;;
!;;
mon;;
pauvre;;
Robinson;PER;
!;;
»;;
"

";;
Malheureusement;;
nous;;
étions;;
loin;;
;;
le;;
capitaine;;
criait;;
:;;
«;;
Dépé-;;
"
";;
chons;;
-nous;;
.;;
»;;
"

";;
—;;
Nous;;
viendrons;;
le;;
chercher;;
demain;;
;;
dit;;
M.;PER;
Eyssette;PER;
;;
sur;;
les;;
"
";;
bateaux;;
;;
rien;;
ne;;
s’;;
égare;;
.;;
Et;;
là;;
-0;;
dessus;;
;;
malgré;;
mes;;
larmes;;
;;
il;;
m’;;
entraîna;;
.;;
"
";;
Pécaiïre;;
!;;
le;;
lendemain;;
on;;
l’;;
envoya;;
chercher;;
et;;
on;;
ne;;
le;;
trouva;;
pas;;
.;;
"
";;
Jugez;;
de;;
mon;;
désespoir;;
:;;
plus;;
de;;
Vendredi;PER;
!;;
plus;;
de;;
perroquet;;
!;;
"
";;
Robinson;;
n’;;
était;;
plus;;
possible;;
.;;
Le;;
moyen;;
;;
d’;;
ailleurs;;
;;
avec;;
la;;
meilleure;;
"
";;
volonté;;
du;;
monde;;
;;
de;;
se;;
forger;;
une;;
île;;
déserte;;
;;
à;;
un;;
quatrième;;
étage;;
"
";;
dans;;
une;;
maison;;
sale;;
et;;
humide;;
;;
rue;;
Lanterne;;
?;;
"

";;
Oh;;
!;;
l’;;
horrible;;
maison;;
!;;
Je;;
la;;
verrai;;
toute;;
ma;;
vie;;
:;;
l';;
escalier;;
était;;
"
";;
gluant;;
;;
la;;
cour;;
ressemblait;;
à;;
un;;
puits;;
;;
le;;
concierge;;
;;
un;;
cordonnier;;
;;
"
";;
avait;;
son;;
échope;;
contre;;
la;;
pompe;;
...;;
C';;
était;;
hideux;;
.;;
"

";;
Le;;
soir;;
de;;
notre;;
arrivée;;
;;
la;PER;
vieille;PER;
Annou;PER;
;;
en;;
s’;;
installant;;
dans;;
sa;;
"
";;
cuisine;;
;;
poussa;;
un;;
cri;;
de;;
détresse;;
:;;
"

";;
Les;;
babarottes;;
!;;
les;;
babarottes;;
!;;
"

";;
Nous;;
accourûmes;;
.;;
Quel;;
spectacle;;
!;;
La;;
cuisine;;
était;;
pleine;;
de;;
"
";;
ces;;
vilaines;;
bêtes;;
;;
il;;
y;;
en;;
avait;;
sur;;
la;;
crédence;;
;;
au;;
long;;
des;;
murs;;
;;
dans;;
"
";;
les;;
tiroirs;;
;;
sur;;
la;;
cheminée;;
;;
dans;;
le;;
buffet;;
;;
partout;;
.;;
Sans;;
le;;
vouloir;;
;;
"
";;
on;;
en;;
écrasait;;
.;;
Pouah;;
!;;
Annou;PER;
en;;
avait;;
déjà;;
tué;;
beaucoup;;
;;
mais;;
plus;;
"
";;
elle;;
en;;
tuait;;
;;
plus;;
il;;
en;;
venait;;
.;;
Elles;;
arrivaient;;
par;;
le;;
trou;;
de;;
l’;;
évier;;
;;
"
";;
on;;
boucha;;
le;;
trou;;
de;;
l’;;
évier;;
;;
mais;;
le;;
lendemain;;
soir;;
elles;;
revinrent;;
"
";;
par;;
un;;
autre;;
endroit;;
;;
on;;
ne;;
sait;;
d’;;
où;;
.;;
Il;;
fallut;;
avoir;;
un;;
chat;;
exprès;;
"
";;
pour;;
les;;
tuer;;
;;
et;;
toutes;;
les;;
nuits;;
c';;
était;;
dans;;
la;;
cuisine;;
une;;
effroyable;;
"
";;
boucherie;;
.;;
"

";;
Les;;
babarottes;;
me;;
firent;;
haïr;;
Lyon;LOC;loc.adm.town
dès;;
le;;
premier;;
soir;;
.;;
Le;;
lende-;;
"
";;
main;;
;;
ce;;
fut;;
bien;;
pis;;
.;;
Il;;
fallait;;
prendre;;
des;;
habitudes;;
nouvelles;;
;;
les;;
"
";;
heures;;
des;;
repas;;
étaient;;
changées;;
.;;
Les;;
pains;;
n’;;
avaient;;
pas;;
la;;
même;;
"
";;
forme;;
que;;
chez;;
nous;;
.;;
On;;
les;;
appelait;;
des;;
«;;
couronnes;;
»;;
.;;
En;;
voilà;;
un;;
"
";;
nom;;
!;;
"

";;
Chez;;
les;;
bouchers;;
;;
quand;;
la;PER;
vieille;PER;
Annou;PER;
demandait;;
une;;
carbonade;;
;;
"
";;
l’;;
étalier;;
lui;;
riait;;
au;;
nez;;
;;
il;;
ne;;
savait;;
pas;;
ce;;
que;;
c';;
était;;
une;;
«;;
carbonade;;
»;;
"
";;
ce;;
sauvage;;
!;;
Ah;;
!;;
je;;
me;;
suis;;
bien;;
ennuyé;;
.;;
"

";;
Le;;
dimanche;;
;;
pour;;
nous;;
égayer;;
un;;
peu;;
;;
nous;;
allions;;
nous;;
promener;;
"
";;
en;;
famille;;
sur;;
les;;
quais;;
du;;
Rhône;LOC;loc.phys.hydro
;;
avec;;
des;;
parapluies;;
.;;
Instinctivement;;
"
";;
nous;;
nous;;
dirigions;;
toujours;;
vers;;
le;LOC;loc.adm.reg
Midi;LOC;loc.adm.reg
;;
du;;
côté;;
de;;
Perrache;LOC;loc.adm.town
.;;
«;;
Il;;
"

";;
14;;
;;
LE;;
PETIT;;
CHOSE;;
"

";;
DR;;
DORE;;
RDORLRDR;;
D;;
RR;;
R;;
RR;;
 ;;
q;;
DT;;
"

";;
me;;
semble;;
que;;
cela;;
nous;;
rapproche;;
du;;
pays;;
»;;
;;
disait;;
ma;;
mère;;
;;
qui;;
"
";;
languissait;;
encore;;
plus;;
que;;
moi;;
.;;
Ces;;
promenades;;
de;;
famille;;
étaient;;
"
";;
lugubres;;
.;;
M.;PER;
Eyssette;PER;
grondait;;
;;
Jacques;PER;
pleurait;;
tout;;
le;;
temps;;
;;
moi;;
"
";;
je;;
me;;
tenais;;
toujours;;
derrière;;
;;
je;;
ne;;
sais;;
pas;;
pourquoi;;
;;
j';;
avais;;
honte;;
"
";;
d’;;
être;;
dans;;
la;;
rue;;
;;
sans;;
doute;;
parce;;
que;;
nous;;
étions;;
pauvres;;
.;;
"

";;
Au;;
bout;;
d’;;
un;;
mois;;
.;;
la;PER;
vieille;PER;
Annou;PER;
tomba;;
malade;;
.;;
Les;;
brouillards;;
"
";;
la;;
tuaient;;
;;
on;;
dut;;
la;;
renvoyer;;
dans;;
le;LOC;loc.adm.reg
Midi;LOC;loc.adm.reg
.;;
Cette;;
pauvre;;
fille;;
;;
qui;;
"
";;
aimait;;
ma;;
mère;;
à;;
la;;
passion;;
;;
ne;;
pouvait;;
pas;;
se;;
décider;;
à;;
nous;;
quitter;;
.;;
"
";;
Elle;;
suppliait;;
qu’;;
on;;
la;;
gardât;;
;;
promettant;;
de;;
ne;;
pas;;
mourir;;
.;;
Il;;
fallut;;
"
";;
l’;;
embarquer;;
de;;
force;;
.;;
Arrivée;;
dans;;
le;LOC;loc.adm.reg
Midi;LOC;loc.adm.reg
;;
elle;;
s’;;
y;;
maria;;
de;;
désespoir;;
.;;
"

";;
Annou;PER;
partie;;
;;
on;;
ne;;
prit;;
pas;;
de;;
nouvelle;;
bonne;;
;;
ce;;
qui;;
me;;
parut;;
"
";;
le;;
comble;;
de;;
la;;
misère;;
...;;
La;;
femme;;
du;;
concierge;;
montait;;
faire;;
le;;
gros;;
"
";;
ouvrage;;
;;
ma;;
mère;;
;;
au;;
feu;;
des;;
fourneaux;;
;;
calcinaïit;;
ses;;
belles;;
mains;;
"
";;
blanches;;
que;;
j';;
aimais;;
tant;;
à;;
embrasser;;
;;
quant;;
aux;;
provisions;;
;;
c’;;
est;;
"
";;
Jacques;PER;
qui;;
les;;
faisait;;
.;;
On;;
lui;;
mettait;;
un;;
grand;;
panier;;
sous;;
le;;
bras;;
;;
en;;
"
";;
lui;;
disant;;
:;;
«;;
Tu;;
achèteras;;
ça;;
et;;
ça;;
»;;
;;
et;;
il;;
achetait;;
ça;;
et;;
ça;;
très;;
bien;;
;;
"
";;
toujours;;
en;;
pleurant;;
;;
par;;
exemple;;
.;;
"

";;
Pauvre;;
Jacques;PER;
!;;
il;;
n’;;
était;;
pas;;
heureux;;
;;
lui;;
non;;
plus;;
.;;
M.;PER;
Eyssette;PER;
;;
"
";;
de;;
le;;
voir;;
éternellement;;
la;;
larme;;
à;;
l';;
œil;;
;;
avait;;
fini;;
par;;
le;;
prendre;;
en;;
"
";;
grippe;;
et;;
l’;;
abreuvait;;
de;;
taloches;;
..;;
On;;
entendait;;
tout;;
le;;
jour;;
:;;
«;;
Jacques;PER;
"
";;
tu;;
es;;
un;;
butor;;
!;;
Jacques;PER;
tu;;
es;;
un;;
âne;;
!;;
»;;
Le;;
fait;;
est;;
que;;
;;
lorsque;;
son;;
"
";;
père;;
était;;
là;;
;;
le;;
malheureux;;
Jacques;PER;
perdait;;
tous;;
ses;;
moyens;;
.;;
Les;;
efforts;;
"
";;
qu’;;
il;;
faisait;;
pour;;
retenir;;
ses;;
larmes;;
le;;
rendaient;;
laid;;
.;;
M.;PER;
Eyssette;PER;
lui;;
"
";;
portait;;
malheur;;
.;;
Écoutez;;
la;;
scène;;
de;;
la;;
cruche;;
:;;
"

";;
Un;;
soir;;
;;
au;;
moment;;
de;;
se;;
mettre;;
à;;
table;;
;;
on;;
s';;
aperçoit;;
qu’;;
il;;
n’;;
y;;
a;;
"
";;
plus;;
une;;
goutte;;
d’;;
eau;;
dans;;
la;;
maison;;
.;;
"

";;
—;;
Si;;
vous;;
voulez;;
;;
j';;
irai;;
en;;
chercher;;
;;
dit;;
ce;;
bon;;
enfant;;
de;;
Jacques;PER;
.;;
"

";;
Et;;
le;;
voilà;;
qui;;
prend;;
la;;
cruche;;
;;
une;;
grosse;;
cruche;;
de;;
grès;;
.;;
"

";;
M.;PER;
Eyssette;PER;
hausse;;
les;;
épaules;;
:;;
"

";;
—;;
Si;;
c’;;
est;;
Jacques;PER;
qui;;
y;;
va;;
;;
dit;;
-il;;
;;
la;;
cruche;;
est;;
cassée;;
;;
c’;;
est;;
sûr;;
.;;
"

";;
—;;
Tu;;
entends;;
;;
Jacques;PER;
;;
—;;
c’;;
est;;
Mme;PER;
Eyssette;PER;
qui;;
parle;;
avec;;
"
";;
sa;;
voix;;
tranquille;;
;;
—;;
tu;;
entends;;
;;
ne;;
la;;
casse;;
pas;;
;;
fais;;
bien;;
attention;;
.;;
"

";;
M.;PER;
Eyssette;PER;
reprend;;
:;;
"

";;
—;;
Oh;;
!;;
tu;;
as;;
beau;;
lui;;
dire;;
de;;
ne;;
pas;;
la;;
casser;;
;;
il;;
la;;
cassera;;
tout;;
de;;
"
";;
même;;
.;;
"

";;
Ici;;
;;
la;;
voix;;
éplorée;;
de;;
Jacques;PER;
:;;
"

";;
—;;
Mais;;
enfin;;
;;
pourquoi;;
voulez;;
-vous;;
que;;
je;;
la;;
casse;;
?;;
"

 

 

";;
mn;;
Ar;;
"

";;
TS;;
ET;;
TU;;
ER;;
DEEE;;
"

 

";;
LES;;
BABAROTTES;;
15;;
"

";;
Pers;;
seen;;
.;;
"

 

";;
PL;;
LL;;
TT;;
Sd;;
"

";;
—;;
Je;;
ne;;
veux;;
pas;;
que;;
tu;;
la;;
casses;;
;;
je;;
te;;
dis;;
que;;
tu;;
la;;
casseras;;
;;
"
";;
répond;;
M.;PER;
Eyssette;PER;
;;
et;;
d’;;
un;;
ton;;
qui;;
n’;;
admet;;
pas;;
de;;
réplique;;
.;;
"

";;
Jacques;PER;
ne;;
réplique;;
pas;;
;;
il;;
prend;;
la;;
cruche;;
d’;;
une;;
main;;
fiévreuse;;
"
";;
et;;
sort;;
brusquement;;
avec;;
l’;;
air;;
de;;
dire;;
:;;
"

";;
—;;
Ah;;
!;;
je;;
la;;
casserai;;
?;;
Eh;;
bien;;
;;
nous;;
allons;;
voir;;
.;;
"

";;
Cinq;;
minutes;;
;;
dix;;
minutes;;
se;;
passent;;
;;
Jacques;PER;
ne;;
revient;;
pas;;
.;;
"
";;
Mne;PER;
Eyssette;PER;
commence;;
à;;
se;;
tourmenter;;
.;;
"

";;
—;;
Pourvu;;
qu’;;
il;;
ne;;
lui;;
soit;;
rien;;
arrivé;;
!;;
"

";;
—;;
Parbleu;;
!;;
que;;
veux;;
-0;;
tu;;
qu’;;
il;;
lui;;
soit;;
arrivé;;
?;;
dit;;
M.;PER;
Eyssette;PER;
d’;;
un;;
"
";;
ton;;
bourru;;
.;;
Il;;
a;;
cassé;;
la;;
cruche;;
et;;
n’;;
ose;;
plus;;
rentrer;;
.;;
"

";;
Mais;;
tout;;
en;;
disant;;
cela;;
;;
—;;
avec;;
son;;
air;;
bourru;;
;;
c';;
était;;
le;;
meilleur;;
"
";;
homme;;
du;;
monde;;
;;
—;;
il;;
se;;
lève;;
et;;
va;;
ouvrir;;
la;;
porte;;
pour;;
voir;;
un;;
peu;;
"
";;
ce;;
que;;
Jacques;PER;
était;;
devenu;;
.;;
Il;;
n’;;
a;;
pas;;
loin;;
à;;
aller;;
;;
Jacques;PER;
est;;
debout;;
"
";;
sur;;
le;;
palier;;
;;
devant;;
la;;
porte;;
;;
les;;
mains;;
vides;;
;;
silencieux;;
;;
pétrifié;;
.;;
En;;
"
";;
voyant;;
M.;PER;
Eyssette;PER;
;;
il;;
pâlit;;
;;
et;;
d’;;
une;;
voix;;
navrante;;
et;;
faible;;
;;
oh;;
!;;
si;;
"
";;
faible;;
:;;
«;;
Je;;
l’;;
ai;;
cassée;;
»;;
;;
dit;;
-il;;
...;;
Il;;
l’;;
avait;;
cassée;;
!;;
"

";;
Dans;;
les;;
archives;;
de;;
la;;
maison;;
Eyssette;;
;;
nous;;
appelons;;
cela;;
«;;
la;;
"
";;
scène;;
de;;
la;;
cruche;;
»;;
.;;
"

";;
Il;;
y;;
avait;;
environ;;
deux;;
mois;;
que;;
nous;;
étions;;
à;;
Lyon;LOC;loc.adm.town
;;
lorsque;;
"
";;
nos;;
parents;;
songèrent;;
à;;
nos;;
études;;
.;;
Mon;;
père;;
aurait;;
bien;;
voulu;;
nous;;
"
";;
mettre;;
au;;
collège;;
;;
mais;;
c';;
était;;
trop;;
cher;;
.;;
«;;
Si;;
nous;;
les;;
envoyions;;
"
";;
dans;;
une;;
manécanterie;;
?;;
dit;;
Mme;PER;
Eyssette;PER;
;;
il;;
paraît;;
que;;
les;;
enfants;;
y;;
"
";;
sont;;
bien;;
.;;
»;;
Cette;;
idée;;
sourit;;
à;;
mon;;
père;;
;;
et;;
comme;;
Saint-Nizier;LOC;loc.fac
était;;
"
";;
l’;;
église;;
la;;
plus;;
proche;;
;;
on;;
nous;;
envoya;;
à;;
la;;
manécanterie;;
de;;
Saint-;;
"
";;
Nizier;;
.;;
"

";;
C';;
était;;
très;;
amusant;;
;;
la;;
manécanterie;;
!;;
Au;;
lieu;;
de;;
nous;;
bourrer;;
la;;
"
";;
tête;;
de;;
grec;;
et;;
de;;
latin;;
comme;;
dans;;
les;;
autres;;
institutions;;
;;
on;;
nous;;
"
";;
apprenait;;
à;;
servir;;
la;;
messe;;
du;;
grand;;
et;;
du;;
petit;;
côté;;
;;
à;;
chanter;;
les;;
"
";;
antiennes;;
;;
à;;
faire;;
des;;
génuflexions;;
;;
à;;
encenser;;
élégamment;;
;;
ce;;
qui;;
est;;
"
";;
très;;
difficile;;
.;;
Il;;
y;;
avait;;
bien;;
par;;
-0;;
ci;;
;;
par;;
-là;;
;;
quelques;;
heures;;
dans;;
le;;
"
";;
jour;;
consacrées;;
aux;;
déclinaisons;;
et;;
à;;
l’;;
Epitome;MISC;
;;
mais;;
ceci;;
n’;;
était;;
"
";;
qu’;;
accessoire;;
.;;
Avant;;
tout;;
;;
nous;;
étions;;
là;;
pour;;
le;;
service;;
de;;
l’;;
église;;
.;;
"
";;
Au;;
moins;;
une;;
fois;;
par;;
semaine;;
;;
l’;PER;
abbé;PER;
Micou;PER;
nous;;
disait;;
entre;;
deux;;
"
";;
prises;;
et;;
d’;;
un;;
air;;
solennel;;
:;;
«;;
Demain;;
;;
messieurs;;
;;
pas;;
de;;
classe;;
du;;
matin;;
!;;
"
";;
Nous;;
sommes;;
d’;;
enterrement;;
.;;
"

";;
Nous;;
étions;;
d’;;
enterrement;;
.;;
Quel;;
bonheur;;
!;;
Puis;;
c’;;
étaient;;
des;;
"
";;
baptêmes;;
;;
des;;
mariages;;
;;
une;;
visite;;
de;;
Monseigneur;PER;
;;
le;;
viatique;;
qu’;;
on;;
"
";;
portait;;
à;;
un;;
malade;;
.;;
Oh;;
!;;
le;;
viatique;;
!;;
comme;;
on;;
était;;
fier;;
quand;;
