Token;Label_Maj;Quaero_Maj
LA;;
FABRIOUE;;
"

";;
EE;;
"
";;
Je;;
suis;;
ne;;
le;;
rg;;
mai;;
8;;
...;;
;;
dans;;
une;;
ville;;
du;;
Languedoc;LOC;loc.adm.reg
;;
oi;;
l';;
on;;
"
";;
trouve;;
;;
comme;;
dans;;
toutes;;
les;;
villes;;
du;;
Midi;LOC;loc.adm.reg
;;
beaucoup;;
de;;
soleil;;
;;
pas;;
"
";;
mal;;
de;;
poussiere;;
;;
un;;
couvent;LOC;loc.fac
de;LOC;loc.fac
Carmelites;LOC;loc.fac
et;;
deux;;
ou;;
trois;;
monuments;;
"
";;
romains;;
.;;
"
";;
Mon;;
pere;;
;;
M.;PER;
Eyssette;PER;
;;
qui;;
faisait;;
a;;
cette;;
epoque;;
le;;
commerce;;
des;;
"
";;
foulards;;
;;
avait;;
;;
aux;;
portes;;
de;;
la;;
ville;;
;;
une;;
grande;;
fabrique;;
dans;;
un;;
pan;;
"
";;
de;;
laquelle;;
il;;
s';;
etait;;
taille;;
une;;
habitation;;
commode;;
;;
tout;;
ombragee;;
de;;
"
";;
platanes;;
et;;
separee;;
des;;
ateliers;;
par;;
un;;
vaste;;
jardin;;
.;;
C';;
est;;
la;;
que;;
je;;
suis;;
"
";;
venu;;
au;;
monde;;
et;;
que;;
j';;
ai;;
passe;;
les;;
premieres;;
;;
les;;
seules;;
bonnes;;
annees;;
"
";;
de;;
ma;;
vie;;
.;;
Aussi;;
ma;;
memoire;;
reconnaissante;;
a;;
-t;;
-elle;;
garde;;
du;;
jardin;;
"
";;
de;;
la;;
fabrique;;
et;;
des;;
platanes;;
un;;
imperissable;;
souvenir;;
;;
et;;
lorsqu';;
a;;
"
";;
la;;
ruine;;
de;;
mes;;
parents;;
il;;
m';;
a;;
fallu;;
me;;
separer;;
de;;
ces;;
choses;;
;;
je;;
les;;
ai;;
"
";;
positivement;;
regrettees;;
comme;;
des;;
etres;;
.;;
"
";;
Source;;
gallica.bnf.fr;;
 ;;
Bibliotheque;MISC;
nationale;MISC;
de;;
FranceLE;;
PETIT;;
CHOSE;;
"
";;
Je;;
dois;;
dire;;
;;
pour;;
commencer;;
;;
que;;
ma;;
naissance;;
ne;;
porta;;
pas;;
"
";;
bonheur;;
a;;
la;;
maison;LOC;loc.adm.town
Eyssette;LOC;loc.adm.town
.;;
La;PER;
vieille;PER;
Annou;PER;
;;
notre;;
cuisiniere;;
;;
m';;
a;;
"
";;
souvent;;
conte;;
depuis;;
comme;;
quoi;;
mon;;
pere;;
;;
en;;
voyage;;
a;;
ce;;
moment;;
;;
"
";;
recut;;
en;;
meme;;
temps;;
la;;
nouvelle;;
de;;
mon;;
apparition;;
dans;;
le;;
monde;;
et;;
"
";;
celle;;
de;;
la;;
disparition;;
d';;
un;;
de;;
ses;;
clients;;
de;;
Marseille;LOC;loc.adm.town
;;
qui;;
lui;;
emportait;;
"
";;
plus;;
de;;
quarante;;
mille;;
francs;;
";";;
si;;
bien;;
que;;
M.;PER;
Eyssette;PER;
;;
heureux;;
et;;
"
";;
desole;;
du;;
meme;;
coup;;
;;
se;;
demandait;;
;;
comme;;
l';;
autre;;
;;
s';;
il;;
devait;;
pleurer;;
"
";;
pour;;
la;;
disparition;;
du;;
client;;
de;;
Marseille;LOC;loc.adm.town
;;
ou;;
rire;;
pour;;
l';;
heureuse;;
"
";;
arrivee;;
du;;
petit;;
Daniel;PER;
...;;
Il;;
fallait;;
pleurer;;
;;
mon;;
bon;;
monsieur;PER;
Eyssette;PER;
;;
"
";;
il;;
fallait;;
pleurer;;
doublement;;
.;;
"
";;
C';;
est;;
une;;
verite;;
;;
je;;
fus;;
la;;
mauvaise;;
etoile;;
de;;
mes;;
parents;;
.;;
Du;;
jour;;
"
";;
de;;
ma;;
naissance;;
;;
d';;
incroyables;;
malheurs;;
les;;
assaillirent;;
par;;
vingt;;
"
";;
endroits;;
.;;
D';;
abord;;
nous;;
emes;;
donc;;
le;;
client;;
de;;
Marseille;LOC;loc.adm.town
;;
puis;;
deux;;
"
";;
fois;;
le;;
feu;;
dans;;
la;;
meme;;
annee;;
;;
puis;;
la;;
greve;;
des;;
ourdisseuses;;
;;
puis;;
"
";;
notre;;
brouille;;
avec;;
l';PER;
oncle;PER;
Baptiste;PER;
;;
puis;;
un;;
proces;;
tres;;
coteux;;
avec;;
"
";;
nos;;
marchands;;
de;;
couleurs;;
;;
puis;;
;;
enfin;;
;;
la;MISC;
Revolution;MISC;
de;MISC;
r8;MISC;
...;;
;;
qui;;
"
";;
nous;;
donna;;
le;;
coup;;
de;;
grace;;
.;;
"
";;
A;;
partir;;
de;;
ce;;
moment;;
;;
la;;
fabrique;;
ne;;
battit;;
plus;;
que;;
d';;
une;;
aile;;
";";;
"
";;
petit;;
a;;
petit;;
;;
les;;
ateliers;;
se;;
viderent;;
:;;
chaque;;
semaine;;
un;;
metier;;
a;;
bas;;
;;
"
";;
chaque;;
mois;;
une;;
table;;
d';;
impression;;
de;;
moins;;
.;;
C';;
etait;;
pitie;;
de;;
voir;;
"
";;
la;;
vie;;
s';;
en;;
aller;;
de;;
notre;;
maison;;
comme;;
d';;
un;;
corps;;
malade;;
;;
lentement;;
;;
"
";;
tous;;
les;;
jours;;
un;;
peu;;
.;;
Une;;
fois;;
;;
on;;
n';;
entra;;
plus;;
dans;;
les;;
salles;;
du;;
"
";;
second;;
.;;
Une;;
autre;;
fois;;
;;
la;;
cour;;
du;;
fond;;
fut;;
condamnee;;
.;;
Cela;;
dura;;
"
";;
ainsi;;
pendant;;
deux;;
ans;;
";";;
pendant;;
deux;;
ans;;
;;
la;;
fabrique;;
agonisa;;
.;;
Enfin;;
;;
"
";;
un;;
jour;;
;;
les;;
ouvriers;;
ne;;
vinrent;;
plus;;
;;
la;;
cloche;;
des;;
ateliers;;
ne;;
sonna;;
"
";;
pas;;
;;
le;;
puits;;
a;;
roue;;
cessa;;
de;;
grincer;;
;;
l';;
eau;;
des;;
grands;;
bassins;;
;;
dans;;
"
";;
lesquels;;
on;;
lavait;;
les;;
tissus;;
;;
demeura;;
immobile;;
;;
et;;
bientot;;
;;
dans;;
toute;;
"
";;
la;;
fabrique;;
;;
il;;
ne;;
resta;;
plus;;
que;;
M.;PER;
et;;
Me;PER;
Eyssette;PER;
;;
la;PER;
vieille;PER;
Annou;PER;
;;
"
";;
mon;;
frere;;
Jacques;PER;
et;;
moi;;
";";;
puis;;
;;
la;;
-0;;
bas;;
;;
dans;;
le;;
fond;;
;;
pour;;
garder;;
les;;
"
";;
ateliers;;
;;
le;PER;
concierge;PER;
Colombe;PER;
et;;
son;;
fils;;
le;PER;
petit;PER;
Rouget;PER;
.;;
"
";;
C';;
etait;;
fini;;
;;
nous;;
etions;;
ruines;;
.;;
"
";;
;;
avais;;
alors;;
six;;
ou;;
sept;;
ans;;
.;;
Comme;;
j';;
etais;;
tres;;
frele;;
et;;
maladif;;
;;
"
";;
mes;;
parents;;
n';;
avaient;;
pas;;
voulu;;
m';;
envoyer;;
a;;
l';;
ecole;;
.;;
Ma;;
mere;;
m';;
avait;;
"
";;
seulement;;
appris;;
a;;
lire;;
et;;
a;;
ecrire;;
;;
plus;;
quelques;;
mots;;
d';;
espagnol;;
et;;
"
";;
deux;;
ou;;
trois;;
airs;;
de;;
guitare;;
;;
a;;
l';;
aide;;
desquels;;
on;;
m';;
avait;;
fait;;
;;
dans;;
la;;
"
";;
famille;;
;;
une;;
reputation;;
de;;
petit;;
prodige;;
.;;
Grace;;
a;;
ce;;
systeme;;
d';;
education;;
;;
"
";;
je;;
ne;;
bougeais;;
jamais;;
de;;
chez;;
nous;;
;;
et;;
je;;
pus;;
assister;;
dans;;
tous;;
ses;;
"
";;
details;;
a;;
l';;
agonie;;
de;;
la;LOC;loc.adm.town
maison;LOC;loc.adm.town
Eyssette;LOC;loc.adm.town
.;;
Ce;;
spectacle;;
me;;
laissa;;
froid;;
;;
LA;;
FABRIQUE;;
"

";;
je;;
l';;
avoue;;
";";;
meme;;
je;;
trouvai;;
h;;
notre;;
ruine;;
ce;;
c6te;;
tres;;
agreable;;
;;
que;;
je;;
"
";;
pouvais;;
gambader;;
a;;
ma;;
guise;;
par;;
toute;;
la;;
fabrique;;
;;
ce;;
qui;;
;;
du;;
temps;;
des;;
"
";;
ouvriers;;
;;
ne;;
m';;
etait;;
permis;;
que;;
le;;
dimanche;;
.;;
Je;;
disais;;
gravement;;
au;;
"
";;
petit;PER;
Rouget;PER;
:;;
 ;;
Maintenant;;
;;
la;;
fabrique;;
est;;
a;;
moi;;
";";;
on;;
me;;
l';;
a;;
donnee;;
"
";;
pour;;
jouer;;
.;;
 ;;
Et;;
le;PER;
petit;PER;
Rouget;PER;
me;;
croyait;;
.;;
Il;;
croyait;;
tout;;
ce;;
que;;
je;;
"
";;
lui;;
disais;;
;;
cet;;
imbecile;;
.;;
"
";;
A;;
la;;
maison;;
;;
par;;
exemple;;
;;
tout;;
le;;
monde;;
ne;;
prit;;
pas;;
notre;;
debacle;;
"
";;
aussi;;
gaiement;;
.;;
Tout;;
a;;
coup;;
M.;PER;
Eyssette;PER;
devint;;
terrible;;
";";;
c';;
etait;;
dans;;
"
";;
l';;
habitude;;
une;;
nature;;
enflammee;;
;;
violente;;
;;
exageree;;
;;
aimant;;
les;;
cris;;
;;
"
";;
la;;
casse;;
et;;
les;;
tonnerres;;
";";;
au;;
fond;;
;;
un;;
tres;;
excellent;;
homme;;
;;
ayant;;
"
";;
seulement;;
la;;
main;;
leste;;
;;
le;;
verbe;;
haut;;
et;;
l';;
imperieux;;
besoin;;
de;;
donner;;
"
";;
le;;
tremblement;;
a;;
tout;;
ce;;
qui;;
l';;
entourait;;
.;;
La;;
mauvaise;;
fortune;;
;;
au;;
lieu;;
"
";;
de;;
l';;
abattre;;
;;
l';;
exaspera;;
.;;
Ou;;
soir;;
au;;
matin;;
;;
ce;;
fut;;
une;;
colere;;
formidable;;
"
";;
qui;;
;;
ne;;
sachant;;
 ;;
qui;;
s';;
en;;
prendre;;
;;
s';;
attaquait;;
 ;;
tout;;
;;
au;;
soleil;;
;;
au;;
"
";;
mistral;;
;;
a;;
Jacques;PER;
;;
a;;
la;PER;
vieille;PER;
Annou;PER;
;;
a;;
la;MISC;
Revolution;MISC;
;;
ohl;;
surtout;;
a;;
la;MISC;
"
";MISC;
Revolutionl;MISC;
...;;
A;;
entendre;;
mon;;
pere;;
;;
vous;;
auriez;;
jure;;
que;;
cette;;
Revo-;MISC;
"
";MISC;
lution;MISC;
de;;
8;;
...;;
;;
qui;;
nous;;
avait;;
mis;;
a;;
mal;;
;;
etait;;
specialement;;
dirigee;;
"
";;
contre;;
nous;;
.;;
Aussi;;
;;
je;;
vous;;
prie;;
de;;
croire;;
que;;
les;;
revolutionnaires;;
"
";;
n';;
etaient;;
pas;;
en;;
odeur;;
de;;
saintete;;
dans;;
la;LOC;loc.adm.town
maison;LOC;loc.adm.town
Eyssette;;
.;;
Dieu;;
sait;;
"
";;
ce;;
que;;
nous;;
avons;;
dit;;
de;;
ces;;
messieurs;;
dans;;
ce;;
temps;;
-0;;
la;;
...;;
Encore;;
"
";;
aujourd'hui;;
;;
quand;;
le;PER;
vieux;PER;
papa;PER;
Eyssette;PER;
(;;
que;;
Dieu;;
me;;
le;;
conservel;;
);;
"
";;
sent;;
venir;;
son;;
acces;;
de;;
goutte;;
;;
il;;
s';;
etend;;
peniblement;;
sur;;
sa;;
chaise;;
"
";;
longue;;
;;
et;;
nous;;
l';;
entendons;;
dire;;
:;;
 ;;
Ohl;;
ces;;
revolutionnaires;;
l;;
...;;
n;;
"
";;
A;;
l';;
epoque;;
dont;;
je;;
vous;;
parle;;
;;
M.;PER;
Eyssette;PER;
n';;
avait;;
pas;;
la;;
goutte;;
;;
"
";;
et;;
la;;
douleur;;
de;;
se;;
voir;;
ruine;;
en;;
avait;;
fait;;
un;;
homme;;
terrible;;
que;;
"
";;
personne;;
ne;;
pouvait;;
approcher;;
.;;
Il;;
fallut;;
le;;
saigner;;
deux;;
fois;;
en;;
quinze;;
"
";;
jours;;
.;;
Autour;;
de;;
lui;;
;;
chacun;;
se;;
taisait;;
";";;
on;;
avait;;
peur;;
.;;
A;;
table;;
;;
nous;;
"
";;
demandions;;
du;;
pain;;
a;;
voix;;
basse;;
.;;
On;;
n';;
osait;;
pas;;
meme;;
pleurer;;
devant;;
"
";;
lui;;
.;;
Aussi;;
;;
des;;
qu';;
il;;
avait;;
tourne;;
les;;
talons;;
;;
ce;;
n';;
tait;;
qu';;
un;;
sanglot;;
;;
"
";;
d';;
un;;
bout;;
de;;
la;;
maison;;
a;;
l';;
autre;;
";";;
ma;;
mere;;
;;
la;PER;
vieille;PER;
Annou;PER;
;;
mon;;
frere;;
"
";;
Jacques;PER;
et;;
aussi;;
mon;;
grand;;
frere;;
l';;
abbe;;
;;
lorsqu';;
il;;
venait;;
nous;;
voir;;
;;
tout;;
"
";;
le;;
monde;;
s';;
y;;
mettait;;
.;;
Ma;;
mere;;
;;
cela;;
se;;
congoit;;
;;
pleurait;;
de;;
voir;;
"
";;
MI;PER;
.;PER;
Eyssette;PER;
malheureux;;
";";;
l';;
abbe;;
et;;
la;PER;
vieille;PER;
Annou;PER;
pleuraient;;
de;;
"
";;
voir;;
plcurer;;
Me;PER;
Eyssette;PER;
";";;
quant;;
a;;
Jacques;PER;
;;
trop;;
jeune;;
encore;;
pour;;
"
";;
comprendre;;
nos;;
malheurs;;
;;
-0;;
il;;
avait;;
a;;
peine;;
deux;;
ans;;
de;;
plus;;
que;;
"
";;
moi;;
;;
-0;;
il;;
pleurait;;
par;;
besoin;;
;;
pour;;
le;;
plaisir;;
.;;
"
";;
Un;;
singulier;;
enfant;;
que;;
mon;;
frere;;
Jacques;PER;
";";;
en;;
voila;;
un;;
qui;;
avait;;
"
";;
le;;
don;;
des;;
larmesl;;
D';;
aussi;;
loin;;
qu';;
il;;
me;;
souvienne;;
;;
je;;
le;;
vois;;
;;
les;;
yeuxLE;;
PETIT;;
CHOSE;;
"
";;
rouges;;
et;;
la;;
joue;;
ruisselante;;
.;;
Le;;
soir;;
;;
le;;
matin;;
;;
de;;
jour;;
;;
de;;
nuit;;
;;
en;;
"
";;
classe;;
;;
a;;
la;;
maison;;
;;
en;;
promenade;;
;;
il;;
pleurait;;
sans;;
cesse;;
;;
il;;
pleurait;;
"
";;
partout;;
.;;
Quand;;
on;;
lui;;
disait;;
:;;
a;;
OQu';;
as;;
-0;;
tu;;
 ;;
il;;
repondait;;
en;;
sanglotant;;
:;;
"
 ";;
Je;;
n';;
ai;;
rien;;
.;;
Et;;
;;
le;;
plus;;
curieux;;
;;
c';;
est;;
qu';;
il;;
n';;
avait;;
rien;;
.;;
Il;;
pleurait;;
"
";;
comme;;
on;;
se;;
mouche;;
;;
plus;;
souvent;;
;;
voila;;
tout;;
.;;
Quelquefois;;
M.;PER;
Eyssette;PER;
;;
"
";;
exaspere;;
;;
disait;;
a;;
ma;;
mere;;
:;;
aCet;;
enfant;;
est;;
ridicule;;
;;
regardez;;
-0;;
lel;;
...;;
"
";;
c';;
est;;
un;;
fleuve;;
.;;
A;;
quoi;;
Mme;PER;
Eyssette;PER;
repondait;;
de;;
sa;;
voix;;
douce;;
:;;
"
 ";;
Que;;
veux;;
-0;;
tu;;
;;
mon;;
ami;;
?;;
cela;;
passera;;
en;;
grandissant;;
";";;
a;;
son;;
age;;
;;
j';;
etais;;
"
";;
comme;;
lui;;
.;;
En;;
attendant;;
;;
Jacques;PER;
grandissait;;
";";;
il;;
grandissait;;
beaucoup;;
"
";;
meme;;
;;
et;;
cela;;
ne;;
lui;;
passait;;
pas;;
.;;
Tout;;
au;;
contraire;;
;;
la;;
singuliere;;
aptitude;;
"
";;
qu';;
avait;;
cet;;
etrange;;
garcon;;
a;;
repandre;;
sans;;
raison;;
des;;
averses;;
de;;
larmes;;
"
";;
allait;;
chaque;;
jour;;
en;;
augmentant;;
.;;
Aussi;;
la;;
desolation;;
de;;
nos;;
parents;;
"
";;
lui;;
fut;;
une;;
grande;;
fortune;;
...;;
C';;
est;;
pour;;
le;;
coup;;
qu';;
il;;
s';;
en;;
donna;;
de;;
"
";;
sangloter;;
a;;
son;;
aise;;
;;
des;;
journees;;
entieres;;
;;
sans;;
que;;
personne;;
vint;;
lui;;
"
";;
dire;;
:;;
Qu';;
as;;
-0;;
tun;;
"
";;
En;;
somme;;
;;
pour;;
Jacques;PER;
comme;;
pour;;
moi;;
;;
notre;;
ruine;;
avait;;
son;;
"
";;
joli;;
cote;;
.;;
"
";;
Pour;;
ma;;
part;;
;;
j';;
etais;;
tres;;
heureux;;
.;;
On;;
ne;;
s';;
occupait;;
plus;;
de;;
moi;;
.;;
"
";;
;;
en;;
profitais;;
pour;;
jouer;;
tout;;
le;;
jour;;
avec;;
Rouget;PER;
parmi;;
les;;
ateliers;;
"
";;
deserts;;
;;
oi;;
nos;;
pas;;
sonnaient;;
comme;;
dans;;
une;;
eglise;;
;;
et;;
les;;
grandes;;
"
";;
cours;;
abandonnees;;
;;
que;;
l';;
herbe;;
envahissait;;
deja;;
.;;
Ce;;
jeune;;
Rouget;PER;
;;
"
";;
fils;;
du;;
concierge;PER;
Colombe;PER;
;;
etait;;
un;;
gros;;
garcon;;
d';;
une;;
douzaine;;
"
";;
d';;
annees;;
;;
fort;;
comme;;
un;;
beuf;;
;;
devoue;;
comme;;
un;;
chien;;
;;
bete;;
comme;;
"
";;
une;;
oie;;
et;;
remarquable;;
surtout;;
par;;
une;;
chevelure;;
rouge;;
;;
a;;
laquelle;;
"
";;
il;;
devait;;
son;;
surnom;;
de;;
Rouget;PER;
.;;
Seulement;;
;;
je;;
vais;;
vous;;
dire;;
:;;
Rouget;PER;
;;
"
";;
pour;;
moi;;
;;
n';;
etait;;
pas;;
Rouget;PER;
.;;
Il;;
etait;;
tour;;
a;;
tour;;
mon;;
fidele;;
Vendredi;PER;
;;
"
";;
une;;
tribu;;
de;;
sauvages;;
;;
un;;
equipage;;
revolte;;
;;
tout;;
ce;;
qu';;
on;;
voulait;;
.;;
"
";;
Moi;;
-0;;
meme;;
;;
en;;
ce;;
temps;;
-0;;
la;;
;;
je;;
ne;;
m';;
appelais;;
pas;;
Daniel;PER;
Eyssette;PER;
";";;
"
";;
j';;
etais;;
cet;;
homme;;
singulier;;
;;
vetu;;
de;;
peaux;;
de;;
betes;;
;;
dont;;
on;;
venait;;
"
";;
de;;
me;;
donner;;
les;;
aventures;;
;;
master;PER;
Crusoe;PER;
lui;;
-0;;
meme;;
.;;
Douce;;
folie;;
l;;
"
";;
Le;;
soir;;
;;
apres;;
souper;;
;;
je;;
relisais;;
mon;;
Robinson;;
;;
je;;
l';;
apprenais;;
par;;
ceur;;
";";;
"
";;
le;;
jour;;
;;
je;;
le;;
jouais;;
;;
je;;
le;;
jouais;;
avec;;
rage;;
;;
et;;
tout;;
ce;;
qui;;
m';;
entourait;;
;;
"
";;
je;;
l';;
enrolais;;
dans;;
ma;;
comedie;;
.;;
La;;
fabrique;;
n';;
etait;;
plus;;
la;;
fabrique;;
";";;
"
";;
c';;
etait;;
mon;;
fle;;
deserte;;
;;
ohl;;
bien;;
deserte;;
.;;
Les;;
bassins;;
jouaient;;
le;;
rOle;;
"
";;
d';;
Ocean;LOC;loc.phys.hydro
.;;
Le;;
jardin;;
faisait;;
une;;
foret;;
vierge;;
.;;
Il;;
y;;
avait;;
dans;;
les;;
platanes;;
"
";;
un;;
tas;;
de;;
cigales;;
qui;;
etaient;;
de;;
la;;
piece;;
et;;
qui;;
ne;;
le;;
savaient;;
pas;;
.;;
"
";;
Rouget;PER;
;;
lui;;
non;;
plus;;
;;
ne;;
se;;
doutait;;
guere;;
de;;
l';;
importance;;
de;;
son;;
"
";;
role;;
.;;
Si;;
on;;
lui;;
avait;;
demande;;
ce;;
que;;
c';;
etait;;
que;;
Robinson;;
;;
on;;
l';;
auraitLA;;
FABRIQUE;;
"
";;
.;;
"
";;
bien;;
embarrasse;;
";";;
pourtant;;
je;;
dois;;
dire;;
qu';;
il;;
tenait;;
son;;
emploi;;
avec;;
la;;
"
";;
plus;;
grande;;
conviction;;
;;
et;;
que;;
;;
pour;;
imiter;;
le;;
rugissement;;
des;;
sau-;;
"
";;
vages;;
;;
il;;
n';;
y;;
en;;
avait;;
pas;;
comme;;
lui;;
.;;
Ou;;
avait;;
-il;;
appris;;
e;;
l';;
ignore;;
.;;
"
";;
Toujours;;
est;;
-il;;
que;;
ces;;
grands;;
rugissements;;
de;;
sauvage;;
qu';;
il;;
allait;;
"
";;
chercher;;
dans;;
le;;
fond;;
de;;
sa;;
gorge;;
;;
en;;
agitant;;
sa;;
forte;;
criniere;;
rouge;;
;;
"
";;
auraient;;
fait;;
fremir;;
les;;
plus;;
braves;;
.;;
MIoi;;
-0;;
meme;;
;;
Robinson;;
;;
j';;
en;;
avais;;
"
";;
quelquefois;;
le;;
ceur;;
bouleverse;;
;;
et;;
j';;
etais;;
oblige;;
de;;
lui;;
dire;;
a;;
voix;;
basse;;
:;;
"
 ";;
Pas;;
si;;
fort;;
;;
Rouget;PER;
;;
tu;;
me;;
fais;;
peur;;
.;;
"
";;
Malheureusement;;
;;
si;;
Rouget;PER;
imitait;;
le;;
cri;;
des;;
sauvages;;
tres;;
bien;;
;;
"
";;
il;;
savait;;
encore;;
mieux;;
dire;;
les;;
gros;;
mots;;
d';;
enfants;;
de;;
la;;
rue;;
et;;
jurer;;
le;;
"
";;
nom;;
de;;
Notre-Seigneur;MISC;
.;;
Tout;;
en;;
jouant;;
;;
j';;
appris;;
a;;
faire;;
comme;;
lui;;
;;
"
";;
et;;
un;;
jour;;
;;
en;;
pleine;;
table;;
;;
un;;
formidable;;
juron;;
m';;
echappa;;
je;;
ne;;
sais;;
"
";;
comment;;
.;;
Consternation;;
generalel;;
Qui;;
t';;
a;;
appris;;
cela;;
?;;
Ou;;
l';;
as;;
-0;;
tu;;
"
";;
entendu;;
?;;
n;;
Ce;;
fut;;
un;;
evenement;;
.;;
M.;PER;
Eyssette;PER;
parla;;
tout;;
de;;
suite;;
de;;
"
";;
me;;
mettre;;
dans;;
une;;
maison;;
de;;
correction;;
";";;
mon;;
grand;;
frere;;
l';;
abbe;PER;
dit;;
"
";;
qu';;
avant;;
toute;;
chose;;
on;;
devait;;
m';;
envoyer;;
a;;
confesse;;
;;
puisque;;
j';;
avais;;
"
";;
l';;
age;;
de;;
raison;;
.;;
On;;
me;;
mena;;
a;;
confesse;;
.;;
Grande;;
affairel;;
Il;;
fallait;;
"
";;
ramasser;;
dans;;
tous;;
les;;
coins;;
de;;
ma;;
conscience;;
un;;
tas;;
de;;
vieux;;
peches;;
"
";;
qui;;
trainaient;;
l;;
depuis;;
sept;;
ans;;
.;;
e;;
ne;;
dormis;;
pas;;
de;;
deux;;
nuits;;
";";;
"
";;
c';;
est;;
qu';;
il;;
y;;
en;;
avait;;
toute;;
une;;
paneree;;
de;;
ces;;
diables;;
de;;
peches;;
";";;
j';;
avais;;
"
";;
mis;;
les;;
plus;;
petits;;
dessus;;
;;
mais;;
c';;
est;;
egal;;
;;
les;;
autres;;
se;;
voyaient;;
;;
et;;
"
";;
lorsque;;
;;
agenouille;;
dans;;
la;;
petite;;
armoire;;
de;;
chenc;;
;;
il;;
fallut;;
montrer;;
"
";;
tout;;
cela;;
au;;
cure;PER;
des;PER;
Recollets;PER;
;;
je;;
crus;;
que;;
je;;
mourrais;;
de;;
peur;;
et;;
de;;
"
";;
confusion;;
...;;
"
";;
Ce;;
fut;;
fini;;
.;;
Je;;
ne;;
voulus;;
plus;;
jouer;;
avec;;
Rouget;PER;
";";;
je;;
savais;;
mainte-;;
"
";;
nant;;
;;
c';;
est;;
saint;;
Paul;;
qui;;
l';;
a;;
dit;;
et;;
le;;
cure;PER;
des;PER;
Recollets;PER;
me;;
le;;
repeta;;
;;
"
";;
que;;
le;;
demon;;
rode;;
eternellement;;
autour;;
de;;
nous;;
comme;;
un;;
lion;;
;;
"
";;
qterens;;
quem;;
deoret;;
.;;
Ohl;;
ce;;
querens;;
quem;;
deoret;;
;;
quelle;;
impression;;
"
";;
il;;
me;;
fitl;;
Je;;
savais;;
aussi;;
que;;
cet;;
intrigant;;
de;;
Lucifer;;
prend;;
tous;;
les;;
"
";;
visages;;
qu';;
il;;
veut;;
pour;;
vous;;
tenter;;
";";;
et;;
vous;;
ne;;
m';;
auriez;;
pas;;
ote;;
de;;
"
";;
l';;
idee;;
qu';;
il;;
s';;
etait;;
cache;;
dans;;
la;;
peau;;
de;;
Rouget;PER;
pour;;
m';;
apprendre;;
a;;
"
";;
jurer;;
le;;
nom;;
de;;
Dieu;;
.;;
Aussi;;
;;
mon;;
premier;;
soin;;
;;
en;;
rentrant;;
a;;
la;;
"
";;
fabrique;;
;;
fut;;
d';;
avertir;;
Vendredi;;
qu';;
il;;
eut;;
a;;
rester;;
chez;;
lui;;
dorenavant;;
.;;
"
";;
Infortune;;
Vendredil;PER;
Cet;;
ukase;;
lui;;
creva;;
le;;
coeur;;
;;
mais;;
il;;
s';;
y;;
conforma;;
"
";;
sans;;
une;;
plainte;;
.;;
Quelquefois;;
;;
je;;
l';;
apercevais;;
debout;;
;;
sur;;
la;;
porte;;
de;;
"
";;
la;;
loge;;
;;
du;;
cote;;
des;;
ateliers;;
";";;
il;;
se;;
tenait;;
la;;
tristement;;
";";;
et;;
lorsqu';;
il;;
voyait;;
"
";;
que;;
je;;
le;;
regardais;;
;;
le;;
malheureux;;
poussait;;
pour;;
m';;
attendrir;;
les;;
plus;;
"
";;
effroyables;;
rugissements;;
;;
en;;
agitant;;
sa;;
criniere;;
flamboyante;;
";";;
mais;;
plusy;;
"
";;
LE;PER;
PETIT;PER;
CHOSE;;
"
";;
il;;
rugissait;;
;;
plus;;
je;;
me;;
tenais;;
loin;;
.;;
Je;;
trouvais;;
qu';;
il;;
ressemblait;;
au;;
"
";;
fameux;;
lion;;
querens;;
.;;
e;;
lui;;
criais;;
:;;
a;;
Va;;
-0;;
t';;
enl;;
tu;;
me;;
fais;;
horreur.o;;
"
";;
Rouget;PER;
s';;
obstina;;
a;;
rugir;;
ainsi;;
pendant;;
quelques;;
jours;;
";";;
puis;;
;;
un;;
"
";;
matin;;
;;
son;;
pere;;
;;
fatigue;;
de;;
ses;;
rugissements;;
a;;
domicile;;
;;
l';;
envoya;;
rugir;;
"
";;
en;;
apprentissage;;
;;
et;;
je;;
ne;;
le;;
revis;;
plus;;
.;;
"
";;
Mon;;
enthousiasme;;
pour;;
Robinson;;
n';;
en;;
fut;;
pas;;
un;;
instant;;
refroidi;;
.;;
"
";;
Tout;;
juste;;
vers;;
ce;;
temps;;
-0;;
la;;
;;
l';PER;
oncle;PER;
Baptiste;PER;
se;;
degota;;
subitement;;
de;;
"
";;
son;;
perroquet;;
et;;
me;;
le;;
donna;;
.;;
Ce;;
perroquet;;
remplaca;;
Vendredi;PER;
.;;
"
";;
Je;;
l';;
installai;;
dans;;
une;;
belle;;
cage;;
au;;
fond;;
de;;
ma;;
residence;;
d';;
hiver;;
";";;
et;;
"
";;
me;;
voila;;
;;
plus;;
Crusoe;PER;
que;;
jamais;;
;;
passant;;
mes;;
journees;;
en;;
tete;;
a;;
tete;;
"
";;
avec;;
cet;;
interessant;;
volatile;;
et;;
cherchant;;
a;;
lui;;
faire;;
dire;;
:;;
 ;;
Robinson;;
;;
"
";;
mon;;
pauvre;;
Robinsonln;PER;
Comprenez;;
-vous;;
cela;;
Ce;;
perroquet;;
;;
que;;
"
";;
l';PER;
oncle;PER;
Baptiste;PER;
m';;
avait;;
donne;;
pour;;
se;;
debarrasser;;
de;;
son;;
eternel;;
"
";;
bavardage;;
;;
s';;
obstina;;
a;;
ne;;
pas;;
parler;;
des;;
qu';;
il;;
fut;;
a;;
moi;;
...;;
Pas;;
plus;;
"
 ";;
mon;;
pauvre;;
Robinsonn;;
qu';;
autre;;
chose;;
";";;
jamais;;
je;;
n';;
en;;
pus;;
rien;;
tirer;;
.;;
"
";;
Malgre;;
cela;;
;;
je;;
l';;
aimais;;
beaucoup;;
et;;
j';;
en;;
avais;;
le;;
plus;;
grand;;
soin;;
.;;
"
";;
Nous;;
vivions;;
ainsi;;
;;
mon;;
perroquet;;
et;;
moi;;
;;
dans;;
la;;
plus;;
austere;;
"
";;
solitude;;
;;
lorsqu';;
un;;
matin;;
il;;
m';;
arriva;;
une;;
chose;;
vraiment;;
extraordinaire;;
.;;
"
";;
Ce;;
jour;;
-0;;
la;;
;;
j';;
avais;;
quitte;;
ma;;
cabane;;
de;;
bonne;;
heure;;
et;;
je;;
faisais;;
;;
arme;;
"
";;
jusqu';;
aux;;
dents;;
;;
un;;
voyage;;
d';;
exploration;;
a;;
travers;;
mon;;
fle;;
...;;
Tout;;
h;;
"
";;
coup;;
;;
je;;
vis;;
venir;;
de;;
mon;;
cOote;;
un;;
groupe;;
de;;
trois;;
ou;;
quatre;;
personnes;;
;;
"
";;
qui;;
parlaient;;
a;;
voix;;
tres;;
haute;;
et;;
gesticulaient;;
vivement;;
.;;
uste;;
Dieul;MISC;
"
";;
des;;
hommes;;
dans;;
mon;;
flel;;
e;;
n';;
eus;;
que;;
le;;
temps;;
de;;
me;;
jeter;;
derriere;;
"
";;
un;;
bouquet;;
de;;
lauriers;;
-0;;
roses;;
;;
et;;
a;;
plat;;
ventre;;
;;
s';;
il;;
vous;;
plaft;;
...;;
Les;;
"
";;
hommes;;
passerent;;
pres;;
de;;
moi;;
sans;;
me;;
voir;;
...;;
Je;;
crus;;
distinguer;;
la;;
"
";;
voix;;
du;;
concierge;PER;
Colombe;PER;
;;
ce;;
qui;;
me;;
rassura;;
un;;
peu;;
";";;
mais;;
;;
c';;
est;;
"
";;
egal;;
;;
des;;
qu';;
ils;;
furent;;
loin;;
je;;
sortis;;
de;;
ma;;
cachette;;
et;;
je;;
les;;
suivis;;
"
";;
distance;;
pour;;
voir;;
ce;;
que;;
tout;;
cela;;
deviendrait;;
...;;
"
";;
Ces;;
etrangers;;
resterent;;
longtemps;;
dans;;
mon;;
ile;;
...;;
Ils;;
la;;
visiterent;;
"
";;
d';;
un;;
bout;;
a;;
l';;
autre;;
dans;;
tous;;
ses;;
details;;
.;;
Je;;
les;;
vis;;
entrer;;
dans;;
mes;;
"
";;
grottes;;
et;;
sonder;;
avec;;
leurs;;
cannes;;
la;;
profondeur;;
de;;
mes;;
oceans;;
:;;
De;;
"
";;
temps;;
en;;
temps;;
ils;;
s';;
arretaient;;
et;;
remuaient;;
la;;
tete;;
.;;
Toute;;
ma;;
crainte;;
"
";;
etait;;
qu';;
ils;;
ne;;
vinssent;;
a;;
decouvrir;;
mes;;
residences;;
...;;
(;;
Que;;
serais;;
-je;;
"
";;
devenu;;
;;
grand;;
Dieul;MISC;
Heureusement;;
;;
il;;
n';;
en;;
fut;;
rien;;
;;
et;;
au;;
bout;;
d';;
une;;
"
";;
demi-heure;;
;;
les;;
hommes;;
se;;
retirerent;;
sans;;
se;;
douter;;
seulement;;
que;;
"
";;
l';;
le;;
etait;;
habitee;;
.;;
Des;;
qu';;
ils;;
furent;;
partis;;
;;
je;;
courus;;
m';;
enfermer;;
dans;;
"
";;
une;;
de;;
mes;;
cabanes;;
;;
et;;
passai;;
la;;
le;;
reste;;
du;;
jour;;
a;;
me;;
demander;;
quels;;
"
";;
etaient;;
ces;;
hommes;;
et;;
ce;;
qu';;
ils;;
etaient;;
venus;;
faire;;
.;;
L;;
"
";;
4;;
-0;;
-0;;
"
";;
a;;
;;
"
";;
IZ;;
"
";;
3;t;
"
";;
L---;;
"
";;
A;;
"
";;
IlP;;
"
";;
-0;;
I.;;
"
";;
L;;
"
";;
1;;
"
";;
.l;;
"
 ";;
-0;;
.-;;
"
";;
1E.;;
"
";;
s;;
"
";;
Fe1;;
I;;
"
 ";;
;;
-0;;
"
";;
--;;
"
";;
-0;;
"

";;
3;;
"

";;
a.;;
"


";;
1;;
"
";;
3;;
=;;
-0;;
"
 ";;
ii;;
"
";;
N;;
"
 ";;
-0;;
);;
"
";;
N;;
"
";;
EZEYt;;
:;;
t;;
"
";;
.;;
"
";;
l;;
Lri;;
lx;;
"
";;
;;
-0;;
;;
"
";;
s;;
;;
"
";;
p;;
`;;
"
";;
.;;
"
";;
.y-;;
";";;
"
";;
.I;;
"
";;
-0;;
"
";;
AI;;
"
";;
--;;
c;;
"
 ";;
.;;
.;;
"
";;
.;;
"
";;
L;;
i;;
"
";;
I-;;
"
";;
fi;;
"


";;
ytP;;
"
";;
:;;
"
";;
Gei4;;
"
";;
-3;;
"
";;
=;;
"
";;
--L;;
"
";;
-0;;
"
 ";;
.L.;;
"
";;
r;;
"
";;
ie;;
"
";;
L3;;
"
";;
N;;
"
";;
.-;;
 ;;
.;;
"
";;
t;;
z;;
"
";;
P;;
;;
-L;;
"
";;
-0;;
"
";;
=;;
essC;;
"
";;
--;;
"
";;
r;;
"
";;
r;;
"
";;
e;;
;;
"
";;
I;;
"
";;
.;;
"

";;
-0;;
"
";;
-e;;
"
";;
--L;;
=;;
-0;;
"
";;
z;;
--;;
z';;
allais;;
le;;
savoir;;
bientot;;
.;;
"
";;
LA;;
FABRIOQUE;;
"
";;
Le;;
soir;;
;;
a;;
souper;;
;;
M.;PER;
Eyssette;PER;
nous;;
annongca;;
solennellement;;
que;;
la;;
"
";;
fabrique;;
etait;;
vendue;;
;;
et;;
que;;
;;
dans;;
un;;
mois;;
;;
nous;;
partirions;;
tous;;
pour;;
"
";;
Lyon;LOC;loc.adm.town
;;
o;;
nous;;
allions;;
demeurer;;
desormais;;
.;;
"
";;
Ce;;
fut;;
un;;
coup;;
terrible;;
.;;
Il;;
me;;
sembla;;
que;;
le;;
ciel;;
croulait;;
.;;
La;;
"
";;
fabrique;;
venduel;;
...;;
Eh;;
bienl;;
et;;
mon;;
ile;;
;;
mes;;
grottes;;
;;
mes;;
cabanes;;
?;;
"
";;
IIelasl;;
l';;
fle;;
;;
les;;
grottes;;
;;
les;;
cabanes;;
;;
M.;PER;
Eyssette;PER;
avait;;
tout;;
vendu;;
";";;
"
";;
il;;
fallait;;
tout;;
quitter;;
.;;
Dieu;MISC;
;;
que;;
je;;
pleuraisl;;
...;;
"
";;
Pendant;;
un;;
mois;;
;;
tandis;;
qu';;
a;;
la;;
maison;;
on;;
emballait;;
les;;
glaces;;
;;
la;;
"
";;
vaisselle;;
;;
je;;
me;;
promenais;;
triste;;
et;;
seul;;
dans;;
ma;;
chere;;
fabrique;;
.;;
Je;;
"
";;
n';;
avais;;
plus;;
le;;
ceur;;
a;;
jouer;;
;;
vous;;
pensez;;
...;;
ohl;;
non;;
...;;
J';;
allais;;
m';;
asseoir;;
"
";;
dans;;
tous;;
les;;
coins;;
;;
et;;
regardant;;
les;;
objets;;
autour;;
de;;
moi;;
;;
je;;
leur;;
parlais;;
"
";;
comme;;
 ;;
des;;
personnes;;
";";;
je;;
disais;;
aux;;
platanes;;
:;;
 ;;
Adieu;;
;;
mes;;
chers;;
"
";;
amisln;;
et;;
aux;;
bassins;;
:;;
 ;;
C';;
est;;
fini;;
;;
nous;;
ne;;
nous;;
verrons;;
plusln;;
Il;;
y;;
"
";;
avait;;
dans;;
le;;
fond;;
du;;
jardin;;
un;;
grand;;
grenadier;;
dont;;
les;;
belles;;
fleurs;;
"
";;
rouges;;
s';;
epanouissaient;;
au;;
soleil;;
.;;
e;;
lui;;
dis;;
en;;
sanglotant;;
:;;
Donne;;
-moi;;
"
";;
une;;
de;;
tes;;
fleurs.n;;
Il;;
me;;
la;;
donna;;
.;;
e;;
la;;
mis;;
dans;;
ma;;
poitrine;;
;;
en;;
souvenir;;
"
";;
de;;
lui;;
.;;
J';;
etais;;
tres;;
malheureux;;
.;;
"
";;
Pourtant;;
;;
au;;
milieu;;
de;;
cette;;
grande;;
douleur;;
;;
deux;;
chosces;;
me;;
faisaient;;
"
";;
sourire;;
:;;
d';;
abord;;
la;;
pensee;;
de;;
monter;;
sur;;
un;;
navire;;
;;
puis;;
la;;
permission;;
"
";;
qu';;
on;;
m';;
avait;;
donnee;;
d';;
emporter;;
mon;;
perroquet;;
avec;;
moi;;
.;;
Je;;
me;;
"
";;
disais;;
que;;
Robinson;;
avait;;
quitte;;
son;;
ile;;
dans;;
des;;
conditions;;
a;;
peu;;
pres;;
"
";;
semblables;;
;;
et;;
cela;;
me;;
donnait;;
du;;
courage;;
.;;
"
";;
Enfin;;
;;
le;;
jour;;
du;;
dpart;;
arriva;;
.;;
MI;PER;
.;PER;
Eyssette;PER;
etait;;
deja;;
a;;
Lyon;LOC;loc.adm.town
depuis;;
"
";;
une;;
semaine;;
.;;
Il;;
avait;;
pris;;
les;;
devants;;
avec;;
les;;
gros;;
meubles;;
.;;
Je;;
partis;;
"
";;
donc;;
en;;
compagnie;;
de;;
acques;PER;
;;
de;;
ma;;
mere;;
et;;
de;;
la;PER;
vieille;PER;
Annou;PER;
.;;
"
";;
Mon;;
grand;;
frere;;
l';;
abbe;PER;
ne;;
partait;;
pas;;
;;
mis;;
il;;
nous;;
accompagna;;
"
";;
jusqu';;
a;;
la;;
diligence;;
de;;
Beaucaire;;
;;
et;;
aussi;;
le;PER;
concierge;PER;
Colombe;PER;
nous;;
"
";;
accompagna;;
.;;
C';;
est;;
lui;;
qui;;
marchait;;
devant;;
en;;
poussant;;
une;;
enorme;;
"
";;
brouette;;
chargee;;
de;;
malles;;
.;;
Derriere;;
venait;;
mon;;
frere;;
l';;
abbe;;
;;
donnant;;
"
";;
le;;
bras;;
a;;
Me;PER;
Eyssette;PER;
.;;
"
";;
MIon;;
pauvre;;
abbe;;
;;
que;;
je;;
ne;;
devais;;
plus;;
revoirl;;
"
";;
La;PER;
vieille;PER;
Annou;PER;
marchait;;
ensuite;;
;;
flanquee;;
d';;
un;;
enorme;;
parapluic;;
"
";;
bleu;;
et;;
de;;
Jacques;PER;
;;
qui;;
etait;;
bien;;
content;;
d';;
aller;;
a;;
Lyon;LOC;loc.adm.town
;;
mais;;
qui;;
"
";;
sanglotait;;
tout;;
de;;
meme;;
...;;
Enfin;;
;;
ha;;
la;;
queue;;
de;;
la;;
colonne;;
venait;;
"
";;
Daniel;PER;
Eyssette;PER;
;;
portant;;
gravement;;
la;;
cage;;
du;;
perroquet;;
et;;
se;;
retour-;;
"
";;
nant;;
a;;
chaque;;
pas;;
du;;
cote;;
de;;
sa;;
chere;;
fabrique;;
.;;
LE;;
PETIT;;
CHIOSE;;
"
";;
A;;
mesure;;
que;;
la;;
caravane;;
s';;
eloignait;;
;;
l';;
arbre;;
aux;;
grenades;;
se;;
"
";;
haussait;;
tant;;
qu';;
il;;
pouvait;;
par;;
-0;;
dessus;;
les;;
murs;;
du;;
jardin;;
pour;;
la;;
voir;;
"
";;
encore;;
une;;
fois;;
...;;
Les;;
platanes;;
agitaient;;
leurs;;
branches;;
en;;
signe;;
"
";;
d';;
adieu;;
...;;
Daniel;PER;
Eyssette;PER;
;;
tres;;
emu;;
;;
leur;;
envoyait;;
des;;
baisers;;
a;;
tous;;
;;
"
";;
furtivement;;
et;;
du;;
bout;;
des;;
doigts;;
.;;
"
";;
Ie;;
quittai;;
mon;;
ile;;
le;;
go;;
septembre;;
8;;
...;;
LES;;
BABAROTTES;;
(;;
);;
"
";;
O;;
choses;;
de;;
mon;;
enfance;;
;;
quelle;;
impression;;
vous;;
m';;
avez;;
laisseel;;
"
";;
Il;;
me;;
semble;;
que;;
c';;
est;;
hier;;
;;
ce;;
voyage;;
sur;;
le;;
Rh6ne;LOC;loc.phys.hydro
.;;
Je;;
vois;;
encore;;
le;;
"
";;
bateau;;
;;
ses;;
passagers;;
;;
son;;
equipage;;
";";;
j';;
entends;;
le;;
bruit;;
des;;
roues;;
et;;
le;;
"
";;
sifflet;;
de;;
la;;
machine;;
.;;
Le;;
capitaine;;
s';;
appelait;;
Genies;PER;
;;
le;;
maftre;;
coq;;
"
";;
Montelimart;PER;
.;;
On;;
n';;
oublie;;
pas;;
ces;;
choses;;
-0;;
la;;
.;;
"
";;
La;;
traversee;;
dura;;
trois;;
jours;;
.;;
Je;;
passai;;
ces;;
trois;;
jours;;
sur;;
le;;
pont;;
;;
"
";;
descendant;;
au;;
salon;;
juste;;
pour;;
manger;;
et;;
dormir;;
.;;
Le;;
reste;;
du;;
temps;;
;;
"
";;
j';;
allais;;
me;;
mettre;;
a;;
la;;
pointe;;
extreme;;
du;;
navire;;
;;
pres;;
de;;
l';;
ancre;;
.;;
Il;;
y;;
"
";;
avait;;
la;;
une;;
grosse;;
cloche;;
qu';;
on;;
sonnait;;
en;;
entrant;;
dans;;
les;;
villes;;
:;;
"
";;
je;;
m';;
asseyais;;
a;;
cote;;
de;;
cette;;
cloche;;
;;
parmi;;
des;;
tas;;
de;;
cordes;;
";";;
je;;
posais;;
"
";;
la;;
cage;;
du;;
perroquet;;
entre;;
mes;;
jambes;;
et;;
je;;
regardais;;
.;;
Le;LOC;loc.phys.hydro
Rhone;LOC;loc.phys.hydro
etait;;
"
";;
si;;
large;;
qu';;
on;;
voyait;;
a;;
peine;;
ses;;
rives;;
.;;
Moi;;
;;
je;;
l';;
aurais;;
voulu;;
encore;;
"
";;
plus;;
large;;
;;
et;;
qu';;
il;;
se;;
ft;;
appele;;
:;;
la;;
merl;;
Le;;
ciel;;
riait;;
;;
l';;
onde;;
etait;;
"
";;
verte;;
.;;
De;;
grandes;;
barques;;
descendaient;;
au;;
fil;;
de;;
l';;
eau;;
.;;
Des;;
mariniers;;
;;
"
";;
gueant;;
le;;
fleuve;;
a;;
dos;;
de;;
mules;;
;;
passaient;;
pres;;
de;;
nous;;
en;;
chantant;;
.;;
"
";;
Parfois;;
;;
le;;
bateau;;
longeait;;
quelque;;
ile;;
bien;;
touffue;;
;;
couverte;;
de;;
joncs;;
"
";;
(;;
r;;
);;
Nom;;
donne;;
dans;;
le;;
Midi;LOC;loc.adm.reg
a;;
ces;;
gros;;
insectes;;
noirs;;
que;;
1'Academie;;
appelle;;
des;;
"
 ";;
blttes;;
et;;
les;;
gens;;
du;;
Nord;LOC;loc.adm.reg
des;;
s;;
cafards;;
;;
LE;;
PETIT;;
CHOSE;;
"
";;
et;;
de;;
saules;;
.;;
Ohl;;
une;;
ile;;
deserteln;;
me;;
disais;;
-je;;
dans;;
moi;;
-0;;
meme;;
";";;
et;;
"
";;
je;;
la;;
devorais;;
des;;
yeux;;
...;;
"
";;
Vers;;
la;;
fin;;
du;;
troisieme;;
jour;;
;;
je;;
crus;;
que;;
nous;;
allions;;
avoir;;
un;;
"
";;
grain;;
.;;
Le;;
ciel;;
s';;
etait;;
assombri;;
subitement;;
";";;
un;;
brouillard;;
epais;;
dansait;;
"
";;
sur;;
le;;
fleuve;;
";";;
ha;;
l';;
avant;;
du;;
navire;;
on;;
avait;;
allume;;
une;;
grosse;;
lanterne;;
;;
"
";;
et;;
;;
ma;;
foi;;
;;
en;;
presence;;
de;;
tous;;
ces;;
symptomes;;
;;
je;;
commencais;;
a;;
etre;;
"
";;
emu;;
...;;
A;;
ce;;
moment;;
;;
quelqu';;
un;;
dit;;
pres;;
de;;
moi;;
:;;
aVoila;;
Lyon;LOC;loc.adm.town
ln;;
En;;
"
";;
meme;;
temps;;
la;;
grosse;;
cloche;;
se;;
mit;;
a;;
sonner;;
.;;
C';;
etait;;
Lyon;LOC;loc.adm.town
.;;
"
";;
Confusement;;
;;
dans;;
le;;
brouillard;;
;;
je;;
vis;;
des;;
lumieres;;
briller;;
sur;;
l';;
une;;
"
";;
et;;
sur;;
l';;
autre;;
rive;;
";";;
nous;;
passames;;
sous;;
un;;
pont;;
;;
puis;;
sous;;
un;;
autre;;
.;;
"
";;
A;;
chaque;;
fois;;
l';;
enorme;;
tuyau;;
de;;
la;;
machine;;
se;;
courbait;;
en;;
deux;;
et;;
"
";;
crachait;;
des;;
torrents;;
d';;
une;;
fumee;;
noire;;
qui;;
faisait;;
tousser;;
...;;
Sur;;
le;;
"
";;
bateau;;
;;
c';;
etait;;
un;;
remue;;
-0;;
menage;;
effroyable;;
.;;
Les;;
passagers;;
cherchaient;;
"
";;
leurs;;
malles;;
";";;
les;;
matelots;;
juraient;;
en;;
roulant;;
des;;
tonneaux;;
dans;;
"
";;
1'ombre;;
.;;
Il;;
pleuvait;;
..;;
"
";;
e;;
me;;
hatai;;
de;;
rejoindre;;
ma;;
mere;;
;;
Jacques;PER;
et;;
la;PER;
vieille;PER;
Annou;PER;
qui;;
"
";;
etaient;;
a;;
l';;
autre;;
bout;;
du;;
bateau;;
;;
et;;
nous;;
voila;;
tous;;
les;;
quatre;;
;;
serres;;
"
";;
les;;
uns;;
contre;;
les;;
autres;;
;;
sous;;
le;;
grand;;
parapluie;;
d';;
Annou;PER;
;;
tandis;;
quc;;
"
";;
le;;
bateau;;
se;;
rangeait;;
au;;
long;;
des;;
quais;;
et;;
que;;
le;;
debarquement;;
com-;;
"
";;
mencait;;
.;;
"
";;
En;;
verite;;
;;
si;;
M.;PER;
Eyssette;PER;
n';;
etait;;
pas;;
venu;;
nous;;
tirer;;
de;;
l;;
;;
je;;
crois;;
"
";;
que;;
nous;;
n';;
en;;
serions;;
jamais;;
sortis;;
.;;
Il;;
arriva;;
vers;;
nous;;
;;
a;;
tatons;;
;;
en;;
"
";;
criant;;
:;;
a;;
Qui;;
vivel;;
qui;;
viveln;;
A;;
ce;;
a;;
qui;;
viveln;;
bien;;
connu;;
;;
nous;;
repon-;;
"
";;
dimes;;
:;;
 ;;
amis.n;;
tous;;
les;;
quatre;;
a;;
la;;
fois;;
avec;;
un;;
bonheur;;
;;
un;;
soulage-;;
"
";;
ment;;
inexprimable;;
...;;
M.;PER;
Eyssette;PER;
nous;;
embrassa;;
lestement;;
;;
prit;;
mon;;
"
";;
frere;;
d';;
une;;
nain;;
;;
moi;;
de;;
l';;
autre;;
;;
dit;;
aux;;
femmes;;
:;;
Suivez;;
-0;;
moilo;;
et;;
"
";;
en;;
route;;
...;;
Ahl;;
c';;
etait;;
un;;
homme;;
.;;
"
";;
Nous;;
avancions;;
avec;;
peine;;
";";;
il;;
faisait;;
nuit;;
;;
le;;
pont;;
glissait;;
.;;
A;;
chaque;;
"
";;
pas;;
;;
on;;
se;;
heurtait;;
contre;;
des;;
caisses;;
...;;
Tout;;
a;;
coup;;
;;
du;;
bout;;
du;;
navire;;
;;
"
";;
une;;
voix;;
stridente;;
;;
eploree;;
;;
arrive;;
jusqu';;
a;;
nous;;
:;;
aRobinson;PER;
l;;
Robinsonl;PER;
"
";;
disait;;
la;;
voix;;
.;;
"
";;
-0;;
Ahl;;
mon;;
Dieul;MISC;
m';;
ecriai;;
-je;;
";";;
et;;
j';;
essayai;;
de;;
degager;;
ma;;
main;;
de;;
"
";;
celle;;
de;;
mon;;
pere;;
";";;
lui;;
croyant;;
que;;
j';;
avais;;
glisse;;
;;
me;;
serra;;
plus;;
fort;;
.;;
"
";;
La;;
voix;;
reprit;;
;;
plus;;
stridente;;
encore;;
;;
et;;
plus;;
eploree;;
:;;
 ;;
Robinsonl;PER;
"
";;
mon;;
pauvre;;
Robinsonl;PER;
e;;
fis;;
un;;
nouvel;;
effort;;
pour;;
degager;;
ma;;
main;;
.;;
"
 ";;
Mon;;
perroquet;;
;;
criai;;
-je;;
;;
mon;;
perroquet.n;;
"
";;
-0;;
Il;;
parle;;
donc;;
maintenant;;
dit;;
acques;PER;
.;;
"
";;
S';;
il;;
parlait;;
;;
je;;
crois;;
bien;;
";";;
on;;
l';;
entendait;;
d';;
une;;
lieue;;
.;;
Dans;;
monLES;;
BABAROTTES;;
"
";;
I3;;
"
";;
trouble;;
;;
je;;
l';;
avais;;
oublie;;
;;
la;;
-0;;
bas;;
;;
tout;;
au;;
bout;;
du;;
navire;;
;;
pres;;
de;;
l';;
ancre;;
;;
"
";;
et;;
c';;
est;;
de;;
la;;
qu';;
il;;
m';;
appelait;;
;;
en;;
criant;;
de;;
toutes;;
ses;;
forces;;
:;;
 ;;
Robinsonl;PER;
"
";;
Robinsonl;PER;
mon;;
pauvre;;
Robinsonln;PER;
"
";;
Malheureusement;;
nous;;
etions;;
loin;;
";";;
le;;
capitaine;;
criait;;
:;;
a;;
Depe-;;
"
";;
chons;;
-nous;;
.;;
"
";;
--;;
Nous;;
viendrons;;
le;;
chercher;;
demain;;
;;
dit;;
M.;PER;
Eyssette;PER;
";";;
sur;;
les;;
"
";;
bateaux;;
;;
rien;;
ne;;
s';;
egare;;
.;;
Et;;
la;;
-0;;
dessus;;
;;
malgre;;
mes;;
larmes;;
;;
il;;
m';;
entraina;;
.;;
"
";;
Pecairel;;
le;;
lendemain;;
on;;
l';;
envoya;;
chercher;;
et;;
on;;
ne;;
le;;
trouva;;
pas;;
...;;
"
";;
Jugez;;
de;;
mon;;
desespoir;;
:;;
plus;;
de;;
Vendredil;PER;
plus;;
de;;
perroquetl;;
"
";;
Robinson;;
n';;
etait;;
plus;;
possible;;
.;;
Le;;
moyen;;
;;
d';;
ailleurs;;
;;
avec;;
la;;
meilleure;;
"
";;
volonte;;
du;;
monde;;
;;
de;;
se;;
forger;;
une;;
fle;;
deserte;;
;;
a;;
un;;
quatrieme;;
etage;;
"
";;
dans;;
une;;
maison;;
sale;;
et;;
humide;;
;;
rue;LOC;loc.oro
Lanterne;LOC;loc.oro
?;;
"
";;
Ohl;;
l';;
horrible;;
maisonl;;
Je;;
la;;
verrai;;
toute;;
ma;;
vie;;
:;;
l';;
escalier;;
etait;;
"
";;
gluant;;
";";;
la;;
cour;;
ressemblait;;
a;;
un;;
puits;;
";";;
le;;
concierge;;
;;
un;;
cordonnier;;
;;
"
";;
avait;;
son;;
echope;;
contre;;
la;;
pompe;;
...;;
C';;
etait;;
hideux;;
.;;
"
";;
Le;;
soir;;
de;;
notre;;
arrivee;;
;;
la;PER;
vieille;PER;
Annou;PER;
;;
en;;
s';;
installant;;
dans;;
sa;;
"
";;
cuisine;;
;;
poussa;;
un;;
cri;;
de;;
detresse;;
:;;
"
";;
Les;;
babarottesl;;
les;;
babarottesl;;
"
";;
Nous;;
accourmes;;
.;;
Quel;;
spectaclel;;
...;;
La;;
cuisine;;
etait;;
pleine;;
de;;
"
";;
ces;;
vilaines;;
betes;;
";";;
il;;
y;;
en;;
avait;;
sur;;
la;;
credence;;
;;
au;;
long;;
des;;
murs;;
;;
dans;;
"
";;
les;;
tiroirs;;
;;
sur;;
la;;
cheminee;;
;;
dans;;
le;;
buffet;;
;;
partout;;
.;;
Sans;;
le;;
vouloir;;
;;
"
";;
on;;
en;;
ecrasait;;
.;;
Pouahl;;
Annou;PER;
en;;
avait;;
dejh;;
tue;;
beaucoup;;
";";;
mais;;
plus;;
"
";;
elle;;
en;;
tuait;;
;;
plus;;
il;;
en;;
venait;;
.;;
Elles;;
arrivaient;;
par;;
le;;
trou;;
de;;
l';;
evier;;
;;
"
";;
on;;
boucha;;
le;;
trou;;
de;;
l';;
evier;;
";";;
mais;;
le;;
lendemain;;
soir;;
elles;;
revinrent;;
"
";;
par;;
un;;
autre;;
endroit;;
;;
on;;
ne;;
sait;;
d';;
o.;;
Il;;
fallut;;
avoir;;
un;;
chat;;
expres;;
"
";;
pour;;
les;;
tuer;;
;;
et;;
toutes;;
les;;
nuits;;
c';;
etait;;
dans;;
la;;
cuisine;;
une;;
effroyable;;
"
";;
boucherie;;
.;;
"
";;
Les;;
babarottes;;
me;;
firent;;
hair;;
Lyon;LOC;loc.adm.town
des;;
le;;
premier;;
soir;;
.;;
Le;;
lende-;;
"
";;
main;;
;;
ce;;
fut;;
bien;;
pis;;
.;;
Il;;
fallait;;
prendre;;
des;;
habitudes;;
nouvelles;;
";";;
les;;
"
";;
heures;;
des;;
repas;;
etaient;;
changees;;
...;;
Les;;
pains;;
n';;
avaient;;
pas;;
la;;
meme;;
"
";;
forme;;
que;;
chez;;
nous;;
.;;
On;;
les;;
appelait;;
des;;
couronnes;;
n.;;
En;;
voila;;
un;;
"
";;
noml;;
"
";;
Chez;;
les;;
bouchers;;
;;
quand;;
la;PER;
vieille;PER;
Annou;PER;
demandait;;
une;;
carbonade;;
;;
"
";;
l';;
etalier;;
lui;;
riait;;
au;;
nez;;
";";;
il;;
ne;;
savait;;
pas;;
ce;;
que;;
c';;
etait;;
une;;
 ;;
carbonaden;;
"
";;
ce;;
sauvagel;;
...;;
Ahl;;
je;;
me;;
suis;;
bien;;
ennuye;;
.;;
"
";;
Le;;
dimanche;;
;;
pour;;
nous;;
egayer;;
un;;
peu;;
;;
nous;;
allions;;
nous;;
promener;;
"
";;
en;;
famille;;
sur;;
les;;
quais;;
du;;
Rhone;LOC;loc.phys.hydro
;;
avec;;
des;;
parapluies;;
.;;
Instinctivement;;
"
";;
nous;;
nous;;
dirigions;;
toujours;;
vers;;
le;;
Midi;LOC;loc.adm.reg
;;
du;;
c6te;;
de;;
Perrache;LOC;loc.adm.town
.;;
aIlLE;;
PETIT;;
CHOSE;;
"
";;
me;;
semble;;
que;;
cela;;
nous;;
rapproche;;
du;;
pays;;
;;
disait;;
ma;;
mere;;
;;
qui;;
"
";;
languissait;;
encore;;
plus;;
que;;
moi;;
...;;
Ces;;
promenades;;
de;;
famille;;
etaient;;
"
";;
lugubres;;
.;;
M.;PER;
Eyssette;PER;
grondait;;
;;
Jacques;PER;
pleurait;;
tout;;
le;;
temps;;
;;
moi;;
"
";;
je;;
me;;
tenais;;
toujours;;
derriere;;
";";;
je;;
ne;;
sais;;
pas;;
pourquoi;;
;;
j';;
avais;;
honte;;
"
";;
d';;
etre;;
dans;;
la;;
rue;;
;;
sans;;
doute;;
parce;;
que;;
nous;;
etions;;
pauvres;;
.;;
"
";;
Au;;
bout;;
d';;
un;;
mois;;
;;
la;PER;
vieille;PER;
Annou;PER;
tomba;;
malade;;
.;;
Les;;
brouillards;;
"
";;
la;;
tuaient;;
";";;
on;;
dut;;
la;;
renvoyer;;
dans;;
le;LOC;loc.adm.reg
Midi;LOC;loc.adm.reg
.;;
Cette;;
pauvre;;
fille;;
;;
qui;;
"
";;
aimait;;
ma;;
mere;;
a;;
la;;
passion;;
;;
ne;;
pouvait;;
pas;;
se;;
decider;;
a;;
nous;;
quitter;;
.;;
"
";;
Elle;;
suppliait;;
qu';;
on;;
la;;
gardat;;
;;
promettant;;
de;;
ne;;
pas;;
mourir;;
.;;
Il;;
fallut;;
"
";;
l';;
embarquer;;
de;;
force;;
.;;
Arrivee;;
dans;;
le;LOC;loc.adm.reg
Midi;LOC;loc.adm.reg
;;
elle;;
s';;
y;;
maria;;
de;;
desespoir;;
.;;
"
";;
Annou;PER;
partie;;
;;
on;;
ne;;
prit;;
pas;;
de;;
nouvelle;;
bonne;;
;;
ce;;
qui;;
me;;
parut;;
"
";;
le;;
comble;;
de;;
la;;
misere;;
...;;
La;;
femme;;
du;;
concierge;;
montait;;
faire;;
le;;
gros;;
"
";;
ouvrage;;
";";;
ma;;
mere;;
;;
au;;
feu;;
des;;
fourneaux;;
;;
calcinait;;
ses;;
belles;;
mains;;
"
";;
blanches;;
que;;
j';;
aimais;;
tant;;
a;;
embrasser;;
";";;
quant;;
aux;;
provisions;;
;;
c';;
est;;
"
";;
Iacques;PER;
qui;;
les;;
faisait;;
.;;
On;;
lui;;
mettait;;
un;;
grand;;
panier;;
sous;;
le;;
bras;;
;;
en;;
"
";;
lui;;
disant;;
:;;
 ;;
Tu;;
acheteras;;
gca;;
et;;
can;;
";";;
et;;
il;;
achetait;;
ca;;
et;;
ca;;
tres;;
bien;;
;;
"
";;
toujours;;
en;;
pleurant;;
;;
par;;
exemple;;
.;;
"
";;
Pauvre;;
Jacquesl;PER;
il;;
n';;
etait;;
pas;;
heureux;;
;;
lui;;
non;;
plus;;
.;;
M.;PER;
Eyssette;PER;
;;
"
";;
de;;
le;;
voir;;
eternellement;;
la;;
larme;;
h;;
l';;
eil;;
;;
avait;;
fini;;
par;;
le;;
prendre;;
en;;
"
";;
grippe;;
et;;
l';;
abreuvait;;
de;;
taloches;;
...;;
On;;
entendait;;
tout;;
le;;
jour;;
:;;
a;;
acques;PER;
"
";;
tu;;
es;;
un;;
butorl;;
acques;;
tu;;
es;;
un;;
anelo;;
Le;;
fait;;
est;;
que;;
;;
lorsque;;
son;;
"
";;
pere;;
etait;;
la;;
;;
le;;
malheureux;;
acques;PER;
perdait;;
tous;;
ses;;
moyens;;
.;;
Les;;
efforts;;
"
";;
qu';;
il;;
faisait;;
pour;;
retenir;;
ses;;
larmes;;
le;;
rendaient;;
laid;;
.;;
M.;PER;
Eyssette;PER;
lui;;
"
";;
portait;;
malheur;;
.;;
Ecoutez;;
la;;
scene;;
de;;
la;;
cruche;;
:;;
"
";;
Un;;
soir;;
;;
au;;
moment;;
de;;
se;;
mettre;;
a;;
table;;
;;
on;;
s';;
apercoit;;
qu';;
il;;
n';;
y;;
a;;
"
";;
plus;;
une;;
goutte;;
d';;
eau;;
dans;;
la;;
maison;;
.;;
"
";;
-0;;
Si;;
vous;;
voulez;;
;;
j';;
irai;;
en;;
chercher;;
;;
dit;;
ce;;
bon;;
enfant;;
de;;
Jacques;PER;
.;;
"
";;
Et;;
le;;
voila;;
qui;;
prend;;
la;;
cruche;;
;;
une;;
grosse;;
cruche;;
de;;
gres;;
.;;
"
";;
M.;PER;
Eyssette;PER;
hausse;;
les;;
epaules;;
:;;
"
";;
--;;
Si;;
c';;
est;;
Jacques;PER;
qui;;
y;;
va;;
;;
dit;;
-il;;
;;
la;;
cruche;;
est;;
cassee;;
;;
c';;
est;;
sr;;
.;;
"
";;
--;;
Tu;;
entends;;
;;
acques;PER;
;;
-0;;
c';;
est;;
Mme;PER;
Eyssette;PER;
qui;;
parle;;
avec;;
"
";;
sa;;
voix;;
tranquille;;
;;
-0;;
tu;;
entends;;
;;
ne;;
la;;
casse;;
pas;;
;;
fais;;
bien;;
attention;;
.;;
"
";;
M.;PER;
Eyssette;PER;
reprend;;
:;;
"
";;
-0;;
Ohl;;
tu;;
as;;
beau;;
lui;;
dire;;
de;;
ne;;
pas;;
la;;
casser;;
;;
il;;
la;;
cassera;;
tout;;
de;;
"
";;
meme;;
.;;
"
";;
Ici;;
;;
la;;
voix;;
eploree;;
de;;
Jacques;PER;
:;;
"
";;
-0;;
Mais;;
enfin;;
;;
pourquoi;;
voulez;;
-vous;;
que;;
je;;
la;;
casse?LES;;
BABAROTTES;;
"
";;
-0;;
Je;;
ne;;
vcux;;
pas;;
que;;
tu;;
la;;
casses;;
;;
je;;
te;;
dis;;
que;;
tu;;
la;;
casseras;;
;;
"
";;
repond;;
M.;PER;
Eyssette;PER;
;;
et;;
d';;
un;;
ton;;
qui;;
n';;
admet;;
pas;;
de;;
replique;;
.;;
"
";;
acques;PER;
ne;;
replique;;
pas;;
";";;
il;;
prend;;
la;;
cruche;;
d';;
une;;
main;;
fievreuse;;
"
";;
et;;
sort;;
brusquement;;
avec;;
l';;
air;;
de;;
dire;;
:;;
"
";;
-0;;
Ahl;;
je;;
la;;
casserai;;
Eh;;
bien;;
;;
nous;;
allons;;
voir;;
.;;
"
";;
Cinq;;
minutes;;
;;
dix;;
minutes;;
se;;
passent;;
";";;
Jacques;PER;
ne;;
revient;;
pas;;
.;;
"
";;
Mme;PER;
Eyssette;PER;
commence;;
a;;
se;;
tourmenter;;
.;;
"
";;
--;;
Pourvu;;
qu';;
il;;
ne;;
lui;;
soit;;
rien;;
arrivel;;
"
";;
--;;
Parbleul;;
que;;
veux;;
-0;;
tu;;
qu';;
il;;
lui;;
soit;;
arrive;;
?;;
dit;;
M.;PER;
Eyssette;PER;
d';;
un;;
"
";;
ton;;
bourru;;
.;;
Il;;
a;;
casse;;
la;;
cruche;;
et;;
n';;
ose;;
plus;;
rentrer;;
.;;
"
";;
Mais;;
tout;;
en;;
disant;;
cela;;
;;
-0;;
avec;;
son;;
air;;
bourru;;
;;
c';;
etait;;
le;;
meilleur;;
"
";;
homme;;
du;;
monde;;
;;
-0;;
il;;
se;;
leve;;
et;;
va;;
ouvrir;;
la;;
porte;;
pour;;
voir;;
un;;
peu;;
"
";;
ce;;
que;;
acques;;
etait;;
devenu;;
.;;
Il;;
n';;
a;;
pas;;
loin;;
a;;
aller;;
";";;
acques;;
est;;
debout;;
"
";;
sur;;
le;;
palier;;
;;
devant;;
la;;
porte;;
;;
les;;
mains;;
vides;;
;;
silencieux;;
;;
petrifie;;
.;;
En;;
"
";;
voyant;;
M.;PER;
Eyssette;PER;
;;
il;;
palit;;
;;
et;;
d';;
une;;
voix;;
navrante;;
et;;
faible;;
;;
ohl;;
si;;
"
";;
faible;;
:;;
e;;
l';;
ai;;
casseen;;
;;
dit;;
-il;;
...;;
Il;;
1'avait;;
casseel;;
...;;
"
";;
Dans;;
les;;
archives;;
de;;
la;;
maison;;
Eyssette;;
;;
nous;;
appelons;;
cela;;
la;;
"
";;
scene;;
de;;
la;;
cruche;;
.;;
"
";;
Il;;
y;;
avait;;
environ;;
deux;;
mois;;
que;;
nous;;
etions;;
a;;
Lyon;LOC;loc.adm.town
;;
lorsque;;
"
";;
nos;;
parents;;
songerent;;
a;;
nos;;
etudes;;
.;;
Mon;;
pere;;
aurait;;
bien;;
voulu;;
nous;;
"
";;
mettre;;
au;;
college;;
;;
mais;;
c';;
etait;;
trop;;
cher;;
.;;
 ;;
Si;;
nous;;
les;;
envoyions;;
"
";;
dans;;
une;;
manecanterie;;
dit;;
Me;PER;
Eyssette;PER;
";";;
il;;
parait;;
que;;
les;;
enfants;;
y;;
"
";;
sont;;
bien;;
;;
n;;
Cette;;
idee;;
sourit;;
a;;
mon;;
pere;;
;;
et;;
comme;;
Saint-Nizier;LOC;loc.fac
etait;;
"
";;
l';;
eglise;;
la;;
plus;;
proche;;
;;
on;;
nous;;
envoya;;
a;;
la;;
manecanterie;;
de;;
Saint-;;
"
";;
Nizier;;
.;;
"
";;
C';;
etait;;
tres;;
amusant;;
;;
la;;
manecanteriel;;
Au;;
lieu;;
de;;
nous;;
bourrer;;
la;;
"
";;
tete;;
de;;
grec;;
et;;
de;;
latin;;
comme;;
dans;;
les;;
autres;;
institutions;;
;;
on;;
nous;;
"
";;
apprenait;;
a;;
servir;;
la;;
messe;;
du;;
grand;;
et;;
du;;
petit;;
cOte;;
;;
 ;;
chanter;;
les;;
"
";;
antiennes;;
;;
a;;
faire;;
des;;
genuflexions;;
;;
a;;
encenser;;
elegamment;;
;;
ce;;
qui;;
est;;
"
";;
tres;;
difficile;;
.;;
Il;;
y;;
avait;;
bien;;
par;;
-0;;
ci;;
;;
par;;
-0;;
la;;
;;
quelques;;
heures;;
dans;;
le;;
"
";;
jour;;
consacrees;;
aux;;
declinaisons;;
et;;
a;;
l1'Epitome;;
;;
mais;;
ceci;;
n';;
etait;;
"
";;
qu';;
accessoire;;
.;;
Avant;;
tout;;
;;
nous;;
etions;;
lh;;
pour;;
le;;
service;;
de;;
l';;
eglise;;
.;;
"
";;
Au;;
moins;;
une;;
fois;;
par;;
semaine;;
;;
l';PER;
abbe;PER;
Micou;PER;
nous;;
disait;;
entre;;
deux;;
"
";;
prises;;
et;;
d';;
un;;
air;;
solennel;;
:;;
 ;;
Demain;;
;;
messieurs;;
;;
pas;;
de;;
classe;;
du;;
matinl;;
"
";;
Nous;;
sommes;;
d';;
enterrement;;
.;;
"
";;
Nous;;
etions;;
d';;
enterrement;;
.;;
Quel;;
bonheurl;;
Puis;;
c';;
etaient;;
des;;
"
";;
baptemes;;
;;
des;;
mariages;;
;;
une;;
visite;;
de;;
Monseigneur;PER;
;;
le;;
viatique;;
qu';;
on;;
"
";;
portait;;
a;;
un;;
malade;;
.;;
Ohl;;
le;;
viatiquel;;
comme;;
on;;
etait;;
fier;;
quand;;
onLE;PER;
PETIT;PER;
CHOSE;PER;
"
";;
pouvait;;
l';;
accompagner;;
l;;
...;;
Sous;;
un;;
petit;;
dais;;
de;;
velours;;
rouge;;
;;
marchait;;
"
";;
le;;
pretre;;
;;
portant;;
l';;
hostie;;
et;;
les;;
saintes;;
huiles;;
.;;
Deux;;
enfants;;
de;;
cheur;;
"
";;
soutenaient;;
le;;
dais;;
;;
deux;;
autres;;
l';;
escortaient;;
avec;;
de;;
gros;;
falots;;
dores;;
.;;
"
";;
Un;;
cinquieme;;
marchait;;
devant;;
;;
en;;
agitant;;
une;;
crecelle;;
.;;
D';;
ordinaire;;
;;
"
";;
c';;
etaient;;
mes;;
fonctions;;
...;;
Sur;;
le;;
passage;;
du;;
viatique;;
;;
les;;
hommes;;
se;;
"
";;
decouvraient;;
;;
les;;
femmes;;
se;;
signaient;;
.;;
Quand;;
on;;
passait;;
devant;;
un;;
"
";;
poste;;
;;
la;;
sentinelle;;
criait;;
:;;
 ;;
