Token;Label_Maj;Quaero_Maj
PREMIÈRE;;
PARTIE;;
.;;
"
";;
ENFANCE;;
DE;;
JEANNE;PER;
.;;
"
";;
La;PER;
mère;PER;
Nannette;PER;
.;;
"
";;
Il;;
y;;
avait;;
dans;;
un;;
bourg;;
du;;
département;LOC;loc.adm.reg
du;LOC;loc.adm.reg
Cher;LOC;loc.adm.reg
une;;
bonne;;
veuve;;
âgée;;
de;;
soixante;;
ans;;
;;
qu';;
on;;
appelait;;
la;PER;
mère;PER;
Nannette;PER;
.;;
Elle;;
possédait;;
une;;
petite;;
maison;;
avec;;
une;;
petite;;
chènevière;;
et;;
un;;
jardin;;
planté;;
de;;
pommiers;;
;;
de;;
pruniers;;
et;;
de;;
groseilliers;;
.;;
Du;;
côté;;
du;;
chemin;;
;;
un;;
gros;;
noyer;;
;;
qui;;
avait;;
plus;;
de;;
cent;;
ans;;
;;
ombrageait;;
le;;
devant;;
de;;
sa;;
porte;;
.;;
Quand;;
les;;
fleurs;;
de;;
cet;;
arbre;;
ne;;
gelaient;;
pas;;
au;;
printemps;;
;;
il;;
donnait;;
assez;;
de;;
noix;;
à;;
la;PER;
mère;PER;
Nannette;PER;
pour;;
qu';;
elle;;
eût;;
sa;;
provision;;
d';;
huile;;
l';;
année;;
suivante;;
.;;
"
";;
S';;
il;;
se;;
faisait;;
deux;;
bonnes;;
récoltes;;
de;;
suite;;
;;
elle;;
vendait;;
une;;
partie;;
des;;
noix;;
;;
ce;;
qui;;
lui;;
donnait;;
un;;
petit;;
profit;;
.;;
Quoiqu';;
elle;;
possédât;;
une;;
vigne;;
et;;
un;;
beau;;
morceau;;
de;;
terre;;
;;
elle;;
n';;
avait;;
que;;
bien;;
juste;;
ce;;
qu';;
il;;
lui;;
fallait;;
pour;;
vivre;;
.;;
"
";;
Elle;;
semait;;
du;;
froment;;
deux;;
années;;
de;;
suite;;
dans;;
son;;
champ;;
;;
qui;;
;;
la;;
troisième;;
;;
rapportait;;
alternativement;;
du;;
trèfle;;
et;;
des;;
pommes;;
de;;
terre;;
.;;
"
";;
Elle;;
récoltait;;
assez;;
de;;
blé;;
pour;;
se;;
nourrir;;
pendant;;
les;;
trois;;
ans;;
.;;
Mais;;
si;;
l';;
année;;
était;;
mauvaise;;
;;
la;PER;
mère;PER;
Nannette;PER;
vendait;;
la;;
pièce;;
de;;
toile;;
qu';;
elle;;
avait;;
fait;;
faire;;
avec;;
le;;
chanvre;;
amassé;;
et;;
filé;;
pendant;;
quatre;;
ans;;
.;;
L';;
argent;;
qu';;
elle;;
en;;
retirait;;
lui;;
servait;;
à;;
compléter;;
sa;;
provision;;
de;;
blé;;
";";;
et;;
;;
malgré;;
tout;;
cela;;
;;
elle;;
pâtissait;;
bien;;
un;;
peu;;
l';;
hiver;;
.;;
"
";;
Pour;;
que;;
la;;
terre;;
rapporte;;
chaque;;
année;;
sans;;
se;;
reposer;;
;;
il;;
faut;;
beaucoup;;
de;;
fumier;;
";";;
la;PER;
mère;PER;
Nannette;PER;
;;
qui;;
le;;
savait;;
bien;;
;;
avait;;
une;;
vache;;
et;;
une;;
chèvre;;
qu';;
elle;;
menait;;
paître;;
sur;;
les;;
communaux;;
et;;
le;;
long;;
des;;
haies;;
.;;
Avec;;
leur;;
lait;;
elle;;
faisait;;
du;;
beurre;;
et;;
des;;
fromages;;
;;
qu';;
elle;;
vendait;;
à;;
la;;
ville;;
voisine;;
.;;
Quand;;
ses;;
bêtes;;
étaient;;
rentrées;;
à;;
l';;
étable;;
;;
elle;;
allait;;
chercher;;
pour;;
elles;;
de;;
l';;
herbe;;
dans;;
les;;
champs;;
et;;
au;;
bord;;
des;;
ruisseaux;;
.;;
Comme;;
elle;;
les;;
tenait;;
bien;;
proprement;;
;;
elles;;
étaient;;
en;;
bon;;
état;;
.;;
L';;
hiver;;
;;
elles;;
mangeaient;;
ou;;
du;;
trèfle;;
qui;;
avait;;
été;;
rentré;;
bien;;
sec;;
;;
ou;;
du;;
regain;;
récolté;;
après;;
la;;
fauche;;
des;;
grands;;
foins;;
.;;
"
";;
La;PER;
mère;PER;
Nannette;PER;
vendait;;
son;;
vin;;
et;;
ne;;
buvait;;
que;;
sa;;
boisson;;
[;;
1;;
];;
";";;
mais;;
;;
comme;;
l';;
argent;;
qu';;
elle;;
tirait;;
de;;
son;;
vin;;
suffisait;;
bien;;
juste;;
;;
avec;;
celui;;
de;;
son;;
beurre;;
et;;
de;;
ses;;
fromages;;
;;
à;;
payer;;
l';;
impôt;;
et;;
les;;
façons;;
de;;
son;;
champ;;
et;;
de;;
sa;;
vigne;;
;;
et;;
qu';;
il;;
lui;;
fallait;;
encore;;
se;;
procurer;;
quelque;;
argent;;
pour;;
son;;
entretien;;
;;
elle;;
élevait;;
des;;
oisons;;
qu';;
elle;;
achetait;;
au;;
sortir;;
de;;
la;;
coque;;
.;;
Elle;;
se;;
donnait;;
beaucoup;;
de;;
mal;;
pour;;
appâter;;
ces;;
petites;;
bêtes;;
et;;
pour;;
les;;
garantir;;
du;;
froid;;
pendant;;
la;;
nuit;;
.;;
Ses;;
voisines;;
plumaient;;
leurs;;
oies;;
quatre;;
fois;;
avant;;
de;;
les;;
vendre;;
";";;
mais;;
la;PER;
mère;PER;
Nannette;PER;
disait;;
que;;
c';;
était;;
une;;
mauvaise;;
méthode;;
;;
parce;;
qu';;
ainsi;;
la;;
plume;;
n';;
avait;;
pas;;
le;;
temps;;
de;;
se;;
nourrir;;
;;
et;;
elle;;
ne;;
plumait;;
les;;
siennes;;
que;;
trois;;
fois;;
";";;
puis;;
elle;;
en;;
vendait;;
la;;
moitié;;
pour;;
la;MISC;
Toussaint;MISC;
et;;
l';;
autre;;
moitié;;
à;;
Noël;MISC;
.;;
"
";;
Tout;;
cela;;
ne;;
lui;;
rapportait;;
pas;;
une;;
grosse;;
somme;;
";";;
mais;;
elle;;
était;;
si;;
ménagère;;
qu';;
il;;
lui;;
restait;;
toujours;;
un;;
peu;;
d';;
argent;;
à;;
la;;
fin;;
de;;
l';;
année;;
.;;
"
";;
Pourtant;;
elle;;
ne;;
se;;
nourrissait;;
pas;;
trop;;
mal;;
;;
disant;;
qu';;
elle;;
aimait;;
mieux;;
donner;;
au;;
boucher;;
une;;
pièce;;
de;;
cinquante;;
centimes;;
toutes;;
les;;
semaines;;
;;
que;;
vingt-cinq;;
francs;;
par;;
an;;
au;;
médecin;;
et;;
au;;
pharmacien;;
.;;
"
";;
Catherine;PER;
et;;
Jeanne;PER;
.;;
"
";;
Un;;
matin;;
;;
la;PER;
mère;PER;
Nannette;PER;
;;
tricotant;;
devant;;
sa;;
porte;;
;;
vit;;
venir;;
à;;
elle;;
une;;
jeune;;
femme;;
qui;;
tenait;;
par;;
la;;
main;;
une;;
petite;;
fille;;
de;;
sept;;
à;;
huit;;
ans;;
et;;
qui;;
lui;;
demanda;;
un;;
morceau;;
de;;
pain;;
.;;
Comme;;
cette;;
femme;;
était;;
très;;
-0;;
pâle;;
et;;
avait;;
l';;
air;;
malade;;
;;
la;PER;
mère;PER;
Nannette;PER;
l';;
emmena;;
dans;;
sa;;
maison;;
et;;
la;;
fit;;
asseoir;;
.;;
Elle;;
ralluma;;
son;;
feu;;
;;
fit;;
réchauffer;;
un;;
reste;;
de;;
soupe;;
qu';;
elle;;
avait;;
gardé;;
pour;;
son;;
repas;;
du;;
soir;;
et;;
le;;
donna;;
aux;;
deux;;
mendiantes;;
.;;
L';;
enfant;;
mangea;;
de;;
si;;
bon;;
cœur;;
;;
que;;
la;PER;
mère;PER;
Nannette;PER;
vit;;
bien;;
que;;
cette;;
petite;;
fille;;
n';;
avait;;
pas;;
souvent;;
si;;
bonne;;
chance;;
.;;
Ensuite;;
elle;;
leur;;
versa;;
un;;
verre;;
de;;
boisson;;
à;;
chacune;;
;;
et;;
dit;;
à;;
la;;
pauvre;;
femme;;
:;;
"
";;
«;;
Mon;;
Dieu;MISC;
!;;
il;;
faut;;
qu';;
il;;
vous;;
soit;;
arrivé;;
un;;
bien;;
grand;;
malheur;;
;;
pour;;
qu';;
une;;
femme;;
;;
aussi;;
jeune;;
que;;
vous;;
;;
ait;;
pu;;
se;;
décider;;
à;;
demander;;
son;;
pain;;
!;;
"
";;
—;;
Oh;;
!;;
oui;;
;;
un;;
bien;;
grand;;
malheur;;
;;
ma;;
chère;;
femme;;
.;;
Il;;
faut;;
se;;
trouver;;
dépourvue;;
de;;
toute;;
ressource;;
pour;;
se;;
résoudre;;
à;;
en;;
venir;;
là;;
.;;
J';;
ai;;
bien;;
souffert;;
de;;
la;;
faim;;
avant;;
de;;
pouvoir;;
me;;
décider;;
à;;
tendre;;
la;;
main;;
";";;
je;;
crois;;
que;;
je;;
me;;
serais;;
plutôt;;
laissé;;
mourir;;
;;
si;;
je;;
n';;
avais;;
la;;
crainte;;
de;;
Dieu;;
et;;
si;;
je;;
n';;
aimais;;
tant;;
cette;;
pauvre;;
innocente;;
que;;
voilà;;
;;
et;;
qui;;
serait;;
morte;;
aussi;;
.;;
Quand;;
il;;
m';;
en;;
coûte;;
trop;;
pour;;
aller;;
demander;;
;;
je;;
la;;
regarde;;
et;;
je;;
reprends;;
courage;;
.;;
C';;
est;;
bien;;
triste;;
;;
allez;;
;;
ma;;
chère;;
femme;;
;;
quand;;
on;;
a;;
du;;
cœur;;
;;
de;;
vivre;;
en;;
ne;;
faisant;;
rien;;
;;
aux;;
dépens;;
de;;
ceux;;
qui;;
travaillent;;
!;;
mais;;
je;;
ne;;
peux;;
pas;;
faire;;
autrement;;
.;;
"
";;
—;;
Pourquoi;;
donc;;
?;;
dit;;
la;PER;
mère;PER;
Nannette;PER;
.;;
Contez;;
-moi;;
ça;;
.;;
»;;
"
";;
La;;
pauvre;;
femme;;
dit;;
à;;
la;PER;
mère;PER;
Nannette;PER;
:;;
"
";;
«;;
Je;;
suis;;
du;;
village;;
qui;;
est;;
auprès;;
du;;
Cher;LOC;loc.phys.hydro
;;
à;;
trois;;
lieues;;
d';;
ici;;
.;;
Il;;
y;;
a;;
deux;;
mois;;
;;
j';;
ai;;
perdu;;
mon;;
mari;;
à;;
la;;
suite;;
d';;
une;;
grosse;;
maladie;;
qui;;
l';;
a;;
retenu;;
au;;
lit;;
pendant;;
bien;;
longtemps;;
.;;
J';;
ai;;
vendu;;
tout;;
ce;;
que;;
j';;
avais;;
afin;;
de;;
pouvoir;;
le;;
soigner;;
.;;
Quand;;
il;;
n';;
y;;
a;;
plus;;
rien;;
eu;;
à;;
la;;
maison;;
que;;
le;;
lit;;
sur;;
lequel;;
il;;
était;;
couché;;
;;
il;;
a;;
bien;;
fallu;;
s';;
endetter;;
.;;
Après;;
sa;;
mort;;
;;
on;;
a;;
vendu;;
la;;
maison;;
;;
le;;
jardin;;
;;
la;LOC;loc.adm.town
chènevière;LOC;loc.adm.town
;;
enfin;;
tout;;
;;
pour;;
payer;;
le;;
médecin;;
et;;
les;;
autres;;
;;
et;;
je;;
ne;;
sais;;
plus;;
où;;
me;;
retirer;;
.;;
On;;
ne;;
veut;;
pas;;
me;;
louer;;
;;
même;;
une;;
petite;;
chambre;;
;;
parce;;
que;;
je;;
n';;
ai;;
pas;;
de;;
mobilier;;
pour;;
répondre;;
du;;
loyer;;
.;;
Je;;
couche;;
avec;;
ma;;
petite;PER;
Jeanne;PER;
dans;;
les;;
granges;;
;;
quand;;
on;;
veut;;
bien;;
m';;
y;;
souffrir;;
;;
ou;;
bien;;
sur;;
les;;
tas;;
de;;
chaume;;
.;;
C';;
est;;
bon;;
à;;
présent;;
qu';;
il;;
fait;;
chaud;;
";";;
mais;;
plus;;
tard;;
;;
comment;;
faire;;
avec;;
cette;;
enfant;;
;;
moi;;
à;;
qui;;
les;;
médecins;;
ont;;
défendu;;
de;;
sortir;;
pendant;;
tout;;
l';;
hiver;;
?;;
»;;
"
";;
Et;;
la;;
pauvre;;
malheureuse;;
se;;
mit;;
à;;
pleurer;;
.;;
Sa;;
petite;;
fille;;
pleura;;
aussi;;
en;;
l';;
embrassant;;
.;;
Elle;;
avait;;
l';;
air;;
si;;
doux;;
et;;
si;;
aimable;;
;;
cette;;
petite;;
;;
que;;
la;PER;
mère;PER;
Nannette;PER;
sentit;;
fondre;;
son;;
cœur;;
en;;
pensant;;
à;;
la;;
misère;;
qu';;
elle;;
endurerait;;
quand;;
l';;
hiver;;
serait;;
venu;;
.;;
Aussitôt;;
il;;
lui;;
vint;;
dans;;
l';;
idée;;
de;;
faire;;
une;;
bonne;;
action;;
.;;
"
";;
La;PER;
mère;PER;
Nannette;PER;
donne;;
asile;;
à;;
Catherine;PER;
.;;
"
";;
«;;
Comment;;
vous;;
appelez;;
-vous;;
donc;;
?;;
demanda;;
la;PER;
mère;PER;
Nannette;PER;
.;;
"
";;
—;;
On;;
m';;
appelle;;
Catherine;PER;
Leblanc;PER;
.;;
"
";;
—;;
Eh;;
bien;;
!;;
Catherine;PER;
;;
j';;
ai;;
là;;
un;;
vieux;;
lit;;
;;
une;;
paillasse;;
et;;
une;;
couverture;;
";";;
si;;
vous;;
voulez;;
rester;;
ici;;
;;
je;;
vous;;
logerai;;
de;;
bien;;
bon;;
cœur;;
et;;
je;;
vous;;
soignerai;;
de;;
mon;;
mieux;;
;;
ainsi;;
que;;
votre;;
petite;;
";";;
j';;
aime;;
beaucoup;;
les;;
enfants;;
";";;
j';;
en;;
ai;;
eu;;
quatre;;
;;
que;;
le;;
bon;;
Dieu;MISC;
m';;
a;;
retirés;;
;;
et;;
je;;
suis;;
bien;;
seule;;
au;;
monde;;
.;;
"
";;
—;;
Grand;;
merci;;
!;;
ma;;
brave;;
femme;;
";";;
vous;;
me;;
rendrez;;
là;;
un;;
service;;
qui;;
nous;;
sauvera;;
la;;
vie;;
à;;
moi;;
et;;
à;;
mon;;
enfant;;
.;;
J';;
ai;;
encore;;
mon;;
lit;;
;;
avec;;
un;;
coffre;;
et;;
une;;
petite;;
chaise;;
.;;
Maître;PER;
Guillaume;PER;
;;
le;;
cousin;;
de;;
feu;;
mon;;
pauvre;;
homme;;
;;
me;;
les;;
garde;;
dans;;
sa;;
grange;;
";";;
il;;
me;;
les;;
apportera;;
bien;;
dimanche;;
.;;
Si;;
vous;;
me;;
logez;;
avec;;
mon;;
chétif;;
mobilier;;
;;
je;;
vous;;
donnerai;;
les;;
sous;;
que;;
je;;
ramasserai;;
en;;
allant;;
aux;;
portes;;
.;;
"
";;
—;;
Je;;
ne;;
vous;;
demande;;
rien;;
;;
Catherine;PER;
";";;
j';;
aime;;
déjà;;
votre;;
petite;PER;
Jeanne;PER;
et;;
j';;
en;;
aurai;;
bien;;
soin;;
.;;
Dieu;MISC;
veut;;
que;;
nous;;
fassions;;
aux;;
autres;;
ce;;
que;;
nous;;
voudrions;;
que;;
les;;
autres;;
fissent;;
pour;;
nous;;
";";;
et;;
si;;
j';;
étais;;
dans;;
votre;;
position;;
;;
je;;
serais;;
bien;;
heureuse;;
de;;
trouver;;
quelqu';;
un;;
qui;;
voulût;;
me;;
recevoir;;
dans;;
sa;;
maison;;
.;;
»;;
"
";;
Catherine;PER;
était;;
bien;;
contente;;
;;
et;;
sa;;
petite;;
fille;;
lui;;
sauta;;
au;;
cou;;
.;;
"
";;
«;;
Maman;PER;
!;;
il;;
ne;;
faut;;
plus;;
pleurer;;
;;
»;;
lui;;
dit;;
-elle;;
.;;
"
";;
Puis;;
;;
se;;
tournant;;
du;;
côté;;
de;;
la;PER;
mère;PER;
Nannette;PER;
;;
elle;;
dit;;
en;;
baissant;;
la;;
tête;;
:;;
"
";;
«;;
Je;;
voudrais;;
bien;;
vous;;
embrasser;;
aussi;;
.;;
»;;
"
";;
La;PER;
mère;PER;
Nannette;PER;
la;;
prit;;
sur;;
ses;;
genoux;;
et;;
l';;
embrassa;;
de;;
bon;;
cœur;;
.;;
"
";;
Catherine;PER;
et;;
Jeanne;PER;
trouvent;;
un;;
bracelet;;
.;;
"
";;
Après;;
que;;
la;;
mère;;
et;;
la;;
fille;;
se;;
furent;;
reposées;;
;;
elles;;
se;;
remirent;;
en;;
chemin;;
pour;;
aller;;
chercher;;
leur;;
pain;;
dans;;
la;;
campagne;;
;;
en;;
disant;;
qu';;
elles;;
reviendraient;;
le;;
soir;;
.;;
Comme;;
on;;
était;;
dans;;
la;;
saison;;
des;;
prunes;;
et;;
des;;
groseilles;;
;;
la;PER;
mère;PER;
Nannette;PER;
en;;
alla;;
cueillir;;
au;;
jardin;;
et;;
les;;
mit;;
dans;;
le;;
bissac;;
de;;
Jeanne;PER;
;;
pour;;
qu';;
elle;;
pût;;
se;;
rafraîchir;;
quand;;
elle;;
aurait;;
trop;;
chaud;;
.;;
"
";;
Comme;;
elles;;
traversaient;;
la;;
grande;;
route;LOC;loc.oro
pour;;
revenir;;
chez;;
la;PER;
mère;PER;
Nannette;PER;
;;
après;;
avoir;;
achevé;;
leur;;
tournée;;
;;
la;PER;
petite;PER;
Jeanne;PER;
vit;;
briller;;
un;;
objet;;
au;;
soleil;;
";";;
elle;;
courut;;
le;;
ramasser;;
et;;
l';;
apporta;;
joyeusement;;
à;;
sa;;
mère;;
.;;
"
";;
«;;
Voyez;;
donc;;
;;
maman;PER;
;;
le;;
joli;;
collier;;
que;;
j';;
ai;;
trouvé;;
";";;
je;;
le;;
mettrai;;
dimanche;;
à;;
mon;;
cou;;
.;;
"
";;
—;;
Ma;;
fille;;
;;
ceci;;
est;;
un;;
bijou;;
qui;;
se;;
porte;;
autour;;
du;;
bras;;
et;;
qu';;
on;;
appelle;;
bracelet;;
.;;
Il;;
n';;
est;;
pas;;
à;;
nous;;
;;
et;;
nous;;
ne;;
pouvons;;
pas;;
le;;
garder;;
.;;
"
";;
—;;
Pourquoi;;
donc;;
;;
maman;;
?;;
Puisque;;
je;;
l';;
ai;;
trouvé;;
;;
c';;
est;;
bien;;
à;;
nous;;
.;;
"
";;
—;;
Non;;
;;
ma;;
fille;;
";";;
ce;;
qu';;
on;;
trouve;;
ne;;
nous;;
appartient;;
pas;;
";";;
il;;
y;;
a;;
toujours;;
quelqu';;
un;;
qui;;
l';;
a;;
perdu;;
.;;
"
";;
—;;
Mais;;
;;
maman;;
;;
si;;
personne;;
ne;;
l';;
a;;
perdu;;
?;;
"
";;
—;;
Ce;;
n';;
est;;
pas;;
possible;;
;;
mon;;
enfant;;
:;;
les;;
bijoux;;
ne;;
poussent;;
pas;;
comme;;
l';;
herbe;;
dans;;
les;;
champs;;
.;;
"
";;
—;;
Et;;
si;;
personne;;
ne;;
le;;
redemande;;
?;;
"
";;
—;;
Ça;;
ne;;
doit;;
pas;;
nous;;
empêcher;;
de;;
chercher;;
à;;
qui;;
ce;;
bracelet;;
peut;;
appartenir;;
";";;
nous;;
nous;;
en;;
informerons;;
dans;;
tout;;
le;;
pays;;
.;;
"
";;
—;;
Et;;
s';;
il;;
n';;
est;;
à;;
personne;;
?;;
"
";;
—;;
Eh;;
bien;;
;;
nous;;
le;;
garderons;;
soigneusement;;
;;
et;;
l';;
on;;
finira;;
par;;
venir;;
le;;
réclamer;;
.;;
»;;
"
";;
Jeanne;PER;
ne;;
paraissant;;
pas;;
très;;
-0;;
contente;;
;;
sa;;
mère;;
lui;;
dit;;
:;;
«;;
Écoute;;
-moi;;
;;
ma;;
Jeanne;PER;
:;;
si;;
tu;;
avais;;
perdu;;
ton;;
bissac;;
en;;
chemin;;
;;
ne;;
serais;;
-0;;
tu;;
pas;;
contente;;
qu';;
on;;
te;;
le;;
rendît;;
?;;
"
";;
—;;
Oui;;
;;
maman;PER;
;;
car;;
il;;
m';;
est;;
bien;;
utile;;
pour;;
mettre;;
le;;
pain;;
qu';;
on;;
me;;
donne;;
.;;
"
";;
—;;
Eh;;
bien;;
!;;
la;;
dame;;
qui;;
a;;
perdu;;
ce;;
joyau;;
en;;
est;;
en;;
peine;;
";";;
elle;;
le;;
regrette;;
comme;;
tu;;
regretterais;;
ton;;
bissac;;
.;;
Dès;;
que;;
nous;;
saurons;;
où;;
elle;;
demeure;;
;;
nous;;
le;;
lui;;
reporterons;;
.;;
»;;
"
";;
Quand;;
elles;;
furent;;
rentrées;;
chez;;
la;PER;
mère;PER;
Nannette;PER;
;;
elles;;
lui;;
montrèrent;;
ce;;
qu';;
elles;;
avaient;;
trouvé;;
et;;
lui;;
demandèrent;;
si;;
elle;;
savait;;
qui;;
pouvait;;
avoir;;
perdu;;
un;;
si;;
beau;;
bijou;;
.;;
"
";;
«;;
Ce;;
ne;;
peut;;
être;;
que;;
Mme;PER;
Dumont;PER;
";";;
il;;
n';;
y;;
a;;
qu';;
elle;;
dans;;
le;;
pays;;
qui;;
porte;;
des;;
choses;;
pareilles;;
.;;
Elle;;
demeure;;
dans;;
le;;
voisinage;;
;;
derrière;;
les;;
beaux;;
arbres;;
que;;
l';;
on;;
voit;;
d';;
ici;;
.;;
Il;;
faut;;
aller;;
le;;
lui;;
reporter;;
tout;;
de;;
suite;;
;;
si;;
vous;;
n';;
êtes;;
point;;
trop;;
lasses;;
";";;
suis;;
sûre;;
qu';;
elle;;
en;;
est;;
fort;;
inquiète;;
.;;
"
";;
—;;
Je;;
suis;;
trop;;
fatiguée;;
pour;;
marcher;;
encore;;
";";;
mais;;
demain;;
matin;;
j';;
irai;;
chez;;
cette;;
dame;;
avec;;
Jeanne;PER;
;;
et;;
je;;
lui;;
rendrai;;
ce;;
qui;;
est;;
à;;
elle;;
.;;
Comme;;
on;;
nous;;
a;;
beaucoup;;
donné;;
aujourd'hui;;
et;;
que;;
je;;
suis;;
très;;
-0;;
lasse;;
;;
je;;
me;;
reposerai;;
demain;;
toute;;
la;;
journée;;
;;
pour;;
avoir;;
la;;
force;;
d';;
aller;;
samedi;;
dans;;
notre;;
village;;
;;
prier;;
maître;PER;
Guillaume;PER;
de;;
m';;
apporter;;
mon;;
lit;;
.;;
»;;
"
";;
Catherine;PER;
et;;
sa;;
fille;;
rapportent;;
le;;
bracelet;;
.;;
"
";;
Le;;
lendemain;;
matin;;
;;
Catherine;PER;
peigna;;
les;;
grands;;
cheveux;;
noirs;;
de;;
sa;;
petite;;
fille;;
avec;;
encore;;
plus;;
de;;
soin;;
qu';;
à;;
l';;
ordinaire;;
";";;
elle;;
lui;;
lava;;
le;;
visage;;
et;;
les;;
mains;;
;;
l';;
habilla;;
le;;
plus;;
proprement;;
qu';;
elle;;
le;;
put;;
;;
et;;
elles;;
partirent;;
pour;;
aller;;
chez;;
Mme;PER;
Dumont;PER;
.;;
"
";;
Elles;;
arrivèrent;;
devant;;
une;;
grille;;
qui;;
servait;;
de;;
porte;;
à;;
un;;
beau;;
jardin;;
";";;
mais;;
;;
comme;;
il;;
n';;
y;;
avait;;
personne;;
;;
Catherine;PER;
suivit;;
le;;
mur;;
et;;
vit;;
une;;
grande;;
porte;;
qui;;
donnait;;
dans;;
la;;
cour;;
et;;
qui;;
était;;
ouverte;;
.;;
Une;;
servante;;
;;
qui;;
l';;
aperçut;;
;;
lui;;
apporta;;
un;;
morceau;;
de;;
pain;;
et;;
deux;;
sous;;
.;;
"
";;
«;;
Merci;;
;;
mademoiselle;;
;;
dit;;
Catherine;PER;
";";;
mais;;
je;;
voudrais;;
parler;;
à;;
votre;;
dame;;
.;;
"
";;
—;;
Ma;;
pauvre;;
femme;;
;;
on;;
ne;;
peut;;
guère;;
la;;
voir;;
à;;
cette;;
heure;;
-0;;
ci;;
.;;
"
";;
—;;
Eh;;
bien;;
!;;
voulez;;
-vous;;
lui;;
demander;;
si;;
c';;
est;;
elle;;
qui;;
a;;
perdu;;
ce;;
que;;
j';;
ai;;
trouvé;;
hier;;
sur;;
la;;
grande;;
route;;
?;;
»;;
"
";;
Et;;
elle;;
montra;;
le;;
bijou;;
;;
qu';;
elle;;
avait;;
enveloppé;;
d';;
un;;
chiffon;;
bien;;
blanc;;
.;;
"
";;
«;;
Justement;;
!;;
c';;
est;;
le;;
bracelet;;
que;;
madame;;
a;;
perdu;;
hier;;
en;;
se;;
promenant;;
avec;;
les;;
enfants;;
!;;
Elle;;
va;;
être;;
bien;;
contente;;
de;;
le;;
retrouver;;
";";;
car;;
nous;;
l';;
avons;;
cherché;;
jusqu';;
à;;
la;;
nuit;;
.;;
Je;;
vais;;
le;;
lui;;
porter;;
:;;
en;;
attendant;;
;;
ma;;
brave;;
femme;;
;;
asseyez;;
-vous;;
sur;;
le;;
banc;;
.;;
Petite;;
;;
viens;;
avec;;
moi;;
;;
tu;;
rendras;;
toi;;
-0;;
même;;
le;;
bracelet;;
à;;
madame;;
.;;
»;;
"
";;
La;PER;
petite;PER;
Jeanne;PER;
regarda;;
sa;;
mère;;
;;
qui;;
lui;;
dit;;
:;;
"
";;
«;;
Va;;
;;
ma;;
fille;;
;;
et;;
sois;;
bien;;
honnête;;
.;;
»;;
"
";;
Madame;PER;
Dumont;PER;
.;;
"
";;
La;;
servante;;
prit;;
Jeanne;PER;
par;;
la;;
main;;
et;;
la;;
fit;;
entrer;;
dans;;
la;;
maison;;
.;;
"
";;
Elles;;
montèrent;;
un;;
grand;;
escalier;;
et;;
traversèrent;;
une;;
chambre;;
pleine;;
de;;
beaux;;
meubles;;
.;;
Jeanne;PER;
ouvrait;;
de;;
grands;;
yeux;;
;;
car;;
elle;;
n';;
avait;;
jamais;;
rien;;
vu;;
de;;
semblable;;
.;;
Elles;;
entrèrent;;
dans;;
une;;
autre;;
chambre;;
où;;
il;;
y;;
avait;;
deux;;
lits;;
tout;;
blancs;;
.;;
Mme;PER;
Dumont;PER;
était;;
occupée;;
à;;
peigner;;
les;;
cheveux;;
blonds;;
d';;
une;;
petite;;
demoiselle;;
qui;;
était;;
de;;
l';;
âge;;
de;;
Jeanne;PER;
;;
et;;
qui;;
se;;
mit;;
à;;
dire;;
:;;
"
";;
«;;
Ah;;
!;;
maman;;
;;
la;;
jolie;;
petite;;
fille;;
";";;
voyez;;
donc;;
!;;
»;;
"
";;
Mme;PER;
Dumont;PER;
leva;;
les;;
yeux;;
;;
et;;
sa;;
servante;;
lui;;
dit;;
:;;
"
";;
«;;
Cette;;
enfant;;
a;;
trouvé;;
le;;
bracelet;;
de;;
madame;;
et;;
vient;;
le;;
lui;;
rapporter;;
.;;
"
";;
Allons;;
;;
petite;;
;;
avance;;
donc;;
";";;
madame;;
est;;
bien;;
bonne;;
";";;
n';;
aie;;
pas;;
peur;;
!;;
»;;
"
";;
Jeanne;PER;
se;;
laissa;;
mener;;
par;;
la;;
servante;;
en;;
tenant;;
la;;
tête;;
baissée;;
et;;
sans;;
oser;;
seulement;;
lever;;
les;;
yeux;;
.;;
"
";;
La;;
dame;;
lui;;
dit;;
:;;
"
";;
«;;
Tu;;
ne;;
sais;;
pas;;
tout;;
le;;
plaisir;;
que;;
tu;;
me;;
fais;;
;;
mon;;
enfant;;
;;
en;;
me;;
rapportant;;
ce;;
bracelet;;
.;;
Qui;;
es;;
-0;;
tu;;
donc;;
?;;
»;;
"
";;
Comme;;
Jeanne;PER;
ne;;
disait;;
rien;;
;;
la;;
servante;;
répondit;;
pour;;
elle;;
:;;
"
";;
«;;
Madame;;
;;
sa;;
mère;;
est;;
en;;
bas;;
à;;
la;;
porte;;
";";;
c';;
est;;
une;;
pauvre;;
femme;;
qui;;
demande;;
son;;
pain;;
.;;
"
";;
—;;
Je;;
descendrai;;
la;;
voir;;
aussitôt;;
que;;
j';;
aurai;;
relevé;;
les;;
cheveux;;
d';;
Isaure;PER;
.;;
"
";;
—;;
Madeleine;PER;
;;
s';;
écria;;
la;;
petite;;
demoiselle;;
blonde;;
;;
j';;
espère;;
que;;
tu;;
ne;;
diras;;
plus;;
que;;
le;;
vendredi;;
est;;
un;;
jour;;
de;;
malheur;;
:;;
tu;;
vois;;
bien;;
que;;
l';;
on;;
peut;;
être;;
heureux;;
ce;;
jour;;
-là;;
tout;;
comme;;
un;;
autre;;
.;;
"
";;
—;;
Et;;
je;;
ne;;
veux;;
pas;;
qu';;
il;;
n';;
y;;
ait;;
de;;
bonheur;;
que;;
pour;;
moi;;
aujourd'hui;;
;;
ajouta;;
Mme;PER;
Dumont;PER;
";";;
cette;;
pauvre;;
femme;;
sera;;
bien;;
récompensée;;
.;;
»;;
"
";;
Mme;PER;
Dumont;PER;
descendit;;
alors;;
;;
suivie;;
d';;
Isaure;PER;
et;;
de;;
la;;
servante;;
;;
qui;;
tenait;;
toujours;;
Jeanne;PER;
par;;
la;;
main;;
.;;
Quand;;
elle;;
fut;;
arrivée;;
au;;
bas;;
de;;
l';;
escalier;;
;;
elle;;
appela;;
Catherine;PER;
;;
et;;
;;
la;;
voyant;;
si;;
pâle;;
;;
elle;;
la;;
fit;;
asseoir;;
.;;
"
";;
«;;
Où;;
avez;;
-vous;;
donc;;
trouvé;;
mon;;
bracelet;;
?;;
"
";;
—;;
Madame;;
;;
c';;
est;;
Jeanne;PER;
;;
ma;;
petite;;
fille;;
;;
qui;;
l';;
a;;
vu;;
reluire;;
au;;
soleil;;
et;;
qui;;
l';;
a;;
ramassé;;
au;;
bord;;
du;;
fossé;;
sur;;
la;;
route;;
.;;
"
";;
—;;
Je;;
vous;;
remercie;;
de;;
me;;
l';;
avoir;;
rapporté;;
;;
et;;
voici;;
quinze;;
francs;;
pour;;
vous;;
récompenser;;
de;;
votre;;
probité;;
.;;
"
";;
—;;
Oh;;
!;;
merci;;
;;
madame;;
:;;
je;;
n';;
ai;;
fait;;
que;;
mon;;
devoir;;
en;;
vous;;
rendant;;
ce;;
qui;;
vous;;
appartient;;
";";;
je;;
ne;;
dois;;
pas;;
en;;
être;;
récompensée;;
.;;
"
";;
—;;
Eh;;
bien;;
!;;
comme;;
vous;;
m';;
avez;;
fait;;
un;;
grand;;
plaisir;;
;;
je;;
veux;;
vous;;
en;;
faire;;
un;;
aussi;;
:;;
prenez;;
donc;;
cet;;
argent;;
.;;
"
";;
—;;
Que;;
Dieu;;
vous;;
bénisse;;
;;
madame;;
;;
pour;;
le;;
bien;;
que;;
vous;;
me;;
faites;;
!;;
"
";;
—;;
Mais;;
;;
dites;;
-moi;;
:;;
il;;
me;;
semble;;
que;;
je;;
ne;;
vous;;
ai;;
jamais;;
vue;;
dans;;
ce;;
pays;;
-0;;
ci;;
?;;
Pourquoi;;
mendiez;;
-vous;;
donc;;
;;
étant;;
encore;;
dans;;
la;;
force;;
de;;
l';;
âge;;
?;;
"
";;
—;;
C';;
est;;
que;;
;;
madame;;
;;
j';;
y;;
suis;;
forcée;;
par;;
ma;;
grande;;
misère;;
.;;
»;;
"
";;
Alors;;
elle;;
raconta;;
son;;
malheur;;
et;;
la;;
charité;;
de;;
la;PER;
mère;PER;
Nannette;PER;
.;;
"
";;
«;;
Catherine;PER;
;;
vous;;
enverrez;;
votre;;
petite;;
fille;;
ici;;
tous;;
les;;
vendredis;;
;;
et;;
je;;
lui;;
donnerai;;
une;;
pièce;;
du;;
cinquante;;
centimes;;
.;;
"
";;
—;;
Que;;
Dieu;;
vous;;
récompense;;
;;
madame;;
!;;
»;;
"
";;
Et;;
Catherine;PER;
;;
ayant;;
pris;;
sa;;
fille;;
par;;
la;;
main;;
;;
sortit;;
pour;;
retourner;;
chez;;
la;PER;
mère;PER;
Nannette;PER;
.;;
"
";;
En;;
entrant;;
;;
elle;;
lui;;
présenta;;
les;;
trois;;
pièces;;
de;;
cinq;;
francs;;
qu';;
on;;
lui;;
avait;;
données;;
:;;
"
";;
«;;
Prenez;;
-0;;
les;;
;;
mère;PER;
Nannette;PER;
";";;
ça;;
vous;;
dédommagera;;
un;;
peu;;
";";;
car;;
il;;
n';;
est;;
pas;;
juste;;
que;;
vous;;
me;;
logiez;;
pour;;
rien;;
si;;
je;;
puis;;
vous;;
donner;;
quelque;;
chose;;
.;;
"
";;
—;;
Vous;;
savez;;
bien;;
;;
Catherine;PER;
;;
que;;
je;;
ne;;
veux;;
rien;;
accepter;;
pour;;
cela;;
";";;
ce;;
n';;
est;;
pas;;
une;;
grande;;
gêne;;
pour;;
moi;;
de;;
vous;;
avoir;;
dans;;
ma;;
maison;;
;;
qui;;
peut;;
nous;;
loger;;
toutes;;
les;;
deux;;
";";;
mon;;
feu;;
peut;;
faire;;
bouillir;;
votre;;
pot;;
en;;
même;;
temps;;
que;;
le;;
mien;;
.;;
Mais;;
donnez;;
-moi;;
votre;;
argent;;
";";;
je;;
vous;;
le;;
garderai;;
pour;;
acheter;;
ce;;
qui;;
vous;;
sera;;
nécessaire;;
.;;
»;;
"
";;
Catherine;PER;
va;;
dans;;
son;;
village;;
.;;
"
";;
Après;;
s';;
être;;
reposée;;
tout;;
le;;
reste;;
de;;
la;;
journée;;
;;
Catherine;PER;
se;;
coucha;;
de;;
bonne;;
heure;;
.;;
Le;;
lendemain;;
elle;;
éveilla;;
Jeanne;PER;
de;;
bon;;
matin;;
";";;
elle;;
l';;
habilla;;
et;;
lui;;
lava;;
les;;
mains;;
et;;
le;;
visage;;
";";;
puis;;
;;
après;;
lui;;
avoir;;
fait;;
faire;;
sa;;
prière;;
;;
elle;;
lui;;
dit;;
:;;
"
";;
«;;
Ma;;
fille;;
;;
il;;
faut;;
que;;
j';;
aille;;
à;;
notre;;
village;;
pour;;
prier;;
maître;PER;
Guillaume;PER;
de;;
m';;
amener;;
ici;;
notre;;
pauvre;;
mobilier;;
.;;
Je;;
ne;;
peux;;
pas;;
t';;
emmener;;
;;
tu;;
es;;
trop;;
petite;;
pour;;
faire;;
tant;;
de;;
chemin;;
";";;
tu;;
ne;;
marcherais;;
pas;;
pendant;;
trois;;
lieues;;
de;;
suite;;
.;;
Si;;
la;PER;
mère;PER;
Nannette;PER;
;;
qui;;
est;;
une;;
brave;;
femme;;
;;
veut;;
bien;;
te;;
garder;;
avec;;
elle;;
pendant;;
ce;;
temps;;
-là;;
;;
j';;
irai;;
trouver;;
maître;PER;
Guillaume;PER;
;;
et;;
tu;;
m';;
attendras;;
ici;;
";";;
je;;
coucherai;;
dans;;
sa;;
grange;;
;;
et;;
demain;;
de;;
bonne;;
heure;;
je;;
serai;;
de;;
retour;;
.;;
»;;
"
";;
La;PER;
petite;PER;
Jeanne;PER;
pleura;;
un;;
peu;;
";";;
mais;;
;;
quand;;
elle;;
eut;;
considéré;;
la;;
bonne;;
figure;;
de;;
la;PER;
mère;PER;
Nannette;PER;
;;
elle;;
dit;;
qu';;
elle;;
voulait;;
bien;;
rester;;
";";;
Catherine;PER;
partit;;
;;
et;;
Jeanne;PER;
;;
s';;
approchant;;
tout;;
doucement;;
de;;
la;PER;
mère;PER;
Nannette;PER;
;;
lui;;
dit;;
:;;
"
";;
«;;
Voulez;;
-vous;;
m';;
emmener;;
aux;;
champs;;
avec;;
vous;;
?;;
je;;
garderai;;
bien;;
les;;
oisons;;
.;;
"
";;
—;;
Oui;;
;;
ma;;
Jeanne;PER;
;;
je;;
ne;;
demande;;
pas;;
mieux;;
.;;
»;;
"
";;
Après;;
l';;
avoir;;
fait;;
déjeuner;;
avec;;
elle;;
;;
la;PER;
mère;PER;
Nannette;PER;
amena;;
les;;
oisons;;
sous;;
le;;
noyer;;
;;
et;;
Jeanne;PER;
les;;
garda;;
pendant;;
que;;
la;;
vieille;;
femme;;
détachait;;
sa;;
vache;;
et;;
sa;;
chèvre;;
.;;
Cette;;
petite;;
s';;
entendait;;
si;;
bien;;
à;;
conduire;;
les;;
oies;;
et;;
à;;
les;;
empêcher;;
de;;
faire;;
du;;
dommage;;
;;
que;;
la;PER;
mère;PER;
Nannette;PER;
en;;
était;;
tout;;
étonnée;;
.;;
"
";;
Vers;;
les;;
dix;;
heures;;
;;
comme;;
il;;
commençait;;
à;;
faire;;
chaud;;
;;
elles;;
firent;;
rentrer;;
les;;
bêtes;;
;;
qui;;
ne;;
voulaient;;
plus;;
manger;;
dehors;;
;;
parce;;
qu';;
elles;;
étaient;;
tourmentées;;
par;;
les;;
mouches;;
.;;
Jeanne;PER;
voulut;;
ensuite;;
aller;;
à;;
l';;
herbe;;
";";;
elle;;
en;;
ramassa;;
un;;
bon;;
petit;;
paquet;;
qu';;
elle;;
lia;;
dans;;
son;;
tablier;;
;;
et;;
elle;;
le;;
posa;;
sur;;
sa;;
tête;;
en;;
le;;
maintenant;;
avec;;
ses;;
deux;;
petites;;
mains;;
;;
pour;;
le;;
rapporter;;
à;;
la;;
maison;;
.;;
La;PER;
mère;PER;
Nannette;PER;
lui;;
donna;;
des;;
prunes;;
pour;;
son;;
goûter;;
";";;
et;;
;;
quand;;
la;;
chaleur;;
fut;;
tombée;;
;;
elles;;
firent;;
sortir;;
encore;;
les;;
bestiaux;;
;;
et;;
ne;;
les;;
ramenèrent;;
qu';;
à;;
la;;
brune;;
;;
en;;
passant;;
par;;
l';;
abreuvoir;;
.;;
On;;
leur;;
donna;;
pour;;
la;;
nuit;;
une;;
grande;;
partie;;
de;;
l';;
herbe;;
qui;;
avait;;
été;;
ramassée;;
.;;
La;PER;
mère;PER;
Nannette;PER;
fit;;
une;;
bonne;;
soupe;;
aux;;
pommes;;
de;;
terre;;
;;
et;;
Jeanne;PER;
;;
qui;;
n';;
était;;
pas;;
habituée;;
à;;
en;;
avoir;;
de;;
pareille;;
;;
en;;
mangea;;
une;;
grande;;
assiettée;;
";";;
puis;;
elle;;
se;;
coucha;;
.;;
L';;
enfant;;
était;;
bien;;
un;;
peu;;
lasse;;
;;
mais;;
très;;
-0;;
contente;;
d';;
avoir;;
aidé;;
la;PER;
mère;PER;
Nannette;PER;
.;;
"
";;
La;PER;
mère;PER;
Nannette;PER;
mène;;
Jeanne;PER;
à;;
la;;
messe;;
.;;
"
";;
Le;;
lendemain;;
;;
en;;
s';;
éveillant;;
;;
la;;
petite;;
Jeanne;PER;
appela;;
sa;;
mère;;
";";;
puis;;
;;
se;;
souvenant;;
qu';;
elle;;
n';;
était;;
pas;;
là;;
;;
elle;;
se;;
leva;;
;;
s';;
habilla;;
et;;
pria;;
la;PER;
mère;PER;
Nannette;PER;
de;;
la;;
laver;;
et;;
de;;
la;;
peigner;;
;;
comme;;
faisait;;
Catherine;PER;
";";;
ensuite;;
;;
elle;;
se;;
mit;;
à;;
genoux;;
et;;
fit;;
sa;;
prière;;
.;;
"
";;
«;;
Quelles;;
prières;;
sais;;
-0;;
tu;;
?;;
lui;;
demanda;;
la;PER;
mère;PER;
Nannette;PER;
.;;
"
";;
—;;
Je;;
sais;;
Notre;MISC;
Père;MISC;
et;;
Je;MISC;
vous;MISC;
salue;MISC;
;MISC;
Marie;MISC;
.;;
"
";;
—;;
Dis;;
-0;;
les;;
donc;;
tout;;
haut;;
.;;
»;;
"
";;
Jeanne;PER;
les;;
récita;;
sans;;
en;;
manquer;;
un;;
mot;;
.;;
Quand;;
elle;;
eut;;
fini;;
;;
comme;;
elle;;
restait;;
encore;;
à;;
genoux;;
;;
la;PER;
mère;PER;
Nannette;PER;
lui;;
demanda;;
:;;
"
";;
«;;
Que;;
dis;;
-0;;
tu;;
donc;;
encore;;
?;;
"
";;
—;;
Je;;
demande;;
au;;
bon;;
Dieu;;
d';;
avoir;;
pitié;;
de;;
nous;;
et;;
de;;
bénir;;
tous;;
ceux;;
qui;;
nous;;
assistent;;
";";;
je;;
dis;;
votre;;
nom;;
le;;
premier;;
et;;
celui;;
de;;
Mme;PER;
Dumont;PER;
après;;
.;;
Maman;PER;
me;;
l';;
a;;
fait;;
dire;;
comme;;
cela;;
hier;;
.;;
»;;
"
";;
La;;
messe;;
sonna;;
;;
et;;
la;PER;
mère;PER;
Nannette;PER;
prit;;
ses;;
beaux;;
habits;;
.;;
Elle;;
regarda;;
la;PER;
petite;PER;
Jeanne;PER;
;;
et;;
;;
lui;;
voyant;;
un;;
fichu;;
tout;;
déchiré;;
;;
elle;;
lui;;
en;;
mit;;
un;;
des;;
siens;;
";";;
puis;;
elles;;
partirent;;
pour;;
l';;
église;;
;;
emportant;;
chacune;;
sa;;
chaise;;
.;;
"
";;
Pendant;;
toute;;
la;;
messe;;
;;
Jeanne;PER;
tint;;
un;;
chapelet;;
que;;
lui;;
avait;;
prêté;;
la;PER;
mère;PER;
Nannette;PER;
;;
et;;
dit;;
ses;;
prières;;
.;;
Elle;;
ne;;
tourna;;
point;;
la;;
tête;;
pour;;
voir;;
qui;;
entrait;;
ni;;
qui;;
sortait;;
";";;
elle;;
se;;
mettait;;
à;;
genoux;;
en;;
même;;
temps;;
que;;
tout;;
le;;
monde;;
;;
et;;
se;;
relevait;;
comme;;
les;;
autres;;
.;;
"
";;
M.;PER;
le;PER;
curé;PER;
;;
après;;
la;;
messe;;
;;
demanda;;
à;;
la;PER;
mère;PER;
Nannette;PER;
où;;
elle;;
avait;;
pris;;
cette;;
enfant;;
-là;;
.;;
Alors;;
elle;;
lui;;
raconta;;
l';;
histoire;;
de;;
Catherine;PER;
.;;
"
";;
«;;
Mère;PER;
Nannette;PER;
;;
vous;;
êtes;;
une;;
digne;;
femme;;
;;
lui;;
dit;;
-il;;
";";;
la;;
parole;;
de;;
Dieu;;
n';;
est;;
pas;;
perdue;;
pour;;
vous;;
.;;
»;;
"
";;
Retour;;
de;;
Catherine;PER;
.;;
"
";;
Vers;;
midi;;
;;
l';;
on;;
vit;;
venir;;
maître;PER;
Guillaume;PER;
dans;;
une;;
charrette;;
attelée;;
d';;
un;;
bel;;
âne;;
brun;;
.;;
Il;;
s';;
arrêta;;
devant;;
la;;
porte;;
de;;
la;PER;
mère;PER;
Nannette;PER;
;;
et;;
fit;;
descendre;;
Catherine;PER;
;;
qui;;
fut;;
bien;;
contente;;
de;;
revoir;;
sa;;
petite;PER;
Jeanne;PER;
qu';;
elle;;
n';;
avait;;
jamais;;
quittée;;
auparavant;;
.;;
Elle;;
détela;;
l';;
âne;;
";";;
la;PER;
mère;PER;
Nannette;PER;
le;;
prit;;
par;;
le;;
licou;;
pour;;
l';;
attacher;;
dans;;
l';;
étable;;
à;;
côté;;
de;;
sa;;
vache;;
";";;
puis;;
elle;;
remplit;;
le;;
râtelier;;
de;;
bon;;
trèfle;;
;;
et;;
revint;;
aider;;
Guillaume;PER;
à;;
descendre;;
le;;
coffre;;
et;;
le;;
lit;;
de;;
Catherine;PER;
.;;
Ce;;
lit;;
avait;;
des;;
rideaux;;
de;;
toile;;
rayée;;
et;;
une;;
paillasse;;
que;;
Guillaume;PER;
avait;;
remplie;;
de;;
paille;;
fraîche;;
;;
en;;
souvenir;;
de;;
son;;
amitié;;
pour;;
son;;
parent;;
;;
l';;
homme;;
défunt;;
de;;
Catherine;PER;
.;;
Il;;
y;;
avait;;
aussi;;
une;;
petite;;
chaise;;
.;;
On;;
monta;;
le;;
ciel;;
du;;
lit;;
dans;;
un;;
coin;;
de;;
la;;
chambre;;
;;
qui;;
était;;
fort;;
grande;;
";";;
on;;
mit;;
le;;
châlit;;
dessous;;
et;;
le;;
coffre;;
au;;
pied;;
du;;
lit;;
.;;
"
";;
«;;
A;;
présent;;
que;;
tout;;
est;;
en;;
place;;
;;
vous;;
allez;;
goûter;;
avec;;
nous;;
;;
maître;PER;
Guillaume;PER;
;;
dit;;
la;PER;
mère;PER;
Nannette;PER;
.;;
J';;
ai;;
fait;;
une;;
bonne;;
fricassée;;
de;;
pommes;;
de;;
terre;;
nouvelles;;
que;;
j';;
ai;;
accommodées;;
avec;;
mon;;
beurre;;
tout;;
frais;;
";";;
j';;
ai;;
aussi;;
cueilli;;
une;;
salade;;
dans;;
mon;;
jardin;;
;;
et;;
nous;;
l';;
assaisonnerons;;
avec;;
l';;
huile;;
de;;
mon;;
noyer;;
.;;
Mon;;
pain;;
n';;
a;;
que;;
quatre;;
jours;;
;;
et;;
mes;;
pruniers;;
;;
sans;;
les;;
vanter;;
;;
donnent;;
d';;
excellentes;;
prunes;;
.;;
»;;
"
";;
En;;
disant;;
cela;;
;;
elle;;
alla;;
au;;
cellier;;
avec;;
la;PER;
petite;PER;
Jeanne;PER;
;;
et;;
en;;
rapporta;;
du;;
vin;;
bien;;
rouge;;
;;
qui;;
écumait;;
tout;;
autour;;
de;;
la;;
gueule;;
du;;
broc;;
.;;
"
";;
«;;
Voyez;;
-vous;;
;;
maître;PER;
Guillaume;PER;
;;
dit;;
-elle;;
en;;
posant;;
le;;
vase;;
sur;;
la;;
table;;
;;
j';;
ai;;
toujours;;
un;;
quartaut;;
de;;
bon;;
vin;;
en;;
perce;;
.;;
Si;;
quelque;;
voisin;;
reçoit;;
un;;
mauvais;;
coup;;
;;
je;;
lui;;
en;;
porte;;
un;;
peu;;
";";;
quand;;
un;;
malade;;
en;;
convalescence;;
n';;
a;;
pas;;
de;;
vin;;
pour;;
se;;
refaire;;
;;
je;;
lui;;
en;;
donne;;
aussi;;
longtemps;;
qu';;
il;;
en;;
a;;
besoin;;
";";;
et;;
tous;;
les;;
dimanches;;
j';;
en;;
donne;;
aussi;;
une;;
chopine;;
au;;
père;PER;
Bonnet;PER;
;;
le;;
vieux;;
pauvre;;
du;;
bourg;;
:;;
ça;;
le;;
réchauffe;;
;;
le;;
cher;;
homme;;
;;
qui;;
aura;;
quatre-vingts;;
ans;;
à;;
Noël;MISC;
prochain;;
.;;
Pour;;
moi;;
;;
je;;
n';;
en;;
bois;;
guère;;
que;;
lorsque;;
j';;
ai;;
du;;
monde;;
;;
comme;;
aujourd'hui;;
.;;
»;;
"
";;
L';;
on;;
se;;
mit;;
à;;
table;;
et;;
l';;
on;;
mangea;;
les;;
pommes;;
de;;
terre;;
;;
qui;;
étaient;;
excellentes;;
.;;
Maître;PER;
Guillaume;PER;
;;
remplissant;;
son;;
verre;;
jusqu';;
aux;;
bords;;
;;
se;;
leva;;
;;
ôta;;
son;;
chapeau;;
et;;
dit;;
:;;
"
";;
«;;
Je;;
bois;;
à;;
la;;
santé;;
de;;
la;PER;
mère;PER;
Nannette;PER;
;;
qui;;
a;;
compassion;;
du;;
pauvre;;
monde;;
!;;
»;;
"
";;
Quand;;
on;;
eut;;
fini;;
;;
la;PER;
mère;PER;
Nannette;PER;
tira;;
un;;
bon;;
seau;;
d';;
eau;;
fraîche;;
pour;;
faire;;
boire;;
l';;
âne;;
de;;
maître;PER;
Guillaume;PER;
.;;
Il;;
l';;
attela;;
et;;
s';;
en;;
retourna;;
chez;;
lui;;
.;;
"
";;
Catherine;PER;
va;;
à;;
la;;
porte;;
de;;
M.;PER;
le;PER;
curé;PER;
.;;
"
";;
Après;;
le;;
départ;;
de;;
maître;PER;
Guillaume;PER;
;;
Catherine;PER;
prit;;
sa;;
fille;;
par;;
la;;
main;;
et;;
lui;;
donna;;
son;;
bissac;;
";";;
elles;;
firent;;
une;;
tournée;;
dans;;
le;;
bourg;;
et;;
dans;;
les;;
métairies;;
des;;
environs;;
.;;
En;;
passant;;
;;
elles;;
s';;
arrêtèrent;;
devant;;
la;;
porte;;
de;;
M.;PER;
le;PER;
curé;PER;
;;
qui;;
les;;
fit;;
entrer;;
.;;
"
";;
«;;
Ma;;
bonne;;
femme;;
;;
dit;;
-il;;
à;;
Catherine;PER;
;;
pourquoi;;
ne;;
placez;;
-vous;;
pas;;
cette;;
enfant;;
chez;;
quelque;;
cultivateur;;
qui;;
l';;
enverrait;;
aux;;
champs;;
garder;;
les;;
bestiaux;;
?;;
Elle;;
y;;
serait;;
plus;;
heureuse;;
qu';;
elle;;
ne;;
peut;;
l';;
être;;
avec;;
vous;;
;;
et;;
elle;;
ne;;
s';;
accoutumerait;;
pas;;
à;;
mendier;;
.;;
Prenez;;
garde;;
!;;
vous;;
en;;
ferez;;
une;;
fainéante;;
.;;
"
";;
—;;
Monsieur;PER;
le;PER;
curé;PER;
;;
il;;
y;;
a;;
longtemps;;
que;;
j';;
y;;
ai;;
pensé;;
;;
et;;
je;;
vous;;
assure;;
que;;
c';;
est;;
un;;
grand;;
chagrin;;
pour;;
moi;;
que;;
de;;
la;;
voir;;
aller;;
aux;;
portes;;
:;;
il;;
y;;
a;;
même;;
des;;
jours;;
où;;
elle;;
ne;;
peut;;
s';;
y;;
décider;;
";";;
mais;;
je;;
suis;;
si;;
faible;;
;;
si;;
malade;;
;;
que;;
je;;
ne;;
pourrai;;
sortir;;
de;;
tout;;
l';;
hiver;;
.;;
"
";;
—;;
Pourquoi;;
donc;;
cela;;
?;;
"
";;
—;;
C';;
est;;
que;;
les;;
médecins;;
l';;
ont;;
défendu;;
;;
parce;;
qu';;
ils;;
disent;;
que;;
j';;
ai;;
les;;
poumons;;
attaqués;;
.;;
Je;;
tousse;;
beaucoup;;
et;;
je;;
suis;;
incapable;;
de;;
travailler;;
";";;
si;;
Jeanne;PER;
ne;;
va;;
pas;;
demander;;
du;;
pain;;
pour;;
moi;;
;;
il;;
faudra;;
donc;;
mourir;;
de;;
faim;;
!;;
Mais;;
soyez;;
tranquille;;
;;
monsieur;PER;
le;PER;
curé;PER;
;;
je;;
placerai;;
ma;;
petite;PER;
Jeanne;PER;
chez;;
d';;
honnêtes;;
gens;;
aussitôt;;
que;;
je;;
le;;
pourrai;;
";";;
ça;;
me;;
peine;;
bien;;
trop;;
de;;
mendier;;
à;;
mon;;
âge;;
;;
pour;;
vouloir;;
que;;
ma;;
fille;;
en;;
fasse;;
autant;;
.;;
"
";;
—;;
Vous;;
avez;;
raison;;
;;
ma;;
brave;;
femme;;
.;;
Nous;;
verrons;;
dans;;
quelque;;
temps;;
ce;;
qu';;
on;;
pourra;;
faire;;
pour;;
vous;;
:;;
en;;
attendant;;
;;
vous;;
viendrez;;
tous;;
les;;
dimanches;;
ici;;
chercher;;
vingt-cinq;;
centimes;;
.;;
"
";;
—;;
Grand;;
merci;;
;;
monsieur;PER;
le;PER;
curé;PER;
:;;
ces;;
vingt-cinq;;
centimes;;
-là;;
;;
avec;;
les;;
cinquante;;
que;;
me;;
donne;;
Mme;PER;
Dumont;PER;
;;
serviront;;
à;;
nous;;
acheter;;
quelque;;
chose;;
pour;;
nous;;
habiller;;
";";;
car;;
j';;
ai;;
honte;;
de;;
nos;;
guenilles;;
.;;
»;;
"
";;
La;PER;
mère;PER;
Nannette;PER;
fait;;
la;;
lessive;;
.;;
"
";;
Deux;;
jours;;
après;;
;;
la;PER;
mère;PER;
Nannette;PER;
dit;;
qu';;
elle;;
allait;;
faire;;
la;;
lessive;;
.;;
"
";;
Catherine;PER;
lui;;
proposa;;
de;;
l';;
entasser;;
pendant;;
qu';;
elle;;
mènerait;;
ses;;
bêtes;;
aux;;
champs;;
.;;
La;PER;
petite;PER;
Jeanne;PER;
alla;;
toute;;
seule;;
aux;;
portes;;
:;;
elle;;
eut;;
bien;;
de;;
la;;
peine;;
à;;
s';;
y;;
décider;;
";";;
mais;;
quand;;
sa;;
mère;;
lui;;
eut;;
fait;;
comprendre;;
que;;
;;
si;;
elle;;
ne;;
l';;
accompagnait;;
pas;;
;;
c';;
était;;
pour;;
rendre;;
service;;
à;;
la;PER;
mère;PER;
Nannette;PER;
;;
la;;
petite;;
partit;;
sans;;
rien;;
dire;;
.;;
Elle;;
rentra;;
le;;
soir;;
bien;;
joyeuse;;
;;
parce;;
qu';;
elle;;
rapportait;;
beaucoup;;
de;;
pain;;
et;;
une;;
paire;;
de;;
sabots;;
presque;;
neufs;;
qu';;
une;;
femme;;
lui;;
avait;;
donnée;;
";";;
elle;;
les;;
avait;;
mis;;
tout;;
de;;
suite;;
à;;
ses;;
pieds;;
;;
car;;
les;;
siens;;
étaient;;
tout;;
percés;;
.;;
"
";;
En;;
passant;;
auprès;;
de;;
l';;
abreuvoir;;
;;
elle;;
s';;
était;;
arrêtée;;
pour;;
regarder;;
un;;
homme;;
qui;;
lavait;;
des;;
radis;;
et;;
en;;
faisait;;
de;;
petits;;
paquets;;
.;;
Il;;
lui;;
avait;;
dit;;
:;;
"
";;
«;;
En;;
veux;;
-0;;
tu;;
;;
petite;;
;;
que;;
tu;;
les;;
regardes;;
si;;
bien;;
?;;
»;;
"
";;
Jeanne;PER;
baissa;;
la;;
tête;;
et;;
ne;;
dit;;
rien;;
;;
car;;
elle;;
n';;
était;;
pas;;
hardie;;
.;;
"
";;
«;;
Allons;;
;;
lui;;
dit;;
l';;
homme;;
;;
tends;;
ton;;
tablier;;
.;;
»;;
"
";;
Et;;
il;;
lui;;
en;;
jeta;;
une;;
bonne;;
poignée;;
.;;
La;PER;
petite;PER;
Jeanne;PER;
le;;
remercia;;
et;;
fut;;
bien;;
contente;;
.;;
La;PER;
mère;PER;
Nannette;PER;
lui;;
donna;;
du;;
sel;;
pour;;
manger;;
ses;;
radis;;
;;
et;;
elle;;
fit;;
un;;
bon;;
souper;;
;;
ainsi;;
que;;
sa;;
mère;;
.;;
"
";;
Catherine;PER;
dit;;
à;;
la;PER;
mère;PER;
Nannette;PER;
:;;
"
";;
«;;
Je;;
chaufferai;;
votre;;
lessive;;
demain;;
et;;
je;;
vous;;
aiderai;;
à;;
la;;
laver;;
après-demain;;
.;;
On;;
a;;
beaucoup;;
donné;;
à;;
Jeanne;PER;
:;;
elle;;
ira;;
à;;
l';;
herbe;;
et;;
conduira;;
les;;
oisons;;
aux;;
champs;LOC;loc.phys.geo
";";;
cela;;
vous;;
fera;;
gagner;;
du;;
temps;;
;;
et;;
vous;;
pourrez;;
travailler;;
un;;
peu;;
.;;
»;;
"
";;
La;PER;
petite;PER;
Jeanne;PER;
va;;
chez;;
Mme;PER;
Dumont;PER;
.;;
"
";;
Le;;
vendredi;;
;;
Jeanne;PER;
;;
en;;
s';;
éveillant;;
;;
dit;;
à;;
sa;;
mère;;
:;;
"
";;
«;;
C';;
est;;
aujourd'hui;;
que;;
nous;;
devons;;
aller;;
chez;;
la;;
dame;;
chercher;;
les;;
cinquante;;
centimes;;
";";;
nous;;
irons;;
;;
n';;
est;;
-ce;;
pas;;
;;
maman;;
?;;
"
";;
—;;
Ma;;
fille;;
;;
tu;;
iras;;
toute;;
seule;;
;;
car;;
il;;
faut;;
que;;
j';;
aide;;
la;PER;
mère;PER;
Nannette;PER;
à;;
laver;;
son;;
linge;;
.;;
Tu;;
vas;;
même;;
y;;
aller;;
ce;;
matin;;
;;
afin;;
de;;
mener;;
les;;
oisons;;
et;;
la;;
chèvre;;
aux;;
champs;LOC;loc.phys.geo
quand;;
tu;;
seras;;
revenue;;
.;;
"
";;
—;;
Maman;PER;
;;
jamais;;
je;;
n';;
oserai;;
entrer;;
toute;;
seule;;
dans;;
cette;;
belle;;
maison;;
.;;
"
";;
—;;
Pourquoi;;
donc;;
;;
ma;;
Jeanne;PER;
?;;
Cette;;
dame;;
est;;
si;;
bonne;;
;;
que;;
tu;;
ne;;
dois;;
pas;;
craindre;;
de;;
lui;;
parler;;
.;;
Je;;
vais;;
t';;
habiller;;
le;;
plus;;
proprement;;
que;;
je;;
le;;
pourrai;;
.;;
Trouveras;;
-0;;
tu;;
bien;;
la;;
maison;;
?;;
"
";;
—;;
Oh;;
!;;
oui;;
:;;
je;;
suivrai;;
le;;
ruisseau;LOC;loc.phys.hydro
jusqu';;
au;;
moulin;LOC;loc.fac
;;
et;;
j';;
y;;
arriverai;;
tout;;
droit;;
.;;
»;;
"
";;
En;;
partant;;
;;
Jeanne;PER;
prit;;
un;;
bâton;;
pour;;
se;;
défendre;;
contre;;
les;;
chiens;;
qu';;
elle;;
pourrait;;
rencontrer;;
.;;
Elle;;
arriva;;
devant;;
la;;
grille;;
du;;
jardin;;
;;
et;;
vit;;
sous;;
un;;
berceau;;
de;;
chèvrefeuille;;
M.;PER;
et;PER;
Mme;PER;
Dumont;PER;
qui;;
déjeunaient;;
avec;;
leurs;;
enfants;;
.;;
Ce;;
fut;;
Isaure;PER;
;;
la;;
petite;;
demoiselle;;
aux;;
cheveux;;
blonds;;
;;
qui;;
vit;;
Jeanne;PER;
la;;
première;;
:;;
"
";;
«;;
Maman;PER;
;;
voici;;
la;;
jolie;;
petite;;
fille;;
qui;;
a;;
rapporté;;
le;;
bracelet;;
.;;
»;;
"
";;
Et;;
elle;;
se;;
leva;;
pour;;
aller;;
lui;;
ouvrir;;
la;;
grille;;
";";;
mais;;
son;;
frère;;
Auguste;PER;
;;
qui;;
avait;;
déjà;;
treize;;
ans;;
;;
courut;;
plus;;
vite;;
qu';;
elle;;
et;;
fit;;
entrer;;
Jeanne;PER;
.;;
"
";;
«;;
Tu;;
viens;;
chercher;;
les;;
cinquante;;
centimes;;
?;;
»;;
dit;;
Isaure;PER;
;;
qui;;
n';;
était;;
pas;;
plus;;
grande;;
que;;
Jeanne;PER;
.;;
"
";;
Puis;;
;;
avec;;
la;;
permission;;
de;;
sa;;
mère;;
;;
elle;;
prit;;
un;;
gros;;
morceau;;
d';;
une;;
tarte;;
aux;;
prunes;;
qui;;
était;;
sur;;
la;;
table;;
;;
et;;
le;;
lui;;
mit;;
dans;;
la;;
main;;
:;;
"
";;
«;;
Mange;;
;;
petite;;
";";;
c';;
est;;
bien;;
bon;;
.;;
»;;
"
";;
Jeanne;PER;
prit;;
la;;
tarte;;
;;
mais;;
elle;;
n';;
y;;
toucha;;
pas;;
.;;
"
";;
«;;
Tu;;
n';;
as;;
donc;;
pas;;
faim;;
?;;
"
";;
—;;
Si;;
fait;;
;;
mademoiselle;;
;;
je;;
n';;
ai;;
pas;;
encore;;
déjeuné;;
.;;
"
";;
—;;
Tu;;
n';;
aimes;;
peut-être;;
pas;;
la;;
tarte;;
?;;
"
";;
—;;
Je;;
ne;;
sais;;
pas;;
;;
je;;
n';;
en;;
ai;;
jamais;;
mangé;;
";";;
mais;;
elle;;
sent;;
bien;;
bon;;
!;;
je;;
crois;;
que;;
c';;
est;;
encore;;
meilleur;;
que;;
la;;
galette;;
.;;
"
";;
—;;
Eh;;
bien;;
;;
pourquoi;;
n';;
en;;
manges;;
-0;;
tu;;
pas;;
?;;
»;;
"
";;
Jeanne;PER;
ne;;
répondit;;
rien;;
.;;
"
";;
Mme;PER;
Dumont;PER;
demanda;;
aussi;;
à;;
Jeanne;PER;
pourquoi;;
elle;;
ne;;
touchait;;
pas;;
à;;
sa;;
portion;;
de;;
tarte;;
.;;
Elle;;
lui;;
répondit;;
en;;
baissant;;
la;;
tête;;
:;;
"
";;
«;;
C';;
est;;
que;;
je;;
voudrais;;
l';;
emporter;;
pour;;
le;;
goûter;;
de;;
maman;;
et;;
de;;
la;PER;
mère;PER;
Nannette;PER;
.;;
"
";;
—;;
Mon;;
enfant;;
;;
il;;
n';;
y;;
a;;
pas;;
de;;
mal;;
à;;
cela;;
;;
au;;
contraire;;
";";;
tu;;
fais;;
bien;;
de;;
partager;;
ce;;
que;;
tu;;
as;;
de;;
bon;;
avec;;
la;PER;
mère;PER;
Nannette;PER;
;;
qui;;
vient;;
au;;
secours;;
de;;
votre;;
grande;;
misère;;
";";;
mais;;
en;;
voici;;
un;;
autre;;
petit;;
morceau;;
;;
que;;
tu;;
vas;;
manger;;
là;;
;;
devant;;
moi;;
.;;
»;;
"
";;
Quand;;
Jeanne;PER;
eut;;
fini;;
de;;
manger;;
;;
on;;
lui;;
fit;;
boire;;
un;;
peu;;
de;;
vin;;
et;;
d';;
eau;;
;;
et;;
on;;
lui;;
donna;;
une;;
pièce;;
de;;
cinquante;;
centimes;;
toute;;
neuve;;
.;;
"
";;
La;PER;
petite;PER;
Jeanne;PER;
sauve;;
la;;
cane;;
de;;
la;;
meunière;;
.;;
"
";;
Comme;;
Jeanne;PER;
;;
en;;
s';;
en;;
retournant;;
;;
passait;;
auprès;;
du;;
moulin;;
;;
elle;;
vit;;
un;;
jeune;;
chien;;
qui;;
tenait;;
une;;
cane;;
par;;
la;;
tête;;
";";;
il;;
la;;
secouait;;
si;;
fort;;
qu';;
il;;
n';;
aurait;;
pas;;
tardé;;
à;;
lui;;
arracher;;
le;;
cou;;
;;
si;;
la;PER;
petite;PER;
Jeanne;PER;
;;
qui;;
était;;
courageuse;;
;;
n';;
eût;;
frappé;;
sur;;
lui;;
de;;
toutes;;
ses;;
forces;;
.;;
Il;;
lâcha;;
la;;
cane;;
qui;;
resta;;
comme;;
morte;;
;;
étendue;;
par;;
terre;;
.;;
Elle;;
la;;
ramassa;;
et;;
la;;
mit;;
dans;;
son;;
tablier;;
pour;;
la;;
porter;;
à;;
la;;
meunière;;
.;;
On;;
fit;;
prendre;;
quelques;;
gorgées;;
de;;
vin;;
à;;
la;;
pauvre;;
bête;;
;;
et;;
on;;
la;;
mit;;
dans;;
une;;
corbeille;;
pleine;;
de;;
plumes;;
.;;
Cette;;
cane;;
avait;;
dix-huit;;
canetons;;
qui;;
étaient;;
restés;;
au;;
bord;;
de;;
l';;
eau;;
";";;
la;;
meunière;;
alla;;
les;;
chercher;;
et;;
en;;
donna;;
deux;;
à;;
Jeanne;PER;
en;;
lui;;
disant;;
:;;
"
";;
«;;
Tiens;MISC;
;;
ma;;
petite;;
;;
voilà;;
deux;;
canetons;;
que;;
je;;
te;;
donne;;
;;
parce;;
que;;
tu;;
as;;
sauvé;;
la;;
vie;;
à;;
ma;;
cane;;
.;;
Si;;
tu;;
les;;
soignes;;
bien;;
;;
ils;;
deviendront;;
beaux;;
;;
et;;
tu;;
pourras;;
les;;
vendre;;
pour;;
avoir;;
un;;
fichu;;
et;;
un;;
tablier;;
.;;
Je;;
vais;;
aller;;
te;;
chercher;;
deux;;
œufs;;
pour;;
ton;;
souper;;
.;;
»;;
"
";;
La;;
petite;;
Jeanne;;
mit;;
les;;
œufs;;
et;;
les;;
canetons;;
dans;;
son;;
tablier;;
;;
et;;
rentra;;
tout;;
de;;
suite;;
.;;
Elle;;
commença;;
par;;
montrer;;
à;;
sa;;
mère;;
les;;
deux;;
petits;;
canards;;
;;
et;;
elle;;
raconta;;
comment;;
la;;
meunière;;
les;;
lui;;
avait;;
donnés;;
.;;
Elle;;
posa;;
les;;
œufs;;
sur;;
la;;
table;;
;;
et;;
tira;;
de;;
sa;;
poche;;
la;;
pièce;;
de;;
cinquante;;
centimes;;
et;;
le;;
morceau;;
de;;
tarte;;
aux;;
prunes;;
;;
qu';;
on;;
avait;;
enveloppé;;
dans;;
une;;
feuille;;
de;;
papier;;
.;;
Elle;;
répéta;;
aussi;;
tout;;
ce;;
qu';;
on;;
lui;;
avait;;
dit;;
chez;;
Mme;;
Dumont;;
.;;
"
";;
«;;
Je;;
vais;;
acheter;;
du;;
beurre;;
et;;
du;;
sel;;
pour;;
notre;;
semaine;;
avec;;
ces;;
cinquante;;
centimes;;
-là;;
;;
dit;;
Catherine;PER;
.;;
"
";;
—;;
Pas;;
encore;;
;;
répondit;;
la;;
mère;;
de;;
Nannette;;
";";;
vous;;
travaillez;;
aujourd'hui;;
pour;;
moi;;
;;
il;;
est;;
bien;;
juste;;
que;;
je;;
trempe;;
votre;;
soupe;;
en;;
même;;
temps;;
que;;
la;;
mienne;;
";";;
et;;
j';;
ai;;
là;;
un;;
fromage;;
mou;;
qui;;
va;;
bien;;
régaler;;
la;;
petite;;
Jeanne;PER;
.;;
"
";;
—;;
Pourtant;;
;;
mère;;
Nannette;;
;;
puisque;;
vous;;
me;;
logez;;
pour;;
rien;;
;;
je;;
vous;;
dois;;
mes;;
services;;
.;;
"
";;
—;;
Si;;
je;;
ne;;
vous;;
récompensais;;
pas;;
quand;;
vous;;
travaillez;;
pour;;
moi;;
;;
Catherine;PER;
;;
ce;;
serait;;
comme;;
si;;
je;;
vous;;
faisais;;
payer;;
votre;;
loyer;;
.;;
Je;;
n';;
entends;;
pas;;
ça;;
.;;
»;;
"
";;
Isaure;PER;
va;;
voir;;
la;;
petite;;
Jeanne;PER;
.;;
"
";;
Quelques;;
jours;;
après;;
;;
Isaure;PER;
dit;;
:;;
"
";;
«;;
Maman;PER;
;;
si;;
nous;;
allions;;
voir;;
la;;
petite;;
Jeanne;PER;
et;;
cette;;
bonne;;
mère;;
Nannette;;
?;;
"
";;
—;;
Je;;
le;;
veux;;
bien;;
;;
»;;
dit;;
Mme;PER;
Dumont;PER;
.;;
"
";;
Et;;
elle;;
se;;
mit;;
en;;
route;;
avec;;
ses;;
deux;;
filles;;
et;;
son;;
fils;;
.;;
En;;
entrant;;
chez;;
la;;
mère;;
Nannette;LOC;loc.adm
;;
elles;;
trouvèrent;;
la;;
veuve;;
Catherine;PER;
occupée;;
à;;
battre;;
le;;
beurre;;
.;;
Mme;PER;
Dumont;PER;
lui;;
demanda;;
où;;
était;;
sa;;
petite;;
fille;;
.;;
"
";;
«;;
Elle;;
est;;
au;;
lit;;
;;
madame;PER;
.;;
"
";;
—;;
Est;LOC;
-ce;;
qu';;
elle;;
est;;
malade;;
?;;
dit;;
vivement;;
Isaure;PER;
en;;
se;;
tournant;;
du;;
côté;;
du;;
lit;;
;;
où;;
l';;
on;;
voyait;;
