Token;Label_Maj;Quaero_Maj
PREMIÈRE;;
PARTIE;;
"
";;
I;;
--;;
LA;;
FABRIQUE;;
"
";;
Je;;
suis;;
né;;
le;;
13;;
mai;;
18;;
...;;
0;;
dans;;
une;;
ville;;
du;;
Languedoc;LOC;loc.adm.reg
où;;
l';;
on;;
trouve;;
0;;
comme;;
dans;;
toutes;;
les;;
villes;;
du;;
Midi;LOC;loc.adm.reg
0;;
beaucoup;;
de;;
soleil;;
0;;
pas;;
mal;;
de;;
poussière;;
0;;
un;;
couvent;LOC;loc.fac
de;LOC;loc.fac
carmélites;;
et;;
deux;;
ou;;
trois;;
monuments;;
romains;;
.;;
"
";;
Mon;;
père;;
0;;
M.;PER;
Eyssette;PER;
0;;
qui;;
faisait;;
à;;
cette;;
époque;;
le;;
commerce;;
des;;
foulards;;
0;;
avait;;
0;;
aux;;
portes;;
de;;
la;;
ville;;
0;;
une;;
grande;;
fabrique;;
dans;;
un;;
pan;;
de;;
laquelle;;
il;;
s';;
était;;
taillé;;
une;;
habitation;;
commode;;
0;;
tout;;
ombragée;;
de;;
platanes;;
0;;
et;;
séparée;;
des;;
ateliers;;
par;;
un;;
vaste;;
jardin;;
.;;
"
";;
C';;
est;;
là;;
que;;
je;;
suis;;
venu;;
au;;
monde;;
et;;
que;;
j';;
ai;;
passé;;
les;;
premières;;
0;;
les;;
seules;;
bonnes;;
années;;
de;;
ma;;
vie;;
.;;
"
";;
Aussi;;
ma;;
mémoire;;
reconnaissante;;
a;;
-t;;
-elle;;
gardé;;
du;;
jardin;;
0;;
de;;
la;;
fabrique;;
et;;
des;;
platanes;;
un;;
impérissable;;
souvenir;;
0;;
et;;
lorsque;;
à;;
la;;
ruine;;
de;;
mes;;
parents;;
il;;
m';;
a;;
fallu;;
me;;
séparer;;
de;;
ces;;
choses;;
0;;
je;;
les;;
ai;;
positivement;;
regrettées;;
comme;;
des;;
êtres;;
.;;
"
";;
Je;;
dois;;
dire;;
0;;
pour;;
commencer;;
0;;
que;;
ma;;
naissance;;
ne;;
porta;;
pas;;
bonheur;;
à;;
la;;
maison;LOC;loc.fac
Eyssette;;
.;;
La;PER;
vieille;PER;
Annou;PER;
0;;
notre;;
cuisinière;;
0;;
m';;
a;;
souvent;;
conté;;
depuis;;
comme;;
quoi;;
mon;;
père;;
0;;
en;;
voyage;;
à;;
ce;;
moment;;
0;;
reçut;;
en;;
même;;
temps;;
la;;
nouvelle;;
de;;
mon;;
apparition;;
dans;;
le;;
monde;;
et;;
celle;;
de;;
la;;
disparition;;
d';;
un;;
de;;
ses;;
clients;;
de;;
Marseille;LOC;loc.adm.town
0;;
qui;;
lui;;
emportait;;
plus;;
de;;
quarante;;
mille;;
francs;;
";";;
si;;
bien;;
que;;
M.;PER;
Eyssette;PER;
0;;
heureux;;
et;;
désolé;;
du;;
même;;
coup;;
0;;
se;;
demandait;;
0;;
comme;;
l';;
autre;;
0;;
s';;
il;;
devait;;
pleurer;;
pour;;
la;;
disparition;;
du;;
client;;
de;;
Marseille;LOC;loc.adm.town
0;;
ou;;
rire;;
pour;;
l';;
heureuse;;
arrivée;;
du;;
Petit;PER;
Daniel;PER;
...;;
Il;;
fallait;;
pleurer;;
0;;
mon;;
bon;;
monsieur;PER;
Eyssette;PER;
0;;
il;;
fallait;;
pleurer;;
doublement;;
.;;
"
";;
C';;
est;;
une;;
vérité;;
0;;
je;;
fus;;
la;;
mauvaise;;
étoile;;
de;;
mes;;
parents;;
.;;
Du;;
jour;;
de;;
ma;;
naissance;;
0;;
d';;
incroyables;;
malheurs;;
les;;
assaillirent;;
par;;
vingt;;
endroits;;
.;;
D';;
abord;;
nous;;
eûmes;;
donc;;
le;;
client;;
de;;
Marseille;LOC;loc.adm.town
0;;
puis;;
deux;;
fois;;
le;;
feu;;
dans;;
la;;
même;;
année;;
0;;
puis;;
la;;
grève;;
des;;
ourdisseuses;;
0;;
puis;;
notre;;
brouille;;
avec;;
l';;
oncle;PER;
Baptiste;PER;
?;;
0;;
puis;;
un;;
procès;;
très;;
coûteux;;
avec;;
nos;;
marchands;;
de;;
couleurs;;
0;;
puis;;
0;;
enfin;;
0;;
la;;
révolution;;
de;;
18;;
...;;
0;;
qui;;
nous;;
donna;;
le;;
coup;;
de;;
grâce;;
.;;
"
";;
À;;
partir;;
de;;
ce;;
moment;;
0;;
la;;
fabrique;;
ne;;
battit;;
plus;;
que;;
d';;
une;;
aile;;
";";;
petit;;
à;;
petit;;
0;;
les;;
ateliers;;
se;;
vidèrent;;
:;;
chaque;;
semaine;;
un;;
métier;;
à;;
bas;;
0;;
chaque;;
mois;;
une;;
table;;
d';;
impression;;
de;;
moins;;
.;;
C';;
était;;
pitié;;
de;;
voir;;
la;;
vie;;
s';;
en;;
aller;;
de;;
notre;;
maison;;
comme;;
d';;
un;;
corps;;
malade;;
0;;
lentement;;
0;;
tous;;
les;;
jours;;
un;;
peu;;
.;;
Une;;
fois;;
0;;
on;;
n';;
entra;;
plus;;
dans;;
les;;
salles;;
du;;
second;;
.;;
Une;;
autre;;
fois;;
0;;
la;;
cour;;
du;;
fond;;
fut;;
condamnée;;
.;;
Cela;;
dura;;
ainsi;;
pendant;;
deux;;
ans;;
";";;
pendant;;
deux;;
ans;;
0;;
la;;
fabrique;;
agonisa;;
.;;
Enfin;;
0;;
un;;
jour;;
0;;
les;;
ouvriers;;
ne;;
vinrent;;
plus;;
0;;
la;;
cloche;;
des;;
ateliers;;
ne;;
sonna;;
pas;;
0;;
le;;
puits;;
à;;
roue;;
cessa;;
de;;
grincer;;
0;;
l';;
eau;;
des;;
grands;;
bassins;;
0;;
dans;;
lesquels;;
on;;
lavait;;
les;;
tissus;;
0;;
demeura;;
immobile;;
0;;
et;;
bientôt;;
0;;
dans;;
toute;;
la;;
fabrique;;
0;;
il;;
ne;;
resta;;
plus;;
que;;
M.;PER;
et;;
Mme;PER;
Eyssette;PER;
0;;
la;PER;
vieille;PER;
Annou;PER;
0;;
mon;;
frère;;
Jacques;PER;
et;;
moi;;
";";;
puis;;
0;;
là;;
0;;
bas;;
0;;
dans;;
le;;
fond;;
0;;
pour;;
garder;;
les;;
ateliers;;
0;;
le;PER;
concierge;PER;
Colombe;PER;
et;;
son;;
fils;;
le;PER;
petit;PER;
Rouget;PER;
.;;
"
";;
C';;
était;;
fini;;
0;;
nous;;
étions;;
ruinés;;
.;;
"
";;
J';;
avais;;
alors;;
six;;
ou;;
sept;;
ans;;
.;;
Comme;;
j';;
étais;;
très;;
frêle;;
et;;
maladif;;
0;;
mes;;
parents;;
n';;
avaient;;
pas;;
voulu;;
m';;
envoyer;;
à;;
l';;
école;;
.;;
Ma;;
mère;;
m';;
avait;;
seulement;;
appris;;
à;;
lire;;
et;;
à;;
écrire;;
0;;
plus;;
quelques;;
mots;;
d';;
espagnol;;
et;;
deux;;
ou;;
trois;;
airs;;
de;;
guitare;;
0;;
à;;
l';;
aide;;
desquels;;
on;;
m';;
avait;;
fait;;
0;;
dans;;
la;;
famille;;
0;;
une;;
réputation;;
de;;
petit;;
prodige;;
.;;
Grâce;;
à;;
ce;;
système;;
d';;
éducation;;
0;;
je;;
ne;;
bougeais;;
jamais;;
de;;
chez;;
nous;;
0;;
et;;
je;;
pus;;
assister;;
dans;;
tous;;
ses;;
détails;;
à;;
l';;
agonie;;
de;;
la;LOC;loc.fac
maison;LOC;loc.fac
Eyssette;;
.;;
Ce;;
spectacle;;
me;;
laissa;;
froid;;
0;;
je;;
l';;
avoue;;
";";;
même;;
je;;
trouvai;;
à;;
notre;;
ruine;;
ce;;
côté;;
très;;
agréable;;
que;;
je;;
pouvais;;
gambader;;
à;;
ma;;
guise;;
par;;
toute;;
la;;
fabrique;;
0;;
ce;;
qui;;
0;;
du;;
temps;;
des;;
ouvriers;;
0;;
ne;;
m';;
était;;
permis;;
que;;
le;;
dimanche;;
.;;
Je;;
disais;;
gravement;;
au;;
petit;PER;
Rouget;PER;
:;;
"
";;
«;;
Maintenant;;
0;;
la;;
fabrique;;
est;;
à;;
moi;;
";";;
on;;
me;;
l';;
a;;
donnée;;
pour;;
jouer;;
.;;
»;;
Et;;
le;PER;
petit;PER;
Rouget;PER;
me;;
croyait;;
.;;
Il;;
croyait;;
tout;;
ce;;
que;;
je;;
lui;;
disais;;
0;;
cet;;
imbécile;;
.;;
"
";;
À;;
la;;
maison;;
0;;
par;;
exemple;;
0;;
tout;;
le;;
monde;;
ne;;
prit;;
pas;;
notre;;
débâcle;;
aussi;;
gaiement;;
.;;
Tout;;
à;;
coup;;
0;;
M.;PER;
Eyssette;PER;
devint;;
terrible;;
:;;
c';;
était;;
dans;;
l';;
habitude;;
une;;
nature;;
enflammée;;
0;;
violente;;
0;;
exagérée;;
0;;
aimant;;
les;;
cris;;
0;;
la;;
casse;;
et;;
les;;
tonnerres;;
";";;
au;;
fond;;
0;;
un;;
très;;
excellent;;
homme;;
0;;
ayant;;
seulement;;
la;;
main;;
leste;;
0;;
le;;
verbe;;
haut;;
et;;
l';;
impérieux;;
besoin;;
de;;
donner;;
le;;
tremblement;;
à;;
tout;;
ce;;
qui;;
l';;
entourait;;
.;;
La;;
mauvaise;;
fortune;;
0;;
au;;
lieu;;
de;;
l';;
abattre;;
0;;
l';;
exaspéra;;
.;;
Du;;
soir;;
au;;
matin;;
0;;
ce;;
fut;;
une;;
colère;;
formidable;;
qui;;
0;;
ne;;
sachant;;
à;;
qui;;
s';;
en;;
prendre;;
0;;
s';;
attaquait;;
à;;
tout;;
0;;
au;;
soleil;;
0;;
au;;
mistral;;
0;;
à;;
Jacques;PER;
0;;
à;;
la;PER;
vieille;PER;
Annou;PER;
0;;
à;;
la;MISC;
Révolution;MISC;
0;;
oh;;
!;;
surtout;;
à;;
la;MISC;
Révolution;MISC;
!;;
...;;
À;;
entendre;;
mon;;
père;;
0;;
vous;;
auriez;;
juré;;
que;;
cette;;
révolution;;
de;;
18;;
...;;
0;;
qui;;
nous;;
avait;;
mis;;
à;;
mal;;
0;;
était;;
spécialement;;
dirigée;;
contre;;
nous;;
.;;
Aussi;;
0;;
je;;
vous;;
prie;;
de;;
croire;;
que;;
les;;
révolutionnaires;;
n';;
étaient;;
pas;;
en;;
odeur;;
de;;
sainteté;;
dans;;
la;LOC;loc.fac
maison;LOC;loc.fac
Eyssette;;
.;;
Dieu;;
sait;;
ce;;
que;;
nous;;
avons;;
dit;;
de;;
ces;;
messieurs;;
dans;;
ce;;
temps;;
.;;
là;;
...;;
Encore;;
aujourd'hui;;
0;;
quand;;
le;PER;
vieux;PER;
papa;PER;
Eyssette;PER;
(;;
que;;
Dieu;;
me;;
le;;
conserve;;
!;;
);;
sent;;
venir;;
son;;
accès;;
de;;
goutte;;
0;;
il;;
s';;
étend;;
péniblement;;
sur;;
sa;;
chaise;;
longue;;
0;;
et;;
nous;;
l';;
entendons;;
dire;;
:;;
«;;
Oh;;
!;;
ces;;
révolutionnaires;;
!;;
...;;
»;;
À;;
l';;
époque;;
dont;;
je;;
vous;;
parle;;
0;;
M.;PER;
Eyssette;PER;
n';;
avait;;
pas;;
la;;
goutte;;
0;;
et;;
la;;
douleur;;
de;;
se;;
voir;;
ruiné;;
en;;
avait;;
fait;;
un;;
homme;;
terrible;;
que;;
personne;;
ne;;
pouvait;;
approcher;;
.;;
Il;;
fallut;;
le;;
saigner;;
deux;;
fois;;
en;;
quinze;;
jours;;
.;;
Autour;;
de;;
lui;;
0;;
chacun;;
se;;
taisait;;
";";;
on;;
avait;;
peur;;
.;;
"
";;
À;;
table;;
0;;
nous;;
demandions;;
du;;
pain;;
à;;
voix;;
basse;;
.;;
On;;
n';;
osait;;
pas;;
même;;
pleurer;;
devant;;
lui;;
.;;
Aussi;;
0;;
dès;;
qu';;
il;;
avait;;
tourné;;
les;;
talons;;
0;;
ce;;
n';;
était;;
qu';;
un;;
sanglot;;
0;;
d';;
un;;
bout;;
de;;
la;;
maison;;
à;;
l';;
autre;;
";";;
ma;;
mère;;
0;;
la;PER;
vieille;PER;
Annou;PER;
0;;
mon;;
frère;;
Jacques;PER;
et;;
aussi;;
mon;;
grand;;
frère;;
l';;
abbé;;
0;;
lorsqu';;
il;;
venait;;
nous;;
voir;;
0;;
tout;;
le;;
monde;;
s';;
y;;
mettait;;
.;;
Ma;;
mère;;
0;;
cela;;
se;;
conçoit;;
0;;
pleurait;;
de;;
voir;;
M.;PER;
Eyssette;PER;
malheureux;;
";";;
l';;
abbé;;
et;;
la;PER;
vieille;PER;
Annou;PER;
pleuraient;;
de;;
voir;;
pleurer;;
Mme;PER;
Eyssette;PER;
";";;
quant;;
à;;
Jacques;PER;
0;;
trop;;
jeune;;
encore;;
pour;;
comprendre;;
nos;;
malheurs;;
--;;
il;;
avait;;
à;;
peine;;
deux;;
ans;;
de;;
plus;;
que;;
moi;;
--;;
il;;
pleurait;;
par;;
besoin;;
0;;
pour;;
le;;
plaisir;;
.;;
"
";;
Un;;
singulier;;
enfant;;
que;;
mon;;
frère;;
Jacques;PER;
";";;
en;;
voilà;;
un;;
qui;;
avait;;
le;;
don;;
des;;
larmes;;
!;;
D';;
aussi;;
loin;;
qu';;
il;;
me;;
souvienne;;
0;;
je;;
le;;
vois;;
les;;
yeux;;
rouges;;
et;;
la;;
joue;;
ruisselante;;
.;;
Le;;
soir;;
0;;
le;;
matin;;
0;;
de;;
jour;;
0;;
de;;
nuit;;
0;;
en;;
classe;;
0;;
à;;
la;;
maison;;
0;;
en;;
promenade;;
0;;
il;;
pleurait;;
sans;;
cesse;;
0;;
il;;
pleurait;;
partout;;
.;;
Quand;;
on;;
lui;;
disait;;
:;;
"
";;
«;;
Qu';;
as;;
0;;
tu;;
?;;
»;;
il;;
répondait;;
en;;
sanglotant;;
:;;
«;;
Je;;
n';;
ai;;
rien;;
.;;
»;;
Et;;
0;;
le;;
plus;;
curieux;;
0;;
c';;
est;;
qu';;
il;;
n';;
avait;;
rien;;
.;;
Il;;
pleurait;;
comme;;
on;;
se;;
mouche;;
0;;
plus;;
souvent;;
0;;
voilà;;
tout;;
.;;
Quelquefois;;
M.;PER;
Eyssette;PER;
0;;
exaspéré;;
0;;
disait;;
à;;
ma;;
mère;;
:;;
«;;
Cet;;
enfant;;
est;;
ridicule;;
0;;
regardez;;
0;;
le;;
...;;
c';;
est;;
un;;
fleuve;;
.;;
»;;
À;;
quoi;;
Mme;PER;
Eyssette;PER;
répondait;;
de;;
sa;;
voix;;
douce;;
:;;
«;;
Que;;
veux;;
0;;
tu;;
0;;
mon;;
ami;;
?;;
cela;;
passera;;
en;;
grandissant;;
";";;
à;;
son;;
âge;;
0;;
j';;
étais;;
comme;;
lui;;
.;;
»;;
En;;
attendant;;
0;;
Jacques;PER;
grandissait;;
";";;
il;;
grandissait;;
beaucoup;;
même;;
0;;
et;;
cela;;
ne;;
lui;;
passait;;
pas;;
.;;
Tout;;
au;;
contraire;;
0;;
la;;
singulière;;
aptitude;;
qu';;
avait;;
cet;;
étrange;;
garçon;;
à;;
répandre;;
sans;;
raison;;
des;;
averses;;
de;;
larmes;;
allait;;
chaque;;
jour;;
en;;
augmentant;;
.;;
Aussi;;
la;;
désolation;;
de;;
nos;;
parents;;
lui;;
fut;;
une;;
grande;;
fortune;;
...;;
C';;
est;;
pour;;
le;;
coup;;
qu';;
il;;
s';;
en;;
donna;;
de;;
sangloter;;
à;;
son;;
aise;;
0;;
des;;
journées;;
entières;;
0;;
sans;;
que;;
personne;;
vînt;;
lui;;
dire;;
:;;
«;;
Qu';;
as;;
0;;
tu;;
?;;
»;;
En;;
somme;;
0;;
pour;;
Jacques;PER;
comme;;
pour;;
moi;;
0;;
notre;;
ruine;;
avait;;
son;;
joli;;
côté;;
.;;
"
";;
Pour;;
ma;;
part;;
0;;
j';;
étais;;
très;;
heureux;;
.;;
On;;
ne;;
s';;
occupait;;
plus;;
de;;
moi;;
.;;
J';;
en;;
profitais;;
pour;;
jouer;;
tout;;
le;;
jour;;
avec;;
Rouget;PER;
parmi;;
les;;
ateliers;;
déserts;;
0;;
où;;
nos;;
pas;;
sonnaient;;
comme;;
dans;;
une;;
église;;
0;;
et;;
les;;
grandes;;
cours;;
abandonnées;;
0;;
que;;
l';;
herbe;;
envahissait;;
déjà;;
0;;
Ce;;
jeune;;
Rouget;PER;
0;;
fils;;
du;;
concierge;PER;
Colombe;PER;
0;;
était;;
un;;
gros;;
garçon;;
d';;
une;;
douzaine;;
d';;
années;;
0;;
fort;;
comme;;
un;;
bœuf;;
0;;
dévoué;;
comme;;
un;;
chien;;
0;;
bête;;
comme;;
une;;
oie;;
et;;
remarquable;;
surtout;;
par;;
une;;
chevelure;;
rouge;;
0;;
à;;
laquelle;;
il;;
devait;;
son;;
surnom;;
de;;
Rouget;PER;
.;;
Seulement;;
0;;
je;;
vais;;
vous;;
dire;;
:;;
Rouget;PER;
0;;
pour;;
moi;;
0;;
n';;
était;;
pas;;
Rouget;PER;
.;;
Il;;
était;;
tout;;
à;;
tour;;
mon;;
fidèle;;
Vendredi;PER;
0;;
une;;
tribu;;
de;;
sauvages;;
0;;
un;;
équipage;;
révolté;;
0;;
tout;;
ce;;
qu';;
on;;
voulait;;
.;;
Moi;;
0;;
même;;
0;;
en;;
ce;;
temps;;
-là;;
0;;
je;;
ne;;
m';;
appelais;;
pas;;
Daniel;PER;
Eyssette;PER;
:;;
j';;
étais;;
cet;;
homme;;
singulier;;
0;;
vêtu;;
de;;
peaux;;
de;;
bêtes;;
0;;
dont;;
on;;
venait;;
de;;
me;;
donner;;
les;;
aventures;;
0;;
master;PER;
Crusoe;PER;
lui-même;;
.;;
Douce;;
folie;;
!;;
Le;;
soir;;
0;;
après;;
souper;;
0;;
je;;
relisais;;
mon;;
Robinson;;
0;;
je;;
l';;
apprenais;;
par;;
cœur;;
";";;
le;;
jour;;
0;;
je;;
le;;
jouais;;
0;;
je;;
le;;
jouais;;
avec;;
rage;;
0;;
et;;
tout;;
ce;;
qui;;
m';;
entourait;;
0;;
je;;
l';;
enrôlais;;
dans;;
ma;;
comédie;;
.;;
La;;
fabrique;;
n';;
était;;
plus;;
la;;
fabrique;;
";";;
c';;
était;;
mon;;
île;;
déserte;;
0;;
oh;;
!;;
bien;;
déserte;;
.;;
"
";;
Les;;
bassins;;
jouaient;;
le;;
rôle;;
d';;
Océan;;
.;;
Le;;
jardin;;
faisait;;
une;;
forêt;;
vierge;;
.;;
Il;;
y;;
avait;;
dans;;
les;;
platanes;;
un;;
tas;;
de;;
cigales;;
qui;;
étaient;;
de;;
la;;
pièce;;
et;;
qui;;
ne;;
le;;
savaient;;
pas;;
.;;
"
";;
Rouget;PER;
0;;
lui;;
non;;
plus;;
0;;
ne;;
se;;
doutait;;
guère;;
de;;
l';;
importance;;
de;;
son;;
rôle;;
.;;
Si;;
on;;
lui;;
avait;;
demandé;;
ce;;
que;;
c';;
était;;
que;;
Robinson;;
0;;
on;;
l';;
aurait;;
bien;;
embarrassé;;
";";;
pourtant;;
je;;
dois;;
dire;;
qu';;
il;;
tenait;;
son;;
emploi;;
avec;;
la;;
plus;;
grande;;
conviction;;
0;;
et;;
que;;
0;;
pour;;
imiter;;
le;;
rugissement;;
des;;
sauvages;;
0;;
il;;
n';;
y;;
en;;
avait;;
pas;;
comme;;
lui;;
.;;
"
";;
Où;;
avait;;
-il;;
appris;;
?;;
Je;;
l';;
ignore;;
...;;
Toujours;;
est;;
-il;;
que;;
ces;;
grands;;
rugissements;;
de;;
sauvage;;
qu';;
il;;
allait;;
chercher;;
dans;;
le;;
fond;;
de;;
sa;;
gorge;;
0;;
en;;
agitant;;
sa;;
forte;;
crinière;;
rouge;;
0;;
auraient;;
fait;;
frémir;;
les;;
plus;;
braves;;
.;;
"
";;
Moi;;
0;;
même;;
0;;
Robinson;;
0;;
j';;
en;;
avais;;
quelquefois;;
le;;
cœur;;
bouleversé;;
0;;
et;;
j';;
étais;;
obligé;;
de;;
lui;;
dire;;
à;;
voix;;
basse;;
!;;
«;;
Pas;;
si;;
fort;;
0;;
Rouget;PER;
0;;
tu;;
me;;
fais;;
peur;;
.;;
»;;
Malheureusement;;
0;;
si;;
Rouget;PER;
0;;
imitait;;
le;;
cri;;
des;;
sauvages;;
très;;
bien;;
0;;
il;;
savait;;
encore;;
mieux;;
dire;;
les;;
gros;;
mots;;
d';;
enfants;;
de;;
la;;
rue;;
et;;
jurer;;
le;;
nom;;
de;;
Notre-Seigneur;MISC;
.;;
Tout;;
en;;
jouant;;
0;;
j';;
appris;;
à;;
faire;;
comme;;
lui;;
0;;
et;;
un;;
jour;;
0;;
en;;
pleine;;
table;;
0;;
un;;
formidable;;
juron;;
m';;
échappa;;
je;;
ne;;
sais;;
comment;;
0;;
Consternation;;
générale;;
!;;
«;;
Qui;;
t';;
a;;
appris;;
cela;;
?;;
Où;;
l';;
as;;
0;;
tu;;
entendu;;
?;;
»;;
Ce;;
fut;;
un;;
événement;;
.;;
M.;PER;
Eyssette;PER;
parla;;
tout;;
de;;
suite;;
de;;
me;;
mettre;;
dans;;
une;;
maison;;
de;;
correction;;
";";;
mon;;
grand;;
frère;;
l';;
abbé;;
dit;;
qu';;
avant;;
toute;;
chose;;
on;;
devait;;
m';;
envoyer;;
à;;
confesse;;
0;;
puisque;;
j';;
avais;;
l';;
âge;;
de;;
raison;;
.;;
On;;
me;;
mena;;
à;;
confesse;;
.;;
Grande;;
affaire;;
!;;
Il;;
fallait;;
ramasser;;
dans;;
tous;;
les;;
coins;;
de;;
ma;;
conscience;;
un;;
tas;;
de;;
vieux;;
péchés;;
qui;;
traînaient;;
là;;
depuis;;
sept;;
ans;;
.;;
Je;;
ne;;
dormis;;
pas;;
de;;
deux;;
nuits;;
";";;
c';;
est;;
qu';;
il;;
y;;
en;;
avait;;
toute;;
une;;
panerée;;
de;;
ces;;
diables;;
de;;
péchés;;
";";;
j';;
avais;;
mis;;
les;;
plus;;
petits;;
dessus;;
0;;
mais;;
c';;
est;;
égal;;
0;;
les;;
autres;;
se;;
voyaient;;
0;;
et;;
lorsque;;
0;;
agenouillé;;
dans;;
la;;
petite;;
armoire;;
de;;
chêne;;
0;;
il;;
fallut;;
montrer;;
tout;;
cela;;
au;;
curé;;
des;;
Récollets;;
0;;
je;;
crus;;
que;;
je;;
mourrais;;
de;;
peur;;
et;;
de;;
confusion;;
...;;
"
";;
Ce;;
fut;;
fini;;
.;;
Je;;
ne;;
voulus;;
plus;;
jouer;;
avec;;
Rouget;PER;
";";;
je;;
savais;;
maintenant;;
0;;
c';;
est;;
saint;;
Paul;;
qui;;
l';;
a;;
dit;;
et;;
le;;
curé;;
des;;
Récollets;;
me;;
le;;
répéta;;
0;;
que;;
le;;
démon;;
rôde;;
éternellement;;
autour;;
de;;
nous;;
comme;;
un;;
lion;;
0;;
quaerens;;
quem;;
devoret;;
?;;
Oh;;
!;;
ce;;
quaerens;;
quem;;
devoret;;
0;;
quelle;;
impression;;
il;;
me;;
fit;;
!;;
Je;;
savais;;
aussi;;
que;;
cet;;
intrigant;;
de;;
Lucifer;MISC;
prend;;
tous;;
les;;
visages;;
qu';;
il;;
veut;;
pour;;
vous;;
tenter;;
";";;
et;;
vous;;
ne;;
m';;
auriez;;
pas;;
ôté;;
de;;
l';;
idée;;
qu';;
il;;
s';;
était;;
caché;;
dans;;
la;;
peau;;
de;;
Rouget;PER;
pour;;
m';;
apprendre;;
à;;
jurer;;
le;;
nom;;
de;;
Dieu;;
.;;
Aussi;;
0;;
mon;;
premier;;
soin;;
0;;
en;;
rentrant;;
à;;
la;;
fabrique;;
0;;
fut;;
d';;
avertir;;
Vendredi;;
qu';;
il;;
eût;;
à;;
rester;;
chez;;
lui;;
dorénavant;;
.;;
Infortuné;;
Vendredi;PER;
!;;
Cet;;
ukase;;
lui;;
creva;;
0;;
le;;
cœur;;
0;;
mais;;
il;;
s';;
y;;
conforma;;
sans;;
une;;
plainte;;
.;;
Quelquefois;;
je;;
l';;
apercevais;;
debout;;
0;;
sur;;
la;;
porte;;
de;;
la;;
loge;;
0;;
du;;
côté;;
des;;
ateliers;;
";";;
il;;
se;;
tenait;;
là;;
tristement;;
";";;
et;;
lorsqu';;
il;;
voyait;;
que;;
je;;
le;;
regardais;;
0;;
le;;
malheureux;;
poussait;;
pour;;
m';;
attendrir;;
les;;
plus;;
effroyables;;
rugissements;;
0;;
en;;
agitant;;
sa;;
crinière;;
flamboyante;;
";";;
mais;;
plus;;
il;;
rugissait;;
0;;
plus;;
je;;
me;;
tenais;;
loin;;
.;;
Je;;
trouvais;;
qu';;
il;;
ressemblait;;
au;;
fameux;;
lion;;
quaerens;;
.;;
Je;;
lui;;
criais;;
:;;
«;;
Va;;
0;;
t';;
en;;
!;;
tu;;
me;;
fais;;
horreur;;
.;;
»;;
Rouget;PER;
s';;
obstina;;
à;;
rugir;;
ainsi;;
pendant;;
quelques;;
jours;;
";";;
puis;;
0;;
un;;
matin;;
0;;
son;;
père;;
0;;
fatigué;;
de;;
ses;;
rugissements;;
à;;
domicile;;
0;;
l';;
envoya;;
rugir;;
en;;
apprentissage;;
0;;
et;;
je;;
ne;;
le;;
revis;;
plus;;
.;;
"
";;
Mon;;
enthousiasme;;
pour;;
Robinson;;
n';;
en;;
fut;;
pas;;
un;;
instant;;
refroidi;;
.;;
Tout;;
juste;;
vers;;
ce;;
temps;;
-là;;
0;;
l';PER;
oncle;PER;
Baptiste;PER;
se;;
dégoûta;;
subitement;;
de;;
son;;
perroquet;;
et;;
me;;
le;;
donna;;
.;;
Ce;;
perroquet;;
remplaça;;
Vendredi;PER;
.;;
Je;;
l';;
installai;;
dans;;
une;;
belle;;
cage;;
au;;
fond;;
de;;
ma;;
résidence;;
d';;
hiver;;
";";;
et;;
me;;
voilà;;
0;;
plus;;
Crusoé;PER;
que;;
jamais;;
0;;
passant;;
mes;;
journées;;
en;;
tête-à-tête;;
avec;;
cet;;
intéressant;;
volatile;;
et;;
cherchant;;
à;;
lui;;
faire;;
dire;;
:;;
«;;
Robinson;;
0;;
mon;;
pauvre;;
Robinson;PER;
!;;
»;;
Comprenez;;
-vous;;
cela;;
?;;
"
";;
Ce;;
perroquet;;
0;;
que;;
l';PER;
oncle;PER;
Baptiste;PER;
m';;
avait;;
donné;;
pour;;
se;;
débarrasser;;
de;;
son;;
éternel;;
bavardage;;
0;;
s';;
obstina;;
à;;
ne;;
pas;;
parler;;
dès;;
qu';;
il;;
fut;;
à;;
moi;;
...;;
Pas;;
plus;;
«;;
mon;;
pauvre;;
Robinson;;
»;;
qu';;
autre;;
chose;;
";";;
jamais;;
je;;
n';;
en;;
pus;;
rien;;
tirer;;
.;;
Malgré;;
cela;;
0;;
je;;
l';;
aimais;;
beaucoup;;
et;;
j';;
en;;
avais;;
le;;
plus;;
grand;;
soin;;
.;;
"
";;
Nous;;
vivions;;
ainsi;;
0;;
mon;;
perroquet;;
et;;
moi;;
0;;
dans;;
la;;
plus;;
austère;;
solitude;;
0;;
lorsqu';;
un;;
matin;;
il;;
m';;
arriva;;
une;;
chose;;
vraiment;;
extraordinaire;;
.;;
Ce;;
jour;;
-là;;
0;;
j';;
avais;;
quitté;;
ma;;
cabane;;
de;;
bonne;;
heure;;
et;;
je;;
faisais;;
0;;
armé;;
jusqu';;
aux;;
dents;;
0;;
un;;
voyage;;
d';;
exploration;;
à;;
travers;;
mon;;
île;;
...;;
Tout;;
à;;
coup;;
0;;
je;;
vis;;
venir;;
de;;
mon;;
côté;;
un;;
groupe;;
de;;
trois;;
ou;;
quatre;;
personnes;;
0;;
qui;;
parlaient;;
à;;
voix;;
très;;
haute;;
et;;
gesticulaient;;
vivement;;
.;;
Juste;;
Dieu;MISC;
!;;
des;;
hommes;;
dans;;
mon;;
île;;
!;;
Je;;
n';;
eus;;
que;;
le;;
temps;;
de;;
me;;
jeter;;
derrière;;
un;;
bouquet;;
de;;
lauriers;;
roses;;
0;;
et;;
à;;
plat;;
ventre;;
0;;
s';;
il;;
vous;;
plaît;;
...;;
Les;;
hommes;;
passèrent;;
près;;
de;;
moi;;
sans;;
me;;
voir;;
...;;
Je;;
crus;;
distinguer;;
la;;
voix;;
du;;
concierge;PER;
Colombe;PER;
0;;
ce;;
qui;;
me;;
rassura;;
un;;
peu;;
";";;
mais;;
0;;
c';;
est;;
égal;;
0;;
dès;;
qu';;
ils;;
furent;;
loin;;
je;;
sortis;;
de;;
ma;;
cachette;;
et;;
je;;
les;;
suivis;;
à;;
distance;;
pour;;
voir;;
ce;;
que;;
tout;;
cela;;
deviendrait;;
...;;
"
";;
Ces;;
étrangers;;
restèrent;;
longtemps;;
dans;;
mon;;
île;;
.;;
"
";;
Ils;;
la;;
visitèrent;;
d';;
un;;
bout;;
à;;
l';;
autre;;
dans;;
tous;;
ses;;
détails;;
.;;
Je;;
les;;
vis;;
entrer;;
dans;;
mes;;
grottes;;
et;;
sonder;;
avec;;
leurs;;
cannes;;
la;;
profondeur;;
de;;
mes;;
océans;;
.;;
De;;
temps;;
en;;
temps;;
ils;;
s';;
arrêtaient;;
et;;
remuaient;;
la;;
tête;;
.;;
"
";;
Toute;;
ma;;
crainte;;
était;;
qu';;
ils;;
ne;;
vinssent;;
à;;
découvrir;;
mes;;
résidences;;
...;;
Que;;
serais;;
-je;;
devenu;;
0;;
grand;;
Dieu;MISC;
!;;
"
";;
Heureusement;;
0;;
il;;
n';;
en;;
fut;;
rien;;
0;;
et;;
au;;
bout;;
d';;
une;;
demi-heure;;
0;;
les;;
hommes;;
se;;
retirèrent;;
sans;;
se;;
douter;;
seulement;;
que;;
l';;
île;;
était;;
habitée;;
.;;
Dès;;
qu';;
ils;;
furent;;
partis;;
0;;
je;;
courus;;
m';;
enfermer;;
dans;;
une;;
de;;
mes;;
cabanes;;
0;;
et;;
passai;;
là;;
le;;
reste;;
du;;
jour;;
à;;
me;;
demander;;
quels;;
étaient;;
ces;;
hommes;;
et;;
ce;;
qu';;
ils;;
étaient;;
venus;;
faire;;
.;;
"
";;
J';;
allais;;
le;;
savoir;;
bientôt;;
.;;
"
";;
Le;;
soir;;
0;;
à;;
souper;;
0;;
M.;PER;
Eyssette;PER;
nous;;
annonça;;
solennellement;;
que;;
la;;
fabrique;;
était;;
vendue;;
0;;
et;;
que;;
0;;
dans;;
un;;
mois;;
0;;
nous;;
partirions;;
tous;;
pour;;
Lyon;LOC;loc.adm.town
0;;
où;;
nous;;
allions;;
demeurer;;
désormais;;
.;;
"
";;
Ce;;
fut;;
un;;
coup;;
terrible;;
.;;
Il;;
me;;
sembla;;
que;;
le;;
ciel;;
croulait;;
.;;
La;;
fabrique;;
vendue;;
!;;
...;;
Eh;;
bien;;
0;;
et;;
mon;;
île;;
0;;
mes;;
grottes;;
0;;
mes;;
cabanes;;
?;;
Hélas;;
!;;
l';;
île;;
0;;
les;;
grottes;;
0;;
les;;
cabanes;;
0;;
M.;PER;
Eyssette;PER;
avait;;
tout;;
vendu;;
";";;
il;;
fallait;;
tout;;
quitter;;
.;;
Dieu;MISC;
0;;
que;;
je;;
pleurais;;
!;;
...;;
"
";;
Pendant;;
un;;
mois;;
0;;
tandis;;
qu';;
à;;
la;;
maison;;
on;;
emballait;;
les;;
glaces;;
0;;
la;;
vaisselle;;
0;;
je;;
me;;
promenais;;
triste;;
et;;
seul;;
dans;;
ma;;
chère;;
fabrique;;
0;;
Je;;
n';;
avais;;
plus;;
le;;
cœur;;
à;;
jouer;;
0;;
vous;;
pensez;;
...;;
oh;;
!;;
non;;
...;;
J';;
allais;;
m';;
asseoir;;
dans;;
tous;;
les;;
coins;;
0;;
et;;
regardant;;
les;;
objets;;
autour;;
de;;
moi;;
0;;
je;;
leur;;
parlais;;
comme;;
à;;
des;;
personnes;;
";";;
je;;
disais;;
aux;;
platanes;;
:;;
«;;
Adieu;;
0;;
mes;;
chers;;
amis;;
!;;
»;;
et;;
aux;;
bassins;;
:;;
«;;
C';;
est;;
fini;;
0;;
nous;;
ne;;
nous;;
verrons;;
plus;;
!;;
»;;
Il;;
y;;
avait;;
dans;;
le;;
fond;;
du;;
jardin;;
un;;
grand;;
grenadier;;
dont;;
les;;
belles;;
fleurs;;
rouges;;
s';;
épanouissaient;;
au;;
soleil;;
.;;
Je;;
lui;;
dis;;
en;;
sanglotant;;
:;;
«;;
Donne;;
-moi;;
une;;
de;;
tes;;
fleurs;;
.;;
»;;
Il;;
me;;
la;;
donna;;
.;;
Je;;
la;;
mis;;
dans;;
ma;;
poitrine;;
0;;
en;;
souvenir;;
de;;
lui;;
.;;
J';;
étais;;
très;;
malheureux;;
.;;
"
";;
Pourtant;;
0;;
au;;
milieu;;
de;;
cette;;
grande;;
douleur;;
0;;
deux;;
choses;;
me;;
faisaient;;
sourire;;
:;;
d';;
abord;;
la;;
pensée;;
de;;
monter;;
sur;;
un;;
navire;;
0;;
puis;;
la;;
permission;;
qu';;
on;;
;;
m';;
avait;;
donnée;;
d';;
emporter;;
mon;;
perroquet;;
avec;;
moi;;
.;;
"
";;
Je;;
me;;
disais;;
que;;
Robinson;;
avait;;
quitté;;
son;;
île;;
dans;;
des;;
conditions;;
à;;
peu;;
près;;
semblables;;
0;;
et;;
cela;;
me;;
donnait;;
du;;
courage;;
.;;
"
";;
Enfin;;
0;;
le;;
jour;;
du;;
départ;;
arriva;;
.;;
M.;PER;
Eyssette;PER;
était;;
déjà;;
à;;
Lyon;LOC;loc.adm.town
depuis;;
une;;
semaine;;
.;;
Il;;
avait;;
pris;;
les;;
devant;;
avec;;
les;;
gros;;
meubles;;
.;;
Je;;
partis;;
donc;;
en;;
compagnie;;
de;;
Jacques;PER;
0;;
de;;
ma;;
mère;;
et;;
de;;
la;PER;
vieille;PER;
Annou;PER;
.;;
Mon;;
grand;;
frère;;
l';;
abbé;;
ne;;
partait;;
pas;;
0;;
mais;;
il;;
nous;;
accompagna;;
jusqu';;
à;;
la;;
diligence;;
de;;
Beaucaire;;
?;;
0;;
et;;
aussi;;
le;PER;
concierge;PER;
Colombe;PER;
nous;;
accompagna;;
.;;
C';;
est;;
lui;;
qui;;
marchait;;
devant;;
en;;
poussant;;
une;;
énorme;;
brouette;;
chargée;;
de;;
malles;;
.;;
Derrière;;
venait;;
mon;;
frère;;
l';;
abbé;;
0;;
donnant;;
le;;
bras;;
à;;
Mme;PER;
Eyssette;PER;
.;;
"
";;
Mon;;
pauvre;;
abbé;;
0;;
que;;
je;;
ne;;
devais;;
plus;;
revoir;;
!;;
"
";;
La;PER;
vieille;PER;
Annou;PER;
marchait;;
ensuite;;
0;;
flanquée;;
d';;
un;;
énorme;;
parapluie;;
bleu;;
et;;
de;;
Jacques;PER;
0;;
qui;;
était;;
bien;;
content;;
d';;
aller;;
à;;
Lyon;LOC;loc.adm.town
0;;
mais;;
qui;;
sanglotait;;
tout;;
de;;
même;;
...;;
Enfin;;
0;;
à;;
la;;
queue;;
de;;
la;;
colonne;;
venait;;
Daniel;PER;
Eyssette;PER;
0;;
portant;;
gravement;;
la;;
cage;;
du;;
perroquet;;
et;;
se;;
retournant;;
à;;
chaque;;
pas;;
du;;
côté;;
de;;
sa;;
chère;;
fabrique;;
.;;
"
";;
À;;
mesure;;
que;;
la;;
caravane;;
s';;
éloignait;;
0;;
l';;
arbre;;
aux;;
grenades;;
se;;
haussait;;
tant;;
qu';;
il;;
pouvait;;
par;;
0;;
dessus;;
les;;
murs;;
du;;
jardin;;
pour;;
la;;
voir;;
encore;;
une;;
fois;;
...;;
Les;;
platanes;;
agitaient;;
leurs;;
branches;;
en;;
signe;;
d';;
adieu;;
...;;
"
";;
Daniel;PER;
Eyssette;PER;
0;;
très;;
ému;;
0;;
leur;;
envoyait;;
des;;
baisers;;
à;;
tous;;
0;;
furtivement;;
et;;
du;;
bout;;
des;;
doigts;;
.;;
"
";;
Je;;
quittai;;
mon;;
île;;
le;;
3;;
septembre;;
18;;
...;;
"
";;
II;;
--;;
LES;;
BABAROTRES;;
"
";;
O;;
CHOSES;;
de;;
mon;;
enfance;;
0;;
quelle;;
impression;;
VOUS;;
m';;
avez;;
laissée;;
!;;
Il;;
me;;
semble;;
que;;
c';;
est;;
hier;;
0;;
ce;;
voyage;;
sur;;
le;LOC;loc.phys.hydro
Rhône;LOC;loc.phys.hydro
.;;
Je;;
vois;;
encore;;
le;;
bateau;;
0;;
ses;;
passagers;;
0;;
son;;
équipage;;
";";;
j';;
entends;;
le;;
bruit;;
des;;
roues;;
et;;
le;;
sifflet;;
de;;
la;;
machine;;
.;;
Le;;
capitaine;;
s';;
appelait;;
Géniès;PER;
0;;
le;;
maître;;
coq;;
Montélimart;PER;
.;;
On;;
n';;
oublie;;
pas;;
ces;;
choses;;
-là;;
.;;
"
";;
La;;
traversée;;
dura;;
trois;;
jours;;
.;;
Je;;
passai;;
ces;;
trois;;
jours;;
sur;;
le;;
pont;;
0;;
descendant;;
au;;
salon;;
juste;;
pour;;
manger;;
et;;
dormir;;
.;;
Le;;
reste;;
du;;
temps;;
0;;
j';;
allais;;
me;;
mettre;;
à;;
la;;
pointe;;
extrême;;
du;;
navire;;
0;;
près;;
de;;
l';;
ancre;;
.;;
"
";;
Il;;
y;;
avait;;
là;;
une;;
grosse;;
cloche;;
qu';;
on;;
sonnait;;
en;;
entrant;;
dans;;
les;;
villes;;
:;;
je;;
m';;
asseyais;;
à;;
côté;;
de;;
cette;;
cloche;;
0;;
parmi;;
des;;
tas;;
de;;
cordes;;
";";;
je;;
posais;;
la;;
cage;;
du;;
perroquet;;
entre;;
mes;;
jambes;;
et;;
je;;
regardais;;
.;;
Le;LOC;loc.phys.hydro
Rhône;LOC;loc.phys.hydro
était;;
si;;
large;;
qu';;
on;;
voyait;;
à;;
peine;;
ses;;
rives;;
.;;
"
";;
Moi;;
0;;
je;;
l';;
aurais;;
voulu;;
encore;;
plus;;
large;;
0;;
et;;
qu';;
il;;
se;;
fût;;
appelé;;
:;;
la;;
mer;;
!;;
Le;;
ciel;;
riait;;
0;;
l';;
onde;;
était;;
verte;;
.;;
"
";;
Des;;
grandes;;
barques;;
descendaient;;
au;;
fil;;
de;;
l';;
eau;;
.;;
Des;;
mariniers;;
0;;
guéant;;
le;;
fleuve;;
à;;
dos;;
de;;
mules;;
0;;
passaient;;
près;;
de;;
nous;;
en;;
chantant;;
.;;
Parfois;;
0;;
le;;
bateau;;
longeait;;
quelque;;
île;;
bien;;
touffue;;
0;;
couverte;;
de;;
joncs;;
et;;
de;;
saules;;
:;;
«;;
Oh;;
!;;
une;;
île;;
déserte;;
!;;
»;;
me;;
disais;;
-je;;
dans;;
moi;;
0;;
même;;
";";;
et;;
je;;
la;;
dévorais;;
des;;
yeux;;
...;;
"
";;
Vers;;
la;;
fin;;
du;;
troisième;;
jour;;
0;;
je;;
crus;;
que;;
nous;;
allions;;
avoir;;
un;;
grain;;
.;;
Le;;
ciel;;
s';;
était;;
assombri;;
subitement;;
";";;
un;;
brouillard;;
épais;;
dansait;;
sur;;
le;;
fleuve;;
";";;
à;;
l';;
avant;;
du;;
navire;;
on;;
avait;;
allumé;;
une;;
grosse;;
lanterne;;
0;;
et;;
0;;
ma;;
foi;;
0;;
en;;
présence;;
de;;
tous;;
ces;;
symptômes;;
0;;
je;;
commençais;;
à;;
être;;
ému;;
...;;
À;;
ce;;
moment;;
0;;
quelqu';;
un;;
dit;;
près;;
de;;
moi;;
:;;
«;;
Voilà;;
Lyon;LOC;loc.adm.town
!;;
»;;
En;;
même;;
temps;;
la;;
grosse;;
cloche;;
se;;
mit;;
à;;
sonner;;
.;;
C';;
était;;
Lyon;LOC;loc.adm.town
.;;
"
";;
Confusément;;
0;;
dans;;
le;;
brouillard;;
0;;
je;;
vis;;
des;;
lumières;;
briller;;
sur;;
l';;
une;;
et;;
sur;;
l';;
autre;;
rive;;
";";;
nous;;
passâmes;;
sous;;
un;;
pont;;
0;;
puis;;
sous;;
un;;
autre;;
.;;
À;;
chaque;;
fois;;
l';;
énorme;;
tuyau;;
de;;
la;;
cheminée;;
se;;
courbait;;
en;;
deux;;
et;;
crachait;;
des;;
torrents;;
d';;
une;;
fumée;;
noire;;
qui;;
faisait;;
tousser;;
...;;
Sur;;
le;;
bateau;;
0;;
c';;
était;;
un;;
remue;;
0;;
ménage;;
effroyable;;
.;;
Les;;
passagers;;
cherchaient;;
leurs;;
malles;;
";";;
les;;
matelots;;
juraient;;
en;;
roulant;;
des;;
tonneaux;;
dans;;
l';;
ombre;;
.;;
Il;;
pleuvait;;
...;;
"
";;
Je;;
me;;
hâtai;;
de;;
rejoindre;;
ma;;
mère;;
0;;
Jacques;PER;
et;;
la;PER;
vieille;PER;
Annou;PER;
qui;;
étaient;;
à;;
l';;
autre;;
bout;;
du;;
bateau;;
0;;
et;;
nous;;
voilà;;
tous;;
les;;
quatre;;
0;;
serrés;;
les;;
uns;;
contre;;
les;;
autres;;
0;;
sous;;
le;;
grand;;
parapluie;;
d';;
Annou;PER;
0;;
tandis;;
que;;
le;;
bateau;;
se;;
rangeait;;
au;;
long;;
des;;
quais;;
et;;
que;;
le;;
débarquement;;
commençait;;
0;;
En;;
vérité;;
0;;
si;;
M.;PER;
Eyssette;PER;
n';;
était;;
pas;;
venu;;
nous;;
tirer;;
de;;
là;;
0;;
je;;
crois;;
que;;
nous;;
n';;
en;;
serions;;
jamais;;
sortis;;
.;;
"
";;
Il;;
arriva;;
vers;;
nous;;
0;;
à;;
tâtons;;
0;;
en;;
criant;;
:;;
«;;
Qui;;
vive;;
!;;
qui;;
vive;;
!;;
»;;
À;;
ce;;
«;;
qui;;
vive;;
!;;
»;;
bien;;
connu;;
0;;
nous;;
répondîmes;;
:;;
«;;
amis;;
!;;
»;;
tous;;
les;;
quatre;;
à;;
la;;
fois;;
avec;;
un;;
bonheur;;
0;;
un;;
soulagement;;
inexprimable;;
...;;
M.;PER;
Eyssette;PER;
nous;;
embrassa;;
lestement;;
0;;
prit;;
mon;;
frère;;
d';;
une;;
main;;
0;;
moi;;
de;;
l';;
autre;;
0;;
dit;;
aux;;
femmes;;
:;;
«;;
Suivez;;
-moi;;
!;;
»;;
et;;
en;;
route;;
...;;
Ah;;
!;;
c';;
était;;
un;;
homme;;
.;;
"
";;
Nous;;
avancions;;
avec;;
peine;;
";";;
il;;
faisait;;
nuit;;
0;;
le;;
pont;;
glissait;;
.;;
À;;
chaque;;
pas;;
0;;
on;;
se;;
heurtait;;
contre;;
des;;
caisses;;
...;;
Tout;;
à;;
coup;;
0;;
du;;
bout;;
du;;
navire;;
0;;
une;;
voix;;
stridente;;
0;;
éplorée;;
0;;
arrive;;
jusqu';;
à;;
nous;;
:;;
«;;
Robinson;;
!;;
Robinson;PER;
!;;
»;;
disait;;
la;;
voix;;
.;;
"
";;
«;;
Ah;;
!;;
mon;;
Dieu;MISC;
!;;
»;;
m';;
écriai;;
-je;;
";";;
et;;
j';;
essayai;;
de;;
dégager;;
ma;;
main;;
de;;
celle;;
de;;
mon;;
père;;
";";;
lui;;
0;;
croyant;;
que;;
j';;
avais;;
glissé;;
0;;
me;;
serra;;
plus;;
fort;;
.;;
"
";;
La;;
voix;;
reprit;;
0;;
plus;;
stridente;;
encore;;
0;;
et;;
plus;;
éplorée;;
:;;
«;;
Robinson;;
!;;
mon;;
pauvre;;
Robinson;PER;
!;;
»;;
Je;;
fis;;
un;;
nouvel;;
effort;;
pour;;
dégager;;
ma;;
main;;
.;;
«;;
Mon;;
perroquet;;
0;;
criai;;
-je;;
0;;
mon;;
perroquet;;
!;;
--;;
Il;;
parle;;
donc;;
maintenant;;
?;;
»;;
dit;;
Jacques;PER;
.;;
"
";;
S';;
il;;
parlait;;
0;;
je;;
crois;;
bien;;
";";;
on;;
l';;
entendait;;
d';;
une;;
lieue;;
.;;
Dans;;
mon;;
trouble;;
0;;
je;;
l';;
avais;;
oublié;;
là;;
0;;
bas;;
0;;
tout;;
au;;
bout;;
du;;
navire;;
0;;
près;;
de;;
l';;
ancre;;
0;;
et;;
c';;
est;;
de;;
là;;
qu';;
il;;
m';;
appelait;;
0;;
en;;
criant;;
de;;
toutes;;
ses;;
forces;;
:;;
«;;
Robinson;;
!;;
Robinson;PER;
!;;
mon;;
pauvre;;
Robinson;;
!;;
»;;
Malheureusement;;
nous;;
étions;;
loin;;
";";;
le;;
capitaine;;
criait;;
:;;
«;;
Dépêchons;;
-nous;;
.;;
»;;
«;;
Nous;;
viendrons;;
le;;
chercher;;
demain;;
0;;
dit;;
M.;PER;
Eyssette;PER;
0;;
sur;;
les;;
bateaux;;
0;;
rien;;
ne;;
s';;
égare;;
.;;
»;;
Et;;
là;;
0;;
dessus;;
0;;
malgré;;
mes;;
larmes;;
0;;
il;;
m';;
entraîna;;
.;;
Pécaire;;
!;;
le;;
lendemain;;
on;;
l';;
envoya;;
chercher;;
et;;
on;;
ne;;
le;;
trouva;;
pas;;
...;;
"
";;
Jugez;;
de;;
mon;;
désespoir;;
:;;
plus;;
de;;
Vendredi;PER;
!;;
plus;;
de;;
perroquet;;
!;;
Robinson;PER;
n';;
était;;
plus;;
possible;;
.;;
Le;;
moyen;;
0;;
d';;
ailleurs;;
0;;
avec;;
la;;
meilleure;;
volonté;;
du;;
monde;;
0;;
de;;
se;;
forger;;
une;;
île;;
déserte;;
0;;
à;;
un;;
quatrième;;
étage;;
0;;
dans;;
une;;
maison;;
sale;;
et;;
humide;;
0;;
rue;;
Lanterne;;
?;;
"
";;
Oh;;
!;;
l';;
horrible;;
maison;;
!;;
Je;;
la;;
verrai;;
toute;;
ma;;
vie;;
:;;
"
";;
l';;
escalier;;
était;;
gluant;;
";";;
la;;
cour;;
ressemblait;;
à;;
un;;
puits;;
";";;
le;;
concierge;;
0;;
un;;
cordonnier;;
0;;
avait;;
son;;
échoppe;;
contre;;
la;;
pompe;;
...;;
C';;
était;;
hideux;;
.;;
"
";;
Le;;
soir;;
de;;
notre;;
arrivée;;
0;;
la;PER;
vieille;PER;
Annou;PER;
0;;
en;;
s';;
installant;;
dans;;
sa;;
cuisine;;
0;;
poussa;;
un;;
cri;;
de;;
détresse;;
:;;
"
";;
«;;
Les;;
babarottes;;
!;;
les;;
babarottes;;
!;;
»;;
Nous;;
accourûmes;;
.;;
Quel;;
spectacle;;
!;;
...;;
La;;
cuisine;;
était;;
pleine;;
de;;
ces;;
vilaines;;
bêtes;;
";";;
il;;
y;;
en;;
avait;;
sur;;
la;;
crédence;;
0;;
au;;
long;;
des;;
murs;;
0;;
dans;;
les;;
tiroirs;;
0;;
sur;;
la;;
cheminée;;
0;;
dans;;
le;;
buffet;;
0;;
partout;;
.;;
Sans;;
le;;
vouloir;;
0;;
on;;
en;;
écrasait;;
.;;
Pouah;;
!;;
Annou;PER;
en;;
avait;;
déjà;;
tué;;
beaucoup;;
";";;
mais;;
plus;;
elle;;
en;;
tuait;;
0;;
plus;;
il;;
en;;
venait;;
.;;
Elles;;
arrivaient;;
par;;
le;;
trou;;
de;;
l';;
évier;;
0;;
on;;
boucha;;
le;;
trou;;
de;;
l';;
évier;;
";";;
mais;;
le;;
lendemain;;
soir;;
elles;;
revinrent;;
par;;
un;;
autre;;
endroit;;
0;;
on;;
ne;;
sait;;
d';;
où;;
.;;
Il;;
fallut;;
avoir;;
un;;
chat;;
exprès;;
pour;;
les;;
tuer;;
0;;
et;;
toutes;;
les;;
nuits;;
c';;
était;;
dans;;
la;;
cuisine;;
une;;
effroyable;;
boucherie;;
.;;
"
";;
Les;;
babarottes;;
me;;
firent;;
haïr;;
Lyon;LOC;loc.adm.town
dés;;
le;;
premier;;
soir;;
.;;
Le;;
lendemain;;
0;;
ce;;
fut;;
bien;;
pis;;
.;;
Il;;
fallait;;
prendre;;
des;;
habitudes;;
nouvelles;;
";";;
les;;
heures;;
des;;
repas;;
étaient;;
changées;;
...;;
Les;;
pains;;
n';;
avaient;;
pas;;
la;;
même;;
forme;;
que;;
chez;;
nous;;
.;;
On;;
les;;
appelait;;
des;;
«;;
couronnes;;
»;;
.;;
En;;
voilà;;
un;;
nom;;
!;;
"
";;
Chez;;
les;;
bouchers;;
0;;
quand;;
la;PER;
vieille;PER;
Annou;PER;
demandait;;
une;;
carbonade;;
0;;
l';;
étalier;;
lui;;
riait;;
au;;
nez;;
";";;
il;;
ne;;
savait;;
pas;;
ce;;
que;;
c';;
était;;
une;;
«;;
carbonade;;
»;;
0;;
ce;;
sauvage;;
!;;
...;;
Ah;;
!;;
je;;
me;;
suis;;
bien;;
ennuyé;;
.;;
"
";;
Le;;
dimanche;;
0;;
pour;;
nous;;
égayer;;
un;;
peu;;
0;;
nous;;
allions;;
nous;;
promener;;
en;;
famille;;
sur;;
les;;
quais;;
du;;
Rhône;LOC;loc.phys.hydro
0;;
avec;;
des;;
parapluies;;
.;;
Instinctivement;;
nous;;
nous;;
dirigions;;
toujours;;
vers;;
le;LOC;loc.adm.reg
Midi;LOC;loc.adm.reg
0;;
du;;
côté;;
de;;
Perrache;LOC;loc.adm.town
.;;
«;;
Il;;
me;;
semble;;
que;;
cela;;
nous;;
rapproche;;
du;;
pays;;
»;;
0;;
disait;;
ma;;
mère;;
0;;
qui;;
languissait;;
encore;;
plus;;
que;;
moi;;
...;;
Ces;;
promenades;;
de;;
famille;;
étaient;;
lugubres;;
.;;
M.;PER;
Eyssette;PER;
grondait;;
.;;
Jacques;PER;
pleurait;;
tout;;
le;;
temps;;
0;;
moi;;
je;;
me;;
tenais;;
toujours;;
derrière;;
";";;
je;;
ne;;
sais;;
pas;;
pourquoi;;
0;;
j';;
avais;;
honte;;
d';;
être;;
dans;;
la;;
rue;;
0;;
sans;;
douté;;
parce;;
que;;
nous;;
étions;;
pauvres;;
.;;
"
";;
Au;;
bout;;
d';;
un;;
mois;;
0;;
la;PER;
vieille;PER;
Annou;PER;
tomba;;
malade;;
.;;
"
";;
Les;;
brouillards;;
la;;
tuaient;;
";";;
on;;
dut;;
la;;
renvoyer;;
dans;;
le;LOC;loc.adm.reg
Midi;LOC;loc.adm.reg
.;;
Cette;;
pauvre;;
fille;;
0;;
qui;;
aimait;;
ma;;
mère;;
à;;
la;;
passion;;
0;;
ne;;
pouvait;;
pas;;
se;;
décider;;
à;;
nous;;
quitter;;
.;;
Elle;;
suppliait;;
qu';;
on;;
la;;
gardât;;
0;;
promettant;;
de;;
ne;;
pas;;
mourir;;
.;;
Il;;
fallut;;
l';;
embarquer;;
de;;
force;;
.;;
Arrivée;;
dans;;
le;LOC;loc.adm.reg
Midi;LOC;loc.adm.reg
0;;
elle;;
s';;
y;;
maria;;
de;;
désespoir;;
?;;
.;;
"
";;
Annou;PER;
partie;;
0;;
on;;
ne;;
prit;;
pas;;
de;;
nouvelle;;
bonne;;
0;;
ce;;
qui;;
me;;
parut;;
le;;
comble;;
de;;
la;;
misère;;
...;;
La;;
femme;;
du;;
concierge;;
montait;;
faire;;
le;;
gros;;
ouvrage;;
";";;
ma;;
mère;;
0;;
au;;
feu;;
des;;
fourneaux;;
0;;
calcinait;;
ses;;
belles;;
mains;;
blanches;;
que;;
j';;
aimais;;
tant;;
embrasser;;
";";;
quant;;
aux;;
provisions;;
0;;
c';;
est;;
Jacques;PER;
qui;;
les;;
faisait;;
.;;
On;;
lui;;
mettait;;
un;;
grand;;
panier;;
sous;;
le;;
bras;;
0;;
en;;
lui;;
disant;;
:;;
«;;
Tu;;
achèteras;;
ça;;
et;;
ça;;
»;;
";";;
et;;
il;;
achetait;;
ça;;
et;;
ça;;
très;;
bien;;
0;;
toujours;;
en;;
pleurant;;
0;;
par;;
exemple;;
.;;
"
";;
Pauvre;;
Jacques;PER;
!;;
il;;
n';;
était;;
pas;;
heureux;;
0;;
lui;;
non;;
plus;;
.;;
"
";;
M.;PER;
Eyssette;PER;
0;;
de;;
le;;
voir;;
éternellement;;
la;;
larme;;
à;;
l';;
œil;;
0;;
avait;;
fini;;
par;;
le;;
prendre;;
en;;
grippe;;
et;;
l';;
abreuvait;;
de;;
taloches;;
...;;
On;;
entendait;;
tout;;
le;;
jour;;
:;;
«;;
Jacques;PER;
0;;
tu;;
es;;
un;;
butor;;
!;;
Jacques;PER;
0;;
tu;;
es;;
un;;
âne;;
!;;
»;;
Le;;
fait;;
est;;
que;;
0;;
lorsque;;
son;;
père;;
était;;
là;;
0;;
le;;
malheureux;;
Jacques;PER;
perdait;;
tous;;
ses;;
moyens;;
.;;
Les;;
efforts;;
qu';;
il;;
faisait;;
pour;;
retenir;;
ses;;
larmes;;
le;;
rendaient;;
laid;;
.;;
M.;PER;
Eyssette;PER;
lui;;
portait;;
malheur;;
.;;
Écoutez;;
la;;
scène;;
de;;
la;;
cruche;;
:;;
"
";;
Un;;
soir;;
0;;
au;;
moment;;
de;;
se;;
mettre;;
à;;
table;;
0;;
on;;
s';;
aperçoit;;
qu';;
il;;
n';;
y;;
a;;
plus;;
une;;
goutte;;
d';;
eau;;
dans;;
la;;
maison;;
.;;
"
";;
«;;
Si;;
vous;;
voulez;;
0;;
j';;
irai;;
en;;
chercher;;
»;;
0;;
dit;;
ce;;
bon;;
enfant;;
de;;
Jacques;PER;
.;;
Et;;
le;;
voilà;;
qui;;
prend;;
la;;
cruche;;
0;;
une;;
grosse;;
cruche;;
de;;
grès;;
.;;
"
";;
M.;PER;
Eyssette;PER;
hausse;;
les;;
épaules;;
:;;
«;;
Si;;
c';;
est;;
Jacques;PER;
qui;;
y;;
va;;
";";;
dit;;
-il;;
0;;
la;;
cruche;;
est;;
cassée;;
0;;
c';;
est;;
sûr;;
.;;
"
";;
–;;
Tu;;
entends;;
0;;
Jacques;PER;
0;;
--;;
c';;
est;;
Mme;PER;
Eyssette;PER;
qui;;
parle;;
avec;;
sa;;
voix;;
tranquille;;
--;;
tu;;
entends;;
0;;
ne;;
la;;
casse;;
pas;;
0;;
fais;;
bien;;
attention;;
.;;
»;;
"
";;
M.;PER;
Eyssette;PER;
reprend;;
:;;
"
";;
«;;
Oh;;
!;;
tu;;
as;;
beau;;
lui;;
dire;;
de;;
ne;;
pas;;
la;;
casser;;
0;;
il;;
la;;
cassera;;
tout;;
de;;
même;;
.;;
»;;
Ici;;
0;;
la;;
voix;;
éplorée;;
de;;
Jacques;PER;
:;;
«;;
Mais;;
enfin;;
0;;
pourquoi;;
voulez;;
-vous;;
que;;
je;;
la;;
casse;;
?;;
"
";;
–;;
Je;;
ne;;
veux;;
pas;;
que;;
tu;;
la;;
casses;;
0;;
je;;
te;;
dis;;
que;;
tu;;
la;;
casseras;;
»;;
0;;
répond;;
M.;PER;
Eyssette;PER;
0;;
et;;
d';;
un;;
ton;;
qui;;
n';;
admet;;
pas;;
de;;
réplique;;
.;;
"
";;
Jacques;PER;
ne;;
réplique;;
pas;;
";";;
il;;
prend;;
la;;
cruche;;
d';;
une;;
main;;
fiévreuse;;
et;;
sort;;
brusquement;;
avec;;
l';;
air;;
de;;
dire;;
:;;
"
";;
«;;
Ah;;
!;;
je;;
la;;
casserai;;
?;;
Eh;;
bien;;
0;;
nous;;
allons;;
voir;;
.;;
»;;
Cinq;;
minutes;;
0;;
dix;;
minutes;;
se;;
passent;;
";";;
Jacques;PER;
ne;;
revient;;
pas;;
.;;
Mme;PER;
Eyssette;PER;
commence;;
à;;
se;;
tourmenter;;
:;;
"
";;
«;;
Pourvu;;
qu';;
il;;
ne;;
lui;;
soit;;
rien;;
arrivé;;
!;;
--;;
Parbleu;;
!;;
que;;
veux;;
0;;
tu;;
qu';;
il;;
lui;;
soit;;
arrivé;;
?;;
dit;;
M.;PER;
Eyssette;PER;
d';;
un;;
ton;;
bourru;;
.;;
Il;;
a;;
cassé;;
la;;
cruche;;
et;;
n';;
ose;;
plus;;
rentrer;;
.;;
»;;
Mais;;
tout;;
en;;
disant;;
cela;;
--;;
avec;;
son;;
air;;
bourru;;
0;;
c';;
était;;
le;;
meilleur;;
homme;;
du;;
monde;;
--;;
0;;
il;;
se;;
lève;;
et;;
va;;
ouvrir;;
la;;
porte;;
pour;;
voir;;
un;;
peu;;
ce;;
que;;
Jacques;PER;
était;;
devenu;;
.;;
Il;;
n';;
a;;
pas;;
loin;;
à;;
aller;;
";";;
Jacques;PER;
est;;
debout;;
sur;;
le;;
palier;;
0;;
devant;;
la;;
porte;;
0;;
les;;
mains;;
vides;;
0;;
silencieux;;
0;;
pétrifié;;
.;;
En;;
voyant;;
M.;PER;
Eyssette;PER;
0;;
il;;
pâlit;;
0;;
et;;
d';;
une;;
voix;;
navrante;;
et;;
faible;;
0;;
oh;;
!;;
si;;
faible;;
:;;
«;;
Je;;
l';;
ai;;
cassée;;
»;;
0;;
dit;;
-il;;
...;;
Il;;
l';;
avait;;
cassée;;
!;;
...;;
"
";;
Dans;;
les;;
archives;;
de;;
la;;
maison;LOC;loc.adm.town
Eyssette;;
0;;
nous;;
appelons;;
cela;;
«;;
la;;
scène;;
de;;
la;;
cruche;;
»;;
.;;
"
";;
Il;;
y;;
avait;;
environ;;
deux;;
mois;;
que;;
nous;;
étions;;
à;;
Lyon;LOC;loc.adm.town
0;;
lorsque;;
nos;;
parents;;
songèrent;;
à;;
nos;;
études;;
.;;
"
";;
Mon;;
père;;
aurait;;
bien;;
voulu;;
nous;;
mettre;;
au;;
collège;;
0;;
mais;;
c';;
était;;
trop;;
cher;;
.;;
«;;
Si;;
nous;;
les;;
envoyions;;
dans;;
une;;
manécanterie;;
?;;
dit;;
Mme;PER;
Eyssette;PER;
";";;
il;;
paraît;;
que;;
les;;
enfants;;
y;;
sont;;
bien;;
.;;
»;;
Cette;;
idée;;
sourit;;
à;;
mon;;
père;;
0;;
et;;
comme;;
Saint-Nizier;LOC;loc.fac
était;;
l';;
église;;
la;;
plus;;
proche;;
0;;
on;;
nous;;
envoya;;
à;;
la;;
manécanterie;;
de;;
Saint-Nizier;;
.;;
"
";;
C';;
était;;
très;;
amusant;;
0;;
la;;
manécanterie;;
!;;
Au;;
lieu;;
de;;
nous;;
bourrer;;
la;;
tête;;
de;;
grec;;
et;;
de;;
latin;;
comme;;
dans;;
les;;
autres;;
institutions;;
0;;
on;;
nous;;
apprenait;;
à;;
servir;;
la;;
messe;;
du;;
grand;;
et;;
du;;
petit;;
côté;;
0;;
à;;
chanter;;
les;;
antiennes;;
0;;
à;;
faire;;
des;;
génuflexions;;
0;;
à;;
encenser;;
élégamment;;
0;;
ce;;
qui;;
est;;
très;;
difficile;;
.;;
Il;;
y;;
avait;;
bien;;
par;;
0;;
ci;;
par;;
-là;;
0;;
quelques;;
heures;;
dans;;
le;;
jour;;
consacrées;;
aux;;
déclinaisons;;
et;;
à;;
l';;
Épitomé;MISC;
mais;;
ceci;;
n';;
était;;
qu';;
accessoire;;
.;;
Avant;;
tout;;
0;;
nous;;
étions;;
là;;
pour;;
le;;
service;;
de;;
l';;
église;;
.;;
Au;;
moins;;
une;;
fois;;
par;;
semaine;;
0;;
l';PER;
abbé;PER;
Micou;PER;
nous;;
disait;;
entre;;
deux;;
prisés;;
et;;
d';;
un;;
air;;
solennel;;
:;;
«;;
Demain;;
0;;
messieurs;;
0;;
pas;;
de;;
classe;;
du;;
matin;;
!;;
Nous;;
sommes;;
d';;
enterrement;;
.;;
»;;
Nous;;
étions;;
d';;
enterrement;;
.;;
Quel;;
bonheur;;
!;;
Puis;;
c';;
étaient;;
des;;
baptêmes;;
0;;
des;;
mariages;;
0;;
une;;
visite;;
de;;
monseigneur;;
0;;
le;;
viatique;;
qu';;
on;;
portait;;
à;;
un;;
malade;;
.;;
"
";;
Oh;;
!;;
le;;
viatique;;
!;;
comme;;
on;;
était;;
fier;;
quand;;
on;;
pouvait;;
l';;
accompagner;;
!;;
...;;
Sous;;
un;;
petit;;
dais;;
de;;
velours;;
rouge;;
0;;
marchait;;
le;;
prêtre;;
0;;
portant;;
l';;
hostie;;
et;;
les;;
saintes;;
huiles;;
.;;
Deux;;
enfants;;
de;;
chœur;;
soutenaient;;
le;;
dais;;
0;;
deux;;
autres;;
l';;
escortaient;;
avec;;
de;;
gros;;
falots;;
dorés;;
.;;
Un;;
cinquième;;
marchait;;
devant;;
0;;
en;;
agitant;;
une;;
crécelle;;
.;;
D';;
ordinaire;;
0;;
c';;
étaient;;
mes;;
fonctions;;
...;;
Sur;;
le;;
passage;;
du;;
viatique;;
0;;
les;;
hommes;;
se;;
découvraient;;
0;;
les;;
femmes;;
se;;
signaient;;
.;;
Quand;;
on;;
passait;;
devant;;
un;;
poste;;
0;;
la;;
sentinelle;;
criait;;
:;;
Aux;;
armes;;
!;;
»;;
les;;
soldats;;
accouraient;;
et;;
se;;
mettaient;;
en;;
rang;;
.;;
«;;
Présentez;;
...;;
armes;;
!;;
genou;;
terre;;
!;;
»;;
disait;;
l';;
officier;;
...;;
Les;;
fusils;;
sonnaient;;
0;;
le;;
tambour;;
battait;;
aux;;
champs;;
.;;
J';;
agitais;;
ma;;
crécelle;;
par;;
trois;;
fois;;
0;;
comme;;
au;;
Sanctus;MISC;
0;;
et;;
nous;;
passions;;
.;;
C';;
était;;
très;;
amusant;;
la;;
manécanterie;;
.;;
"
";;
Chacun;;
de;;
nous;;
avait;;
dans;;
une;;
petite;;
armoire;;
un;;
fourniment;;
complet;;
d';;
ecclésiastique;;
:;;
une;;
soutane;;
noire;;
avec;;
une;;
longue;;
queue;;
0;;
une;;
aube;;
0;;
un;;
surplis;;
à;;
grandes;;
manches;;
roides;;
d';;
empois;;
0;;
des;;
bas;;
de;;
soie;;
noire;;
0;;
deux;;
calottes;;
0;;
l';;
une;;
en;;
drap;;
0;;
l';;
autre;;
en;;
velours;;
0;;
des;;
rabats;;
bordés;;
de;;
petites;;
perles;;
blanches;;
0;;
tout;;
ce;;
qu';;
il;;
fallait;;
.;;
"
";;
Il;;
paraît;;
que;;
ce;;
costume;;
m';;
allait;;
très;;
bien;;
:;;
«;;
Il;;
est;;
à;;
croquer;;
là;;
0;;
dessous;;
»;;
0;;
disait;;
Mme;PER;
Eyssette;PER;
.;;
"
";;
Malheureusement;;
j';;
étais;;
très;;
petit;;
0;;
et;;
cela;;
me;;
désespérait;;
.;;
Figurez;;
-vous;;
que;;
0;;
même;;
en;;
me;;
haussant;;
0;;
je;;
ne;;
montais;;
guère;;
plus;;
haut;;
que;;
les;;
bas;;
blancs;;
de;;
M.;PER;
Caduffe;PER;
0;;
notre;;
suisse;LOC;
0;;
et;;
puis;;
si;;
frêle;;
!;;
Une;;
fois;;
0;;
à;;
la;;
messe;;
0;;
en;;
changeant;;
les;;
Évangiles;MISC;
de;MISC;
place;MISC;
0;;
le;;
gros;;
livre;;
était;;
si;;
lourd;;
qu';;
il;;
m';;
entraîna;;
.;;
Je;;
tombai;;
de;;
tout;;
mon;;
long;;
sur;;
les;;
marches;;
de;;
l';;
autel;;
.;;
Le;;
pupitre;;
fut;;
brisé;;
0;;
le;;
service;;
interrompu;;
0;;
C';MISC;
était;MISC;
un;MISC;
jour;MISC;
de;MISC;
Pentecôte;MISC;
.;;
Quel;;
scandale;;
!;;
...;;
À;;
part;;
ces;;
légers;;
inconvénients;;
de;;
ma;;
petite;;
taille;;
0;;
j';;
étais;;
très;;
content;;
de;;
mon;;
sort;;
0;;
et;;
souvent;;
le;;
soir;;
0;;
en;;
nous;;
couchant;;
0;;
Jacques;PER;
et;;
moi;;
0;;
nous;;
nous;;
disions;;
:;;
«;;
En;;
somme;;
0;;
c';;
est;;
très;;
amusant;;
la;;
manécanterie;;
.;;
»;;
Par;;
malheur;;
0;;
nous;;
n';;
y;;
restâmes;;
pas;;
longtemps;;
.;;
Un;;
ami;;
de;;
la;;
famille;;
0;;
recteur;;
d';;
université;;
dans;;
le;;
Midi;LOC;
0;;
écrivit;;
un;;
jour;;
à;;
mon;;
père;;
que;;
s';;
il;;
voulait;;
une;;
bourse;;
d';;
externe;;
au;;
collège;LOC;
de;LOC;
Lyon;LOC;
pour;;
un;;
de;;
ses;;
fils;;
0;;
on;;
pourrait;;
lui;;
en;;
avoir;;
une;;
.;;
"
";;
«;;
Ce;;
sera;;
pour;;
Daniel;PER;
0;;
dit;;
M.;PER;
Eyssette;PER;
.;;
"
";;
–;;
Et;;
Jacques;PER;
?;;
dit;;
ma;;
mère;;
.;;
"
";;
–;;
Oh;MISC;
!;MISC;
Jacques;;
!;;
Je;;
le;;
garde;;
avec;;
moi;;
";";;
il;;
me;;
sera;;
très;;
utile;;
.;;
D';;
ailleurs;;
0;;
je;;
m';;
aperçois;;
qu';;
il;;
a;;
du;;
goût;;
pour;;
le;;
commerce;;
.;;
Nous;;
en;;
ferons;;
un;;
négociant;;
.;;
»;;
De;;
bonne;;
foi;;
0;;
je;;
ne;;
sais;;
comment;;
0;;
M.;PER;
Eyssette;PER;
avait;;
pu;;
s';;
apercevoir;;
que;;
Jacques;PER;
avait;;
du;;
goût;;
pour;;
le;;
commerce;;
.;;
En;;
ce;;
temps;;
-là;;
0;;
le;;
pauvre;;
garçon;;
n';;
avait;;
du;;
goût;;
que;;
pour;;
les;;
larmes;;
0;;
et;;
si;;
